{
  "site": {
    "width_m": 1000.0,
    "height_m": 1000.0
  },
  "parcels": [
    {
      "id": "P001",
      "area_px": 7095.0,
      "centroid_norm": [
        0.07909825911733616,
        0.7649643234672304
      ],
      "polygon": [
        [
          7.8125,
          839.84375
        ],
        [
          85.9375,
          729.4921875
        ],
        [
          134.765625,
          645.5078125
        ],
        [
          133.7890625,
          636.71875
        ],
        [
          154.296875,
          590.8203125
        ],
        [
          123.046875,
          693.359375
        ],
        [
          120.1171875,
          719.7265625
        ],
        [
          71.2890625,
          835.9375
        ]
      ]
    },
    {
      "id": "P002",
      "area_px": 6400.0,
      "centroid_norm": [
        0.14092880249023437,
        0.7959762573242187
      ],
      "polygon": [
        [
          87.890625,
          834.9609375
        ],
        [
          126.953125,
          740.234375
        ],
        [
          184.5703125,
          773.4375
        ],
        [
          178.7109375,
          832.03125
        ]
      ]
    },
    {
      "id": "P003",
      "area_px": 147452.0,
      "centroid_norm": [
        0.6285004969307809,
        0.6791160547690944
      ],
      "polygon": [
        [
          888.671875,
          833.0078125
        ],
        [
          396.484375,
          832.03125
        ],
        [
          447.265625,
          463.8671875
        ],
        [
          450.1953125,
          460.9375
        ],
        [
          457.03125,
          460.9375
        ],
        [
          508.7890625,
          475.5859375
        ],
        [
          521.484375,
          483.3984375
        ],
        [
          553.7109375,
          493.1640625
        ],
        [
          570.3125,
          493.1640625
        ],
        [
          813.4765625,
          563.4765625
        ],
        [
          821.2890625,
          572.265625
        ],
        [
          895.5078125,
          794.921875
        ],
        [
          895.5078125,
          812.5
        ]
      ]
    },
    {
      "id": "P004",
      "area_px": 5191.0,
      "centroid_norm": [
        0.9396632618353882,
        0.7486876324407629
      ],
      "polygon": [
        [
          993.1640625,
          833.0078125
        ],
        [
          955.078125,
          833.0078125
        ],
        [
          873.046875,
          585.9375
        ]
      ]
    },
    {
      "id": "P005",
      "area_px": 73780.0,
      "centroid_norm": [
        0.3117804436542762,
        0.6248130527412579
      ],
      "polygon": [
        [
          209.9609375,
          832.03125
        ],
        [
          214.84375,
          718.75
        ],
        [
          221.6796875,
          692.3828125
        ],
        [
          235.3515625,
          661.1328125
        ],
        [
          241.2109375,
          632.8125
        ],
        [
          241.2109375,
          589.84375
        ],
        [
          234.375,
          558.59375
        ],
        [
          223.6328125,
          528.3203125
        ],
        [
          223.6328125,
          505.859375
        ],
        [
          250.0,
          406.25
        ],
        [
          253.90625,
          403.3203125
        ],
        [
          288.0859375,
          413.0859375
        ],
        [
          299.8046875,
          420.8984375
        ],
        [
          316.40625,
          425.78125
        ],
        [
          342.7734375,
          428.7109375
        ],
        [
          417.96875,
          450.1953125
        ],
        [
          422.8515625,
          458.0078125
        ],
        [
          373.046875,
          832.03125
        ]
      ]
    },
    {
      "id": "P006",
      "area_px": 3867.0,
      "centroid_norm": [
        0.1927568205327127,
        0.6320114510602535
      ],
      "polygon": [
        [
          162.109375,
          698.2421875
        ],
        [
          200.1953125,
          549.8046875
        ],
        [
          213.8671875,
          595.703125
        ],
        [
          214.84375,
          615.234375
        ],
        [
          210.9375,
          642.578125
        ],
        [
          200.1953125,
          667.96875
        ],
        [
          186.5234375,
          685.546875
        ],
        [
          175.78125,
          693.359375
        ]
      ]
    },
    {
      "id": "P012",
      "area_px": 63130.0,
      "centroid_norm": [
        0.613437843413393,
        0.37583580941608585
      ],
      "polygon": [
        [
          800.78125,
          519.53125
        ],
        [
          795.8984375,
          520.5078125
        ],
        [
          460.9375,
          424.8046875
        ],
        [
          451.171875,
          399.4140625
        ],
        [
          476.5625,
          216.796875
        ],
        [
          725.5859375,
          324.21875
        ],
        [
          740.234375,
          324.21875
        ],
        [
          802.734375,
          509.765625
        ]
      ]
    },
    {
      "id": "P013",
      "area_px": 32936.0,
      "centroid_norm": [
        0.37036008281212046,
        0.29467554025230747
      ],
      "polygon": [
        [
          416.9921875,
          411.1328125
        ],
        [
          267.578125,
          370.1171875
        ],
        [
          259.765625,
          365.234375
        ],
        [
          349.609375,
          163.0859375
        ],
        [
          457.03125,
          208.984375
        ],
        [
          431.640625,
          396.484375
        ]
      ]
    }
  ]
}