{
  "site": {
    "width_m": 1000.0,
    "height_m": 1000.0
  },
  "parcels": [
    {
      "id": "P001",
      "area_px": 235277.0,
      "centroid_norm": [
        0.7141104720446537,
        0.6037372138744969
      ],
      "polygon": [
        [
          853.515625,
          936.5234375
        ],
        [
          479.4921875,
          865.234375
        ],
        [
          621.09375,
          193.359375
        ],
        [
          626.953125,
          189.453125
        ],
        [
          664.0625,
          202.1484375
        ],
        [
          696.2890625,
          229.4921875
        ],
        [
          941.40625,
          462.890625
        ]
      ]
    },
    {
      "id": "P003",
      "area_px": 145278.0,
      "centroid_norm": [
        0.2174549411838854,
        0.3283502080386397
      ],
      "polygon": [
        [
          57.6171875,
          865.234375
        ],
        [
          127.9296875,
          122.0703125
        ],
        [
          139.6484375,
          41.015625
        ],
        [
          295.8984375,
          21.484375
        ],
        [
          440.4296875,
          7.8125
        ],
        [
          506.8359375,
          61.5234375
        ],
        [
          506.8359375,
          67.3828125
        ],
        [
          526.3671875,
          84.9609375
        ],
        [
          500.0,
          95.703125
        ],
        [
          449.21875,
          123.046875
        ],
        [
          382.8125,
          169.921875
        ],
        [
          318.359375,
          233.3984375
        ],
        [
          269.53125,
          301.7578125
        ],
        [
          242.1875,
          355.46875
        ],
        [
          216.796875,
          432.6171875
        ],
        [
          157.2265625,
          831.0546875
        ],
        [
          119.140625,
          827.1484375
        ],
        [
          110.3515625,
          865.234375
        ]
      ]
    },
    {
      "id": "P004",
      "area_px": 41555.0,
      "centroid_norm": [
        0.3501126378068223,
        0.75530586816418
      ],
      "polygon": [
        [
          450.1953125,
          859.375
        ],
        [
          244.140625,
          820.3125
        ],
        [
          238.28125,
          816.40625
        ],
        [
          224.609375,
          799.8046875
        ],
        [
          222.65625,
          782.2265625
        ],
        [
          242.1875,
          655.2734375
        ],
        [
          484.375,
          695.3125
        ]
      ]
    },
    {
      "id": "P005",
      "area_px": 5580.0,
      "centroid_norm": [
        0.38622486839157705,
        0.3592965949820789
      ],
      "polygon": [
        [
          207.03125,
          841.796875
        ],
        [
          189.453125,
          817.3828125
        ],
        [
          238.28125,
          487.3046875
        ],
        [
          251.953125,
          420.8984375
        ],
        [
          281.25,
          345.703125
        ],
        [
          300.78125,
          310.546875
        ],
        [
          333.0078125,
          264.6484375
        ],
        [
          355.46875,
          238.28125
        ],
        [
          407.2265625,
          189.453125
        ],
        [
          450.1953125,
          158.203125
        ],
        [
          496.09375,
          130.859375
        ],
        [
          538.0859375,
          111.328125
        ],
        [
          558.59375,
          113.28125
        ],
        [
          605.46875,
          152.34375
        ],
        [
          603.515625,
          156.25
        ],
        [
          542.96875,
          136.71875
        ],
        [
          512.6953125,
          135.7421875
        ],
        [
          485.3515625,
          142.578125
        ],
        [
          457.03125,
          158.203125
        ],
        [
          406.25,
          194.3359375
        ],
        [
          354.4921875,
          243.1640625
        ],
        [
          306.640625,
          304.6875
        ],
        [
          279.296875,
          353.515625
        ],
        [
          263.671875,
          390.625
        ],
        [
          246.09375,
          453.125
        ],
        [
          197.265625,
          780.2734375
        ],
        [
          197.265625,
          796.875
        ],
        [
          201.171875,
          810.546875
        ],
        [
          207.03125,
          821.2890625
        ],
        [
          226.5625,
          838.8671875
        ],
        [
          224.609375,
          844.7265625
        ]
      ]
    },
    {
      "id": "P006",
      "area_px": 120019.0,
      "centroid_norm": [
        0.42184219269449,
        0.430790873476283
      ],
      "polygon": [
        [
          246.09375,
          636.71875
        ],
        [
          269.53125,
          465.8203125
        ],
        [
          281.25,
          419.921875
        ],
        [
          308.59375,
          353.515625
        ],
        [
          352.5390625,
          285.15625
        ],
        [
          375.9765625,
          257.8125
        ],
        [
          422.8515625,
          213.8671875
        ],
        [
          465.8203125,
          182.6171875
        ],
        [
          498.046875,
          164.0625
        ],
        [
          527.34375,
          158.203125
        ],
        [
          586.9140625,
          175.78125
        ],
        [
          591.796875,
          181.640625
        ],
        [
          488.28125,
          676.7578125
        ]
      ]
    }
  ]
}