{
  "site": {
    "width_m": 1000.0,
    "height_m": 1000.0
  },
  "parcels": [
    {
      "id": "P001",
      "area_px": 3268.0,
      "centroid_norm": [
        0.36999227834302323,
        0.9520079894048348
      ],
      "polygon": [
        [
          338.8671875,
          982.421875
        ],
        [
          331.0546875,
          966.796875
        ],
        [
          333.984375,
          953.125
        ],
        [
          329.1015625,
          949.21875
        ],
        [
          333.984375,
          944.3359375
        ],
        [
          360.3515625,
          932.6171875
        ],
        [
          406.25,
          924.8046875
        ],
        [
          430.6640625,
          914.0625
        ],
        [
          445.3125,
          912.109375
        ],
        [
          417.96875,
          921.875
        ],
        [
          404.296875,
          932.6171875
        ],
        [
          397.4609375,
          942.3828125
        ],
        [
          398.4375,
          959.9609375
        ],
        [
          377.9296875,
          978.515625
        ],
        [
          349.609375,
          978.515625
        ]
      ]
    },
    {
      "id": "P002",
      "area_px": 155409.0,
      "centroid_norm": [
        0.48186686898562825,
        0.7032571550614025
      ],
      "polygon": [
        [
          312.5,
          938.4765625
        ],
        [
          298.828125,
          907.2265625
        ],
        [
          281.25,
          895.5078125
        ],
        [
          285.15625,
          851.5625
        ],
        [
          265.625,
          839.84375
        ],
        [
          264.6484375,
          834.9609375
        ],
        [
          251.953125,
          821.2890625
        ],
        [
          248.046875,
          809.5703125
        ],
        [
          230.46875,
          789.0625
        ],
        [
          236.328125,
          777.34375
        ],
        [
          233.3984375,
          759.765625
        ],
        [
          257.8125,
          732.421875
        ],
        [
          269.53125,
          690.4296875
        ],
        [
          297.8515625,
          634.765625
        ],
        [
          326.171875,
          633.7890625
        ],
        [
          341.796875,
          617.1875
        ],
        [
          343.75,
          599.609375
        ],
        [
          350.5859375,
          583.984375
        ],
        [
          369.140625,
          580.078125
        ],
        [
          394.53125,
          550.78125
        ],
        [
          403.3203125,
          549.8046875
        ],
        [
          408.203125,
          539.0625
        ],
        [
          422.8515625,
          528.3203125
        ],
        [
          426.7578125,
          518.5546875
        ],
        [
          426.7578125,
          492.1875
        ],
        [
          440.4296875,
          464.84375
        ],
        [
          441.40625,
          438.4765625
        ],
        [
          433.59375,
          430.6640625
        ],
        [
          438.4765625,
          417.96875
        ],
        [
          438.4765625,
          407.2265625
        ],
        [
          441.40625,
          405.2734375
        ],
        [
          441.40625,
          394.53125
        ],
        [
          446.2890625,
          391.6015625
        ],
        [
          446.2890625,
          387.6953125
        ],
        [
          450.1953125,
          388.671875
        ],
        [
          446.2890625,
          412.109375
        ],
        [
          456.0546875,
          414.0625
        ],
        [
          460.9375,
          410.15625
        ],
        [
          466.796875,
          380.859375
        ],
        [
          505.859375,
          378.90625
        ],
        [
          529.296875,
          394.53125
        ],
        [
          535.15625,
          403.3203125
        ],
        [
          523.4375,
          402.34375
        ],
        [
          519.53125,
          409.1796875
        ],
        [
          521.484375,
          416.9921875
        ],
        [
          534.1796875,
          415.0390625
        ],
        [
          532.2265625,
          428.7109375
        ],
        [
          523.4375,
          429.6875
        ],
        [
          523.4375,
          435.546875
        ],
        [
          529.296875,
          437.5
        ],
        [
          528.3203125,
          444.3359375
        ],
        [
          502.9296875,
          446.2890625
        ],
        [
          500.0,
          449.21875
        ],
        [
          500.0,
          465.8203125
        ],
        [
          493.1640625,
          471.6796875
        ],
        [
          484.375,
          471.6796875
        ],
        [
          470.703125,
          467.7734375
        ],
        [
          466.796875,
          455.078125
        ],
        [
          456.0546875,
          440.4296875
        ],
        [
          445.3125,
          442.3828125
        ],
        [
          445.3125,
          450.1953125
        ],
        [
          452.1484375,
          459.9609375
        ],
        [
          456.0546875,
          477.5390625
        ],
        [
          489.2578125,
          482.421875
        ],
        [
          489.2578125,
          491.2109375
        ],
        [
          502.9296875,
          489.2578125
        ],
        [
          500.0,
          497.0703125
        ],
        [
          495.1171875,
          499.0234375
        ],
        [
          493.1640625,
          525.390625
        ],
        [
          484.375,
          535.15625
        ],
        [
          484.375,
          550.78125
        ],
        [
          471.6796875,
          558.59375
        ],
        [
          470.703125,
          568.359375
        ],
        [
          481.4453125,
          569.3359375
        ],
        [
          486.328125,
          562.5
        ],
        [
          499.0234375,
          554.6875
        ],
        [
          499.0234375,
          537.109375
        ],
        [
          504.8828125,
          531.25
        ],
        [
          511.71875,
          531.25
        ],
        [
          509.765625,
          560.546875
        ],
        [
          531.25,
          570.3125
        ],
        [
          549.8046875,
          566.40625
        ],
        [
          563.4765625,
          529.296875
        ],
        [
          612.3046875,
          541.9921875
        ],
        [
          631.8359375,
          542.96875
        ],
        [
          637.6953125,
          538.0859375
        ],
        [
          637.6953125,
          534.1796875
        ],
        [
          648.4375,
          526.3671875
        ],
        [
          648.4375,
          516.6015625
        ],
        [
          642.578125,
          513.671875
        ],
        [
          641.6015625,
          507.8125
        ],
        [
          646.484375,
          501.953125
        ],
        [
          654.296875,
          503.90625
        ],
        [
          659.1796875,
          517.578125
        ],
        [
          657.2265625,
          528.3203125
        ],
        [
          661.1328125,
          537.109375
        ],
        [
          656.25,
          565.4296875
        ],
        [
          660.15625,
          581.0546875
        ],
        [
          689.453125,
          612.3046875
        ],
        [
          699.21875,
          627.9296875
        ],
        [
          708.0078125,
          629.8828125
        ],
        [
          732.421875,
          647.4609375
        ],
        [
          754.8828125,
          672.8515625
        ],
        [
          767.578125,
          682.6171875
        ],
