{
  "site": {
    "width_m": 1000.0,
    "height_m": 1000.0
  },
  "parcels": [
    {
      "id": "P001",
      "area_px": 295682.0,
      "centroid_norm": [
        0.5014473524079501,
        0.537072754153956
      ],
      "polygon": [
        [
          508.7890625,
          985.3515625
        ],
        [
          495.1171875,
          983.3984375
        ],
        [
          477.5390625,
          989.2578125
        ],
        [
          476.5625,
          983.3984375
        ],
        [
          487.3046875,
          944.3359375
        ],
        [
          469.7265625,
          933.59375
        ],
        [
          451.171875,
          929.6875
        ],
        [
          438.4765625,
          891.6015625
        ],
        [
          433.59375,
          888.671875
        ],
        [
          424.8046875,
          864.2578125
        ],
        [
          412.109375,
          851.5625
        ],
        [
          375.0,
          828.125
        ],
        [
          374.0234375,
          817.3828125
        ],
        [
          334.9609375,
          817.3828125
        ],
        [
          329.1015625,
          813.4765625
        ],
        [
          326.171875,
          778.3203125
        ],
        [
          331.0546875,
          769.53125
        ],
        [
          331.0546875,
          755.859375
        ],
        [
          335.9375,
          750.9765625
        ],
        [
          333.0078125,
          728.515625
        ],
        [
          326.171875,
          722.65625
        ],
        [
          317.3828125,
          706.0546875
        ],
        [
          307.6171875,
          658.203125
        ],
        [
          288.0859375,
          645.5078125
        ],
        [
          275.390625,
          618.1640625
        ],
        [
          274.4140625,
          608.3984375
        ],
        [
          269.53125,
          599.609375
        ],
        [
          266.6015625,
          548.828125
        ],
        [
          253.90625,
          534.1796875
        ],
        [
          250.9765625,
          504.8828125
        ],
        [
          247.0703125,
          490.234375
        ],
        [
          242.1875,
          486.328125
        ],
        [
          242.1875,
          473.6328125
        ],
        [
          235.3515625,
          465.8203125
        ],
        [
          227.5390625,
          444.3359375
        ],
        [
          219.7265625,
          435.546875
        ],
        [
          210.9375,
          432.6171875
        ],
        [
          209.9609375,
          423.828125
        ],
        [
          178.7109375,
          401.3671875
        ],
        [
          174.8046875,
          388.671875
        ],
        [
          166.9921875,
          382.8125
        ],
        [
          152.34375,
          363.28125
        ],
        [
          179.6875,
          321.2890625
        ],
        [
          214.84375,
          287.109375
        ],
        [
          244.140625,
          268.5546875
        ],
        [
          249.0234375,
          273.4375
        ],
        [
          257.8125,
          272.4609375
        ],
        [
          254.8828125,
          260.7421875
        ],
        [
          272.4609375,
          247.0703125
        ],
        [
          289.0625,
          218.75
        ],
        [
          294.921875,
          218.75
        ],
        [
          301.7578125,
          209.9609375
        ],
        [
          301.7578125,
          202.1484375
        ],
        [
          292.96875,
          197.265625
        ],
        [
          328.125,
          175.78125
        ],
        [
          378.90625,
          202.1484375
        ],
        [
          389.6484375,
          210.9375
        ],
        [
          397.4609375,
          210.9375
        ],
        [
          437.5,
          175.78125
        ],
        [
          448.2421875,
          182.6171875
        ],
        [
          447.265625,
          195.3125
        ],
        [
          455.078125,
          207.03125
        ],
        [
          459.9609375,
          230.46875
        ],
        [
          464.84375,
          233.3984375
        ],
        [
          466.796875,
          255.859375
        ],
        [
          483.3984375,
          279.296875
        ],
        [
          491.2109375,
          308.59375
        ],
        [
          497.0703125,
          316.40625
        ],
        [
          488.28125,
          336.9140625
        ],
        [
          488.28125,
          348.6328125
        ],
        [
          483.3984375,
          358.3984375
        ],
        [
          478.515625,
          382.8125
        ],
        [
          420.8984375,
          380.859375
        ],
        [
          422.8515625,
          329.1015625
        ],
        [
          412.109375,
          327.1484375
        ],
        [
          409.1796875,
          330.078125
        ],
        [
          405.2734375,
          394.53125
        ],
        [
          461.9140625,
          397.4609375
        ],
        [
          461.9140625,
          444.3359375
        ],
        [
          464.84375,
          449.21875
        ],
        [
          488.28125,
          461.9140625
        ],
        [
          500.0,
          474.609375
        ],
        [
          501.953125,
          483.3984375
        ],
        [
          543.9453125,
          484.375
        ],
        [
          557.6171875,
          572.265625
        ],
        [
          561.5234375,
          576.171875
        ],
        [
          583.0078125,
          578.125
        ],
        [
          582.03125,
          559.5703125
        ],
        [
          568.359375,
          488.28125
        ],
        [
          572.265625,
          426.7578125
        ],
        [
          582.03125,
          383.7890625
        ],
        [
          603.515625,
          345.703125
        ],
        [
          619.140625,
          334.9609375
        ],
        [
          644.53125,
          305.6640625
        ],
        [
          709.9609375,
          242.1875
        ],
        [
          728.515625,
          255.859375
        ],
        [
          759.765625,
          292.96875
        ],
        [
          776.3671875,
          333.984375
        ],
        [
          792.96875,
          364.2578125
        ],
        [
          793.9453125,
          399.4140625
        ],
        [
          785.15625,
          404.296875
        ],
        [
          778.3203125,
          413.0859375
        ],
        [
          778.3203125,
          421.875
        ],
        [
          790.0390625,
          421.875
        ],
        [
          794.921875,
          425.78125
        ],
        [
          795.8984375,
          484.375
        ],
        [
          855.46875,
          520.5078125
        ],
        [
          821.2890625,
          572.265625
        ],
        [
          812.5,
          596.6796875
        ],
        [
          776.3671875,
          639.6484375
        ],
        [
          755.859375,
          672.8515625
        ],
        [
          748.046875,
          701.171875
        ],
        [
          697.265625,
          763.671875
        ],
        [
          687.5,
          763.671875
        ],
        [
          666.015625,
          779.296875
        ],
        [
          661.1328125,
          777.34375
        ],
        [
          662.109375,
          769.53125
        ],
        [
          658.203125,
          766.6015625
        ],
        [
          635.7421875,
          766.6015625
        ],
        [
          594.7265625,
          808.59375
        ],
        [
          566.40625,
          842.7734375
        ],
        [
