{
  "site": {
    "width_m": 1000.0,
    "height_m": 1000.0
  },
  "parcels": [
    {
      "id": "P001",
      "area_px": 6242.0,
      "centroid_norm": [
        0.41302085419336754,
        0.8653978655178629
      ],
      "polygon": [
        [
          403.3203125,
          991.2109375
        ],
        [
          382.8125,
          968.75
        ],
        [
          387.6953125,
          960.9375
        ],
        [
          387.6953125,
          948.2421875
        ],
        [
          373.046875,
          918.9453125
        ],
        [
          376.953125,
          906.25
        ],
        [
          390.625,
          892.578125
        ],
        [
          393.5546875,
          863.28125
        ],
        [
          416.9921875,
          834.9609375
        ],
        [
          424.8046875,
          817.3828125
        ],
        [
          438.4765625,
          743.1640625
        ],
        [
          435.546875,
          707.03125
        ],
        [
          456.0546875,
          687.5
        ],
        [
          448.2421875,
          699.21875
        ],
        [
          450.1953125,
          738.28125
        ],
        [
          437.5,
          825.1953125
        ],
        [
          419.921875,
          857.421875
        ],
        [
          418.9453125,
          884.765625
        ],
        [
          409.1796875,
          899.4140625
        ],
        [
          407.2265625,
          924.8046875
        ],
        [
          416.015625,
          957.03125
        ]
      ]
    },
    {
      "id": "P030",
      "area_px": 9226.0,
      "centroid_norm": [
        0.2666246375731628,
        0.6269797989377845
      ],
      "polygon": [
        [
          324.21875,
          668.9453125
        ],
        [
          310.546875,
          676.7578125
        ],
        [
          288.0859375,
          677.734375
        ],
        [
          274.4140625,
          685.546875
        ],
        [
          267.578125,
          676.7578125
        ],
        [
          268.5546875,
          664.0625
        ],
        [
          254.8828125,
          642.578125
        ],
        [
          238.28125,
          640.625
        ],
        [
          231.4453125,
          646.484375
        ],
        [
          227.5390625,
          640.625
        ],
        [
          215.8203125,
          638.671875
        ],
        [
          192.3828125,
          617.1875
        ],
        [
          177.734375,
          615.234375
        ],
        [
          198.2421875,
          589.84375
        ],
        [
          283.203125,
          584.9609375
        ],
        [
          324.21875,
          618.1640625
        ],
        [
          324.21875,
          625.0
        ],
        [
          329.1015625,
          626.953125
        ],
        [
          329.1015625,
          658.203125
        ]
      ]
    },
    {
      "id": "P036",
      "area_px": 3935.0,
      "centroid_norm": [
        0.42060931543837354,
        0.6125245691709021
      ],
      "polygon": [
        [
          503.90625,
          619.140625
        ],
        [
          480.46875,
          639.6484375
        ],
        [
          480.46875,
          648.4375
        ],
        [
          471.6796875,
          653.3203125
        ],
        [
          450.1953125,
          642.578125
        ],
        [
          411.1328125,
          632.8125
        ],
        [
          366.2109375,
          595.703125
        ],
        [
          342.7734375,
          594.7265625
        ],
        [
          327.1484375,
          597.65625
        ],
        [
          307.6171875,
          584.9609375
        ],
        [
          416.015625,
          582.03125
        ],
        [
          408.203125,
          595.703125
        ],
        [
          396.484375,
          597.65625
        ],
        [
          400.390625,
          613.28125
        ],
        [
          434.5703125,
          618.1640625
        ],
        [
          407.2265625,
          617.1875
        ],
        [
          406.25,
          626.953125
        ],
        [
          413.0859375,
          629.8828125
        ],
        [
          443.359375,
          629.8828125
        ],
        [
          448.2421875,
          623.046875
        ],
        [
          465.8203125,
          625.9765625
        ],
        [
          466.796875,
          618.1640625
        ],
        [
          462.890625,
          614.2578125
        ],
        [
          484.375,
          600.5859375
        ],
        [
          492.1875,
          603.515625
        ],
        [
          492.1875,
          610.3515625
        ]
      ]
    },
    {
      "id": "P046",
      "area_px": 15152.0,
      "centroid_norm": [
        0.4287391670654039,
        0.5199607518809398
      ],
      "polygon": [
        [
          611.328125,
          431.640625
        ],
        [
          584.9609375,
          459.9609375
        ],
        [
          566.40625,
          489.2578125
        ],
        [
          564.453125,
          521.484375
        ],
        [
          544.921875,
          541.9921875
        ],
        [
          521.484375,
          557.6171875
        ],
        [
          498.046875,
          548.828125
        ],
        [
          485.3515625,
          549.8046875
        ],
        [
          483.3984375,
          545.8984375
        ],
        [
          464.84375,
          543.9453125
        ],
        [
          234.375,
          545.8984375
        ],
        [
          247.0703125,
          529.296875
        ],
        [
          258.7890625,
          520.5078125
        ],
        [
          276.3671875,
          511.71875
        ],
        [
          302.734375,
          503.90625
        ],
        [
          320.3125,
          501.953125
        ],
        [
          352.5390625,
          506.8359375
        ],
        [
          492.1875,
          506.8359375
        ],
        [
          512.6953125,
          501.953125
        ],
        [
          539.0625,
          487.3046875
        ],
        [
          608.3984375,
          424.8046875
        ]
      ]
    },
    {
      "id": "P051",
      "area_px": 45034.0,
      "centroid_norm": [
        0.47423474485943956,
        0.3898385933058911
      ],
      "polygon": [
        [
          307.6171875,
          459.9609375
        ],
        [
          445.3125,
          291.9921875
        ],
        [
          485.3515625,
          258.7890625
        ],
        [
          492.1875,
          258.7890625
        ],
        [
          510.7421875,
          267.578125
        ],
        [
          580.078125,
          318.359375
        ],
        [
          627.9296875,
          341.796875
        ],
        [
          621.09375,
          352.5390625
        ],
        [
          621.09375,
          368.1640625
        ],
        [
          612.3046875,
          389.6484375
        ],
        [
          521.484375,
          471.6796875
        ],
        [
          497.0703125,
          485.3515625
        ],
        [
          474.609375,
          489.2578125
        ],
        [
          358.3984375,
          487.3046875
        ]
      ]
    },
    {
      "id": "P052",
      "area_px": 20158.0,
      "centroid_norm": [
        0.6622329107860403,
        0.24626335736742233
      ],