{
  "site": {
    "width_m": 1000.0,
    "height_m": 1000.0
  },
  "parcels": [
    {
      "id": "P002",
      "area_px": 134406.0,
      "centroid_norm": [
        0.3133836115598448,
        0.7439057809221686
      ],
      "polygon": [
        [
          116.2109375,
          951.171875
        ],
        [
          120.1171875,
          943.359375
        ],
        [
          130.859375,
          942.3828125
        ],
        [
          130.859375,
          935.546875
        ],
        [
          126.953125,
          929.6875
        ],
        [
          132.8125,
          923.828125
        ],
        [
          132.8125,
          914.0625
        ],
        [
          124.0234375,
          913.0859375
        ],
        [
          118.1640625,
          918.9453125
        ],
        [
          112.3046875,
          907.2265625
        ],
        [
          117.1875,
          904.296875
        ],
        [
          120.1171875,
          908.203125
        ],
        [
          128.90625,
          908.203125
        ],
        [
          129.8828125,
          899.4140625
        ],
        [
          120.1171875,
          890.625
        ],
        [
          113.28125,
          891.6015625
        ],
        [
          113.28125,
          880.859375
        ],
        [
          124.0234375,
          880.859375
        ],
        [
          133.7890625,
          830.078125
        ],
        [
          137.6953125,
          791.9921875
        ],
        [
          136.71875,
          676.7578125
        ],
        [
          152.34375,
          674.8046875
        ],
        [
          154.296875,
          657.2265625
        ],
        [
          149.4140625,
          654.296875
        ],
        [
          152.34375,
          648.4375
        ],
        [
          216.796875,
          584.9609375
        ],
        [
          250.0,
          559.5703125
        ],
        [
          277.34375,
          547.8515625
        ],
        [
          358.3984375,
          531.25
        ],
        [
          416.015625,
          508.7890625
        ],
        [
          432.6171875,
          506.8359375
        ],
        [
          453.125,
          498.046875
        ],
        [
          454.1015625,
          515.625
        ],
        [
          467.7734375,
          541.015625
        ],
        [
          482.421875,
          541.015625
        ],
        [
          486.328125,
          538.0859375
        ],
        [
          486.328125,
          530.2734375
        ],
        [
          502.9296875,
          517.578125
        ],
        [
          502.9296875,
          509.765625
        ],
        [
          494.140625,
          508.7890625
        ],
        [
          473.6328125,
          516.6015625
        ],
        [
          469.7265625,
          507.8125
        ],
        [
          471.6796875,
          491.2109375
        ],
        [
          495.1171875,
          482.421875
        ],
        [
          524.4140625,
          464.84375
        ],
        [
          532.2265625,
          466.796875
        ],
        [
          534.1796875,
          474.609375
        ],
        [
          528.3203125,
          492.1875
        ],
        [
          519.53125,
          508.7890625
        ],
        [
          508.7890625,
          518.5546875
        ],
        [
          496.09375,
          538.0859375
        ],
        [
          489.2578125,
          554.6875
        ],
        [
          486.328125,
          573.2421875
        ],
        [
          486.328125,
          624.0234375
        ],
        [
          498.046875,
          729.4921875
        ],
        [
          503.90625,
          750.0
        ],
        [
          497.0703125,
          757.8125
        ],
        [
          479.4921875,
          756.8359375
        ],
        [
          478.515625,
          750.9765625
        ],
        [
          470.703125,
          750.9765625
        ],
        [
          469.7265625,
          753.90625
        ],
        [
          385.7421875,
          750.9765625
        ],
        [
          377.9296875,
          753.90625
        ],
        [
          378.90625,
          760.7421875
        ],
        [
          354.4921875,
          761.71875
        ],
        [
          353.515625,
          769.53125
        ],
        [
          346.6796875,
          769.53125
        ],
        [
          344.7265625,
          760.7421875
        ],
        [
          336.9140625,
          760.7421875
        ],
        [
          333.984375,
          769.53125
        ],
        [
          327.1484375,
          770.5078125
        ],
        [
          327.1484375,
          759.765625
        ],
        [
          298.828125,
          756.8359375
        ],
        [
          266.6015625,
          736.328125
        ],
        [
          255.859375,
          735.3515625
        ],
        [
          248.046875,
          743.1640625
        ],
        [
          248.046875,
          750.0
        ],
        [
          282.2265625,
          770.5078125
        ],
        [
          316.40625,
          772.4609375
        ],
        [
          317.3828125,
          780.2734375
        ],
        [
          303.7109375,
          803.7109375
        ],
        [
          303.7109375,
          812.5
        ],
        [
          311.5234375,
          816.40625
        ],
        [
          320.3125,
          814.453125
        ],
        [
          342.7734375,
          779.296875
        ],
        [
          444.3359375,
          782.2265625
        ],
        [
          445.3125,
          793.9453125
        ],
        [
          416.015625,
          791.9921875
        ],
        [
          407.2265625,
          802.734375
        ],
        [
          407.2265625,
          823.2421875
        ],
        [
          426.7578125,
          911.1328125
        ],
        [
          434.5703125,
          924.8046875
        ],
        [
          447.265625,
          934.5703125
        ],
        [
          457.03125,
          937.5
        ],
        [
          457.03125,
          959.9609375
        ],
        [
          460.9375,
          969.7265625
        ],
        [
          468.75,
          967.7734375
        ],
        [
          466.796875,
          945.3125
        ],
        [
          468.75,
          938.4765625
        ],
        [
          471.6796875,
          938.4765625
        ],
        [
          469.7265625,
          966.796875
        ],
        [
          462.890625,
          973.6328125
        ],
        [
          335.9375,
          968.75
        ],
        [
          333.984375,
          973.6328125
        ],
        [
          290.0390625,
          945.3125
        ],
        [
          257.8125,
          953.125
        ],
        [
          240.234375,
          943.359375
        ],
        [
          228.515625,
          943.359375
        ],
        [
          160.15625,
          963.8671875
        ]
      ]
    },
    {
      "id": "P006",
      "area_px": 1740.0,
      "centroid_norm": [
        0.44479840158045975,
        0.8527164152298851
      ],