{
  "site": {
    "width_m": 1000.0,
    "height_m": 1000.0
  },
  "parcels": [
    {
      "id": "P002",
      "area_px": 3949.0,
      "centroid_norm": [
        0.955568755539377,
        0.6893443158077994
      ],
      "polygon": [
        [
          962.890625,
          761.71875
        ],
        [
          959.9609375,
          758.7890625
        ],
        [
          912.109375,
          561.5234375
        ],
        [
          993.1640625,
          744.140625
        ]
      ]
    },
    {
      "id": "P017",
      "area_px": 4858.0,
      "centroid_norm": [
        0.8874160936213462,
        0.6538892033758749
      ],
      "polygon": [
        [
          925.78125,
          693.359375
        ],
        [
          875.0,
          693.359375
        ],
        [
          857.421875,
          671.875
        ],
        [
          858.3984375,
          659.1796875
        ],
        [
          845.703125,
          657.2265625
        ],
        [
          843.75,
          646.484375
        ],
        [
          857.421875,
          647.4609375
        ],
        [
          862.3046875,
          636.71875
        ],
        [
          865.234375,
          603.515625
        ],
        [
          879.8828125,
          613.28125
        ],
        [
          893.5546875,
          613.28125
        ],
        [
          902.34375,
          599.609375
        ],
        [
          910.15625,
          630.859375
        ],
        [
          906.25,
          633.7890625
        ],
        [
          906.25,
          646.484375
        ],
        [
          915.0390625,
          649.4140625
        ]
      ]
    },
    {
      "id": "P018",
      "area_px": 23983.0,
      "centroid_norm": [
        0.7572282645519743,
        0.4286354038537714
      ],
      "polygon": [
        [
          848.6328125,
          635.7421875
        ],
        [
          845.703125,
          629.8828125
        ],
        [
          841.796875,
          629.8828125
        ],
        [
          839.84375,
          623.046875
        ],
        [
          833.984375,
          623.046875
        ],
        [
          832.03125,
          625.9765625
        ],
        [
          832.03125,
          639.6484375
        ],
        [
          795.8984375,
          594.7265625
        ],
        [
          780.2734375,
          565.4296875
        ],
        [
          750.0,
          521.484375
        ],
        [
          679.6875,
          266.6015625
        ],
        [
          669.921875,
          264.6484375
        ],
        [
          666.015625,
          268.5546875
        ],
        [
          650.390625,
          226.5625
        ],
        [
          708.984375,
          230.46875
        ],
        [
          709.9609375,
          238.28125
        ],
        [
          717.7734375,
          236.328125
        ],
        [
          713.8671875,
          242.1875
        ],
        [
          713.8671875,
          251.953125
        ],
        [
          723.6328125,
          251.953125
        ],
        [
          718.75,
          258.7890625
        ],
        [
          718.75,
          265.625
        ],
        [
          728.515625,
          266.6015625
        ],
        [
          724.609375,
          274.4140625
        ],
        [
          724.609375,
          283.203125
        ],
        [
          734.375,
          283.203125
        ],
        [
          731.4453125,
          299.8046875
        ],
        [
          741.2109375,
          301.7578125
        ],
        [
          737.3046875,
          306.640625
        ],
        [
          736.328125,
          316.40625
        ],
        [
          738.28125,
          319.3359375
        ],
        [
          746.09375,
          318.359375
        ],
        [
          742.1875,
          325.1953125
        ],
        [
          742.1875,
          333.0078125
        ],
        [
          752.9296875,
          334.9609375
        ],
        [
          748.046875,
          340.8203125
        ],
        [
          748.046875,
          350.5859375
        ],
        [
          757.8125,
          350.5859375
        ],
        [
          753.90625,
          358.3984375
        ],
        [
          753.90625,
          367.1875
        ],
        [
          761.71875,
          372.0703125
        ],
        [
          773.4375,
          406.25
        ],
        [
          771.484375,
          424.8046875
        ],
        [
          779.296875,
          425.78125
        ],
        [
          791.015625,
          413.0859375
        ],
        [
          791.015625,
          405.2734375
        ],
        [
          785.15625,
          404.296875
        ],
        [
          783.203125,
          399.4140625
        ],
        [
          786.1328125,
          403.3203125
        ],
        [
          791.9921875,
          403.3203125
        ],
        [
          792.96875,
          396.484375
        ],
        [
          798.828125,
          396.484375
        ],
        [
          802.734375,
          389.6484375
        ],
        [
          809.5703125,
          435.546875
        ],
        [
          803.7109375,
          439.453125
        ],
        [
          801.7578125,
          459.9609375
        ],
        [
          809.5703125,
          460.9375
        ],
        [
          810.546875,
          458.0078125
        ],
        [
          811.5234375,
          471.6796875
        ],
        [
          794.921875,
          481.4453125
        ],
        [
          793.9453125,
          490.234375
        ],
        [
          795.8984375,
          493.1640625
        ],
        [
          802.734375,
          493.1640625
        ],
        [
          814.453125,
          487.3046875
        ],
        [
          797.8515625,
          499.0234375
        ],
        [
          796.875,
          508.7890625
        ],
        [
          807.6171875,
          510.7421875
        ],
        [
          817.3828125,
          502.9296875
        ],
        [
          825.1953125,
          540.0390625
        ],
        [
          833.984375,
          561.5234375
        ],
        [
          833.984375,
          586.9140625
        ],
        [
          830.078125,
          597.65625
        ],
        [
          829.1015625,
          621.09375
        ],
        [
          838.8671875,
          620.1171875
        ],
        [
          841.796875,
          601.5625
        ],
        [
          846.6796875,
          595.703125
        ],
        [
          852.5390625,
          575.1953125
        ],
        [
          854.4921875,
          609.375
        ]
      ]
    },
    {
      "id": "P022",
      "area_px": 1834.0,
      "centroid_norm": [
        0.8424827051526718,
        0.5042832435932388
      ],
      "polygon": [
        [
          843.75,
          566.40625
        ],
        [
          843.75,
          553.7109375
        ],
        [
          835.9375,
          538.0859375
        ],
        [
          825.1953125,
          482.421875
        ],
        [
          851.5625,
          464.84375
        ],
        [
          857.421875,
          454.1015625
        ],
        [
          857.421875,
          440.4296875
        ],
        [
          859.375,
          445.3125
        ],
        [
          851.5625,
          492.1875
        ],
        [
          850.5859375,
          541.9921875
        ]
      ]
    },
    {
      "id": "P032",
      "area_px": 2290.0,
      "centroid_norm": [
        0.8277369336790393,
        0.4115004093886463
      ],