{
  "site": {
    "width_m": 1000.0,
    "height_m": 1000.0
  },
  "parcels": [
    {
      "id": "P001",
      "area_px": 13001.0,
      "centroid_norm": [
        0.8317844240346897,
        0.6737603717983232
      ],
      "polygon": [
        [
          772.4609375,
          730.46875
        ],
        [
          781.25,
          714.84375
        ],
        [
          786.1328125,
          712.890625
        ],
        [
          785.15625,
          696.2890625
        ],
        [
          776.3671875,
          685.546875
        ],
        [
          772.4609375,
          666.015625
        ],
        [
          772.4609375,
          632.8125
        ],
        [
          779.296875,
          621.09375
        ],
        [
          791.9921875,
          620.1171875
        ],
        [
          799.8046875,
          626.953125
        ],
        [
          800.78125,
          635.7421875
        ],
        [
          809.5703125,
          637.6953125
        ],
        [
          810.546875,
          623.046875
        ],
        [
          851.5625,
          604.4921875
        ],
        [
          864.2578125,
          604.4921875
        ],
        [
          870.1171875,
          601.5625
        ],
        [
          881.8359375,
          661.1328125
        ],
        [
          894.53125,
          700.1953125
        ],
        [
          887.6953125,
          702.1484375
        ],
        [
          883.7890625,
          708.0078125
        ],
        [
          886.71875,
          730.46875
        ]
      ]
    },
    {
      "id": "P002",
      "area_px": 1761.0,
      "centroid_norm": [
        0.9420711554159569,
        0.719734880749574
      ],
      "polygon": [
        [
          905.2734375,
          685.546875
        ],
        [
          923.828125,
          705.078125
        ],
        [
          928.7109375,
          715.8203125
        ],
        [
          989.2578125,
          715.8203125
        ],
        [
          993.1640625,
          730.46875
        ],
        [
          901.3671875,
          730.46875
        ],
        [
          899.4140625,
          721.6796875
        ],
        [
          904.296875,
          721.6796875
        ],
        [
          910.15625,
          716.796875
        ],
        [
          910.15625,
          703.125
        ]
      ]
    },
    {
      "id": "P003",
      "area_px": 2937.0,
      "centroid_norm": [
        0.7226229996595165,
        0.670229773152877
      ],
      "polygon": [
        [
          736.328125,
          727.5390625
        ],
        [
          722.65625,
          724.609375
        ],
        [
          717.7734375,
          715.8203125
        ],
        [
          730.46875,
          701.171875
        ],
        [
          729.4921875,
          689.453125
        ],
        [
          722.65625,
          689.453125
        ],
        [
          715.8203125,
          694.3359375
        ],
        [
          695.3125,
          717.7734375
        ],
        [
          686.5234375,
          695.3125
        ],
        [
          689.453125,
          692.3828125
        ],
        [
          690.4296875,
          699.21875
        ],
        [
          702.1484375,
          696.2890625
        ],
        [
          705.078125,
          693.359375
        ],
        [
          705.078125,
          677.734375
        ],
        [
          727.5390625,
          657.2265625
        ],
        [
          724.609375,
          644.53125
        ],
        [
          718.75,
          644.53125
        ],
        [
          713.8671875,
          648.4375
        ],
        [
          712.890625,
          611.328125
        ],
        [
          735.3515625,
          615.234375
        ],
        [
          739.2578125,
          622.0703125
        ]
      ]
    },
    {
      "id": "P007",
      "area_px": 2436.0,
      "centroid_norm": [
        0.627414145884647,
        0.6708475247588259
      ],
      "polygon": [
        [
          601.5625,
          694.3359375
        ],
        [
          598.6328125,
          656.25
        ],
        [
          624.0234375,
          647.4609375
        ],
        [
          625.0,
          667.96875
        ],
        [
          632.8125,
          669.921875
        ],
        [
          634.765625,
          644.53125
        ],
        [
          647.4609375,
          640.625
        ],
        [
          651.3671875,
          634.765625
        ],
        [
          655.2734375,
          649.4140625
        ],
        [
          655.2734375,
          673.828125
        ],
        [
          648.4375,
          683.59375
        ],
        [
          641.6015625,
          683.59375
        ],
        [
          628.90625,
          689.453125
        ],
        [
          629.8828125,
          700.1953125
        ],
        [
          642.578125,
          701.171875
        ],
        [
          641.6015625,
          704.1015625
        ]
      ]
    },
    {
      "id": "P026",
      "area_px": 1695.0,
      "centroid_norm": [
        0.15774739583333333,
        0.6192114905973451
      ],
      "polygon": [
        [
          180.6640625,
          637.6953125
        ],
        [
          133.7890625,
          632.8125
        ],
        [
          134.765625,
          601.5625
        ],
        [
          149.4140625,
          600.5859375
        ],
        [
          179.6875,
          605.46875
        ]
      ]
    },
    {
      "id": "P041",
      "area_px": 2304.0,
      "centroid_norm": [
        0.15996339586046007,
        0.5590909322102864
      ],
      "polygon": [
        [
          182.6171875,
          583.984375
        ],
        [
          145.5078125,
          580.078125
        ],
        [
          135.7421875,
          576.171875
        ],
        [
          137.6953125,
          534.1796875
        ],
        [
          184.5703125,
          541.015625
        ]
      ]
    },
    {
      "id": "P044",
      "area_px": 2001.0,
      "centroid_norm": [
        0.8177917876999,
        0.5331611537981009
      ],
      "polygon": [
        [
          786.1328125,
          569.3359375
        ],
        [
          785.15625,
          560.546875
        ],
        [
          808.59375,
          525.390625
        ],
        [
          812.5,
          512.6953125
        ],
        [
          817.3828125,
          506.8359375
        ],
        [
          824.21875,
          507.8125
        ],
        [
          826.171875,
          504.8828125
        ],
        [
          825.1953125,
          490.234375
        ],
        [
          829.1015625,
          489.2578125
        ],
        [
          829.1015625,
          481.4453125
        ],
        [
          834.9609375,
          491.2109375
        ],
        [
          838.8671875,
          506.8359375
        ],
        [
          825.1953125,
          523.4375
        ],
        [
          823.2421875,
          536.1328125
        ],
        [
          831.0546875,
          537.109375
        ],
        [
          842.7734375,
          522.4609375
        ],
        [
          845.703125,
          541.015625
        ]
      ]
    },
    {
      "id": "P047",
      "area_px": 2552.0,
      "centroid_norm": [
        0.6821254622599922,
        0.5339014896404781
      ],
      "polygon": [
        [
          708.0078125,
          558.59375
        ],
        [
          654.296875,
          551.7578125
        ],
        [
          656.25,
          508.7890625
        ],
        [
          708.0078125,
          515.625
        ]
      ]
    },
    {
      "id": "P054",
      "area_px": 4685.0,
      "centroid_norm": [
        0.48474061165955173,
        0.49663070304162216
      ],