{
  "site": {
    "width_m": 1000.0,
    "height_m": 1000.0
  },
  "parcels": [
    {
      "id": "P001",
      "area_px": 2275.0,
      "centroid_norm": [
        0.6586199347527473,
        0.9461963427197803
      ],
      "polygon": [
        [
          709.9609375,
          991.2109375
        ],
        [
          662.109375,
          949.21875
        ],
        [
          628.90625,
          945.3125
        ],
        [
          619.140625,
          930.6640625
        ],
        [
          585.9375,
          912.109375
        ],
        [
          561.5234375,
          893.5546875
        ],
        [
          620.1171875,
          922.8515625
        ],
        [
          667.96875,
          940.4296875
        ],
        [
          684.5703125,
          956.0546875
        ],
        [
          722.65625,
          958.984375
        ],
        [
          710.9375,
          978.515625
        ]
      ]
    },
    {
      "id": "P002",
      "area_px": 319512.0,
      "centroid_norm": [
        0.5064177766112853,
        0.6103731744376972
      ],
      "polygon": [
        [
          794.921875,
          926.7578125
        ],
        [
          759.765625,
          921.875
        ],
        [
          738.28125,
          933.59375
        ],
        [
          730.46875,
          946.2890625
        ],
        [
          694.3359375,
          943.359375
        ],
        [
          680.6640625,
          929.6875
        ],
        [
          628.90625,
          910.15625
        ],
        [
          573.2421875,
          880.859375
        ],
        [
          545.8984375,
          880.859375
        ],
        [
          543.9453125,
          868.1640625
        ],
        [
          531.25,
          847.65625
        ],
        [
          482.421875,
          853.515625
        ],
        [
          437.5,
          844.7265625
        ],
        [
          330.078125,
          806.640625
        ],
        [
          293.9453125,
          815.4296875
        ],
        [
          250.0,
          804.6875
        ],
        [
          237.3046875,
          804.6875
        ],
        [
          166.9921875,
          818.359375
        ],
        [
          166.015625,
          761.71875
        ],
        [
          175.78125,
          756.8359375
        ],
        [
          174.8046875,
          749.0234375
        ],
        [
          166.9921875,
          749.0234375
        ],
        [
          169.921875,
          725.5859375
        ],
        [
          171.875,
          730.46875
        ],
        [
          181.640625,
          730.46875
        ],
        [
          186.5234375,
          724.609375
        ],
        [
          186.5234375,
          719.7265625
        ],
        [
          198.2421875,
          723.6328125
        ],
        [
          207.03125,
          721.6796875
        ],
        [
          205.078125,
          712.890625
        ],
        [
          189.453125,
          708.0078125
        ],
        [
          171.875,
          707.03125
        ],
        [
          208.984375,
          451.171875
        ],
        [
          228.515625,
          445.3125
        ],
        [
          227.5390625,
          435.546875
        ],
        [
          213.8671875,
          438.4765625
        ],
        [
          209.9609375,
          436.5234375
        ],
        [
          234.375,
          427.734375
        ],
        [
          235.3515625,
          432.6171875
        ],
        [
          244.140625,
          432.6171875
        ],
        [
          248.046875,
          422.8515625
        ],
        [
          252.9296875,
          421.875
        ],
        [
          247.0703125,
          431.640625
        ],
        [
          247.0703125,
          439.453125
        ],
        [
          256.8359375,
          441.40625
        ],
        [
          260.7421875,
          438.4765625
        ],
        [
          268.5546875,
          418.9453125
        ],
        [
          278.3203125,
          413.0859375
        ],
        [
          278.3203125,
          406.25
        ],
        [
          259.765625,
          373.046875
        ],
        [
          303.7109375,
          362.3046875
        ],
        [
          317.3828125,
          377.9296875
        ],
        [
          326.171875,
          377.9296875
        ],
        [
          328.125,
          368.1640625
        ],
        [
          319.3359375,
          357.421875
        ],
        [
          367.1875,
          340.8203125
        ],
        [
          378.90625,
          342.7734375
        ],
        [
          383.7890625,
          339.84375
        ],
        [
          384.765625,
          334.9609375
        ],
        [
          410.15625,
          328.125
        ],
        [
          438.4765625,
          327.1484375
        ],
        [
          476.5625,
          369.140625
        ],
        [
          478.515625,
          385.7421875
        ],
        [
          523.4375,
          413.0859375
        ],
        [
          532.2265625,
          413.0859375
        ],
        [
          533.203125,
          406.25
        ],
        [
          546.875,
          402.34375
        ],
        [
          548.828125,
          390.625
        ],
        [
          542.96875,
          388.671875
        ],
        [
          545.8984375,
          370.1171875
        ],
        [
          553.7109375,
          369.140625
        ],
        [
          552.734375,
          360.3515625
        ],
        [
          556.640625,
          357.421875
        ],
        [
          556.640625,
          349.609375
        ],
        [
          533.203125,
          300.78125
        ],
        [
          529.296875,
          280.2734375
        ],
        [
          542.96875,
          253.90625
        ],
        [
          541.015625,
          243.1640625
        ],
        [
          551.7578125,
          232.421875
        ],
        [
          551.7578125,
          225.5859375
        ],
        [
          510.7421875,
          205.078125
        ],
        [
          501.953125,
          205.078125
        ],
        [
          501.953125,
          193.359375
        ],
        [
          573.2421875,
          219.7265625
        ],
        [
          582.03125,
          232.421875
        ],
        [
          618.1640625,
          265.625
        ],
        [
          654.296875,
          287.109375
        ],
        [
          690.4296875,
          292.96875
        ],
        [
          731.4453125,
          311.5234375
        ],
        [
          737.3046875,
          317.3828125
        ],
        [
          753.90625,
          325.1953125
        ],
        [
          745.1171875,
          332.03125
        ],
        [
          723.6328125,
          377.9296875
        ],
        [
          718.75,
          415.0390625
        ],
        [
          721.6796875,
          435.546875
        ],
        [
          738.28125,
          481.4453125
        ],
        [
          737.3046875,
          515.625
        ],
        [
          744.140625,
          537.109375
        ],
        [
          759.765625,
          561.5234375
        ],
        [
          763.671875,
          615.234375
        ],
        [
          795.8984375,
          771.484375
        ],
        [
          803.7109375,
          825.1953125
        ],
        [
          820.3125,
          851.5625
        ],
        [
          832.03125,
          886.71875
        ],
        [
          815.4296875,
          908.203125
        ]
      ]
    },
    {
      "id": "P004",
      "area_px": 2920.0,
      "centroid_norm": [
        0.21006762360873288,
        0.841045055650685
      ],