{
  "site": {
    "width_m": 1000.0,
    "height_m": 1000.0
  },
  "parcels": [
    {
      "id": "P001",
      "area_px": 230240.0,
      "centroid_norm": [
        0.4448620274631906,
        0.6109398031334151
      ],
      "polygon": [
        [
          19.53125,
          793.9453125
        ],
        [
          8.7890625,
          761.71875
        ],
        [
          11.71875,
          748.046875
        ],
        [
          95.703125,
          756.8359375
        ],
        [
          125.0,
          742.1875
        ],
        [
          137.6953125,
          723.6328125
        ],
        [
          166.9921875,
          722.65625
        ],
        [
          192.3828125,
          690.4296875
        ],
        [
          230.46875,
          629.8828125
        ],
        [
          256.8359375,
          616.2109375
        ],
        [
          268.5546875,
          601.5625
        ],
        [
          266.6015625,
          575.1953125
        ],
        [
          268.5546875,
          566.40625
        ],
        [
          295.8984375,
          539.0625
        ],
        [
          318.359375,
          543.9453125
        ],
        [
          329.1015625,
          533.203125
        ],
        [
          347.65625,
          526.3671875
        ],
        [
          347.65625,
          504.8828125
        ],
        [
          338.8671875,
          490.234375
        ],
        [
          317.3828125,
          472.65625
        ],
        [
          320.3125,
          465.8203125
        ],
        [
          416.9921875,
          428.7109375
        ],
        [
          432.6171875,
          414.0625
        ],
        [
          444.3359375,
          408.203125
        ],
        [
          455.078125,
          391.6015625
        ],
        [
          472.65625,
          375.0
        ],
        [
          554.6875,
          355.46875
        ],
        [
          575.1953125,
          298.828125
        ],
        [
          591.796875,
          306.640625
        ],
        [
          589.84375,
          326.171875
        ],
        [
          596.6796875,
          325.1953125
        ],
        [
          600.5859375,
          314.453125
        ],
        [
          604.4921875,
          333.984375
        ],
        [
          611.328125,
          333.984375
        ],
        [
          614.2578125,
          325.1953125
        ],
        [
          624.0234375,
          329.1015625
        ],
        [
          624.0234375,
          332.03125
        ],
        [
          611.328125,
          334.9609375
        ],
        [
          575.1953125,
          353.515625
        ],
        [
          576.171875,
          379.8828125
        ],
        [
          586.9140625,
          378.90625
        ],
        [
          586.9140625,
          365.234375
        ],
        [
          588.8671875,
          373.046875
        ],
        [
          595.703125,
          375.0
        ],
        [
          596.6796875,
          378.90625
        ],
        [
          589.84375,
          378.90625
        ],
        [
          581.0546875,
          385.7421875
        ],
        [
          581.0546875,
          393.5546875
        ],
        [
          580.078125,
          386.71875
        ],
        [
          563.4765625,
          387.6953125
        ],
        [
          562.5,
          397.4609375
        ],
        [
          568.359375,
          405.2734375
        ],
        [
          575.1953125,
          405.2734375
        ],
        [
          578.125,
          398.4375
        ],
        [
          583.0078125,
          408.203125
        ],
        [
          589.84375,
          408.203125
        ],
        [
          605.46875,
          386.71875
        ],
        [
          611.328125,
          383.7890625
        ],
        [
          611.328125,
          376.953125
        ],
        [
          607.421875,
          375.0
        ],
        [
          605.46875,
          364.2578125
        ],
        [
          600.5859375,
          357.421875
        ],
        [
          627.9296875,
          345.703125
        ],
        [
          619.140625,
          364.2578125
        ],
        [
          622.0703125,
          400.390625
        ],
        [
          627.9296875,
          400.390625
        ],
        [
          629.8828125,
          390.625
        ],
        [
          634.765625,
          389.6484375
        ],
        [
          634.765625,
          382.8125
        ],
        [
          629.8828125,
          380.859375
        ],
        [
          629.8828125,
          376.953125
        ],
        [
          636.71875,
          375.0
        ],
        [
          633.7890625,
          366.2109375
        ],
        [
          640.625,
          364.2578125
        ],
        [
          640.625,
          357.421875
        ],
        [
          637.6953125,
          354.4921875
        ],
        [
          640.625,
          343.75
        ],
        [
          655.2734375,
          342.7734375
        ],
        [
          653.3203125,
          358.3984375
        ],
        [
          643.5546875,
          360.3515625
        ],
        [
          644.53125,
          369.140625
        ],
        [
          653.3203125,
          369.140625
        ],
        [
          653.3203125,
          383.7890625
        ],
        [
          659.1796875,
          383.7890625
        ],
        [
          663.0859375,
          376.953125
        ],
        [
          664.0625,
          342.7734375
        ],
        [
          698.2421875,
          326.171875
        ],
        [
          711.9140625,
          323.2421875
        ],
        [
          726.5625,
          338.8671875
        ],
        [
          730.46875,
          352.5390625
        ],
        [
          734.375,
          356.4453125
        ],
        [
          740.234375,
          356.4453125
        ],
        [
          742.1875,
          347.65625
        ],
        [
          738.28125,
          336.9140625
        ],
        [
          723.6328125,
          317.3828125
        ],
        [
          743.1640625,
          305.6640625
        ],
        [
          750.9765625,
          306.640625
        ],
        [
          739.2578125,
          316.40625
        ],
        [
          739.2578125,
          323.2421875
        ],
        [
          750.0,
          336.9140625
        ],
        [
          752.9296875,
          347.65625
        ],
        [
          749.0234375,
          350.5859375
        ],
        [
          748.046875,
          363.28125
        ],
        [
          747.0703125,
          360.3515625
        ],
        [
          740.234375,
          360.3515625
        ],
        [
          737.3046875,
          371.09375
        ],
        [
          744.140625,
          373.046875
        ],
        [
          747.0703125,
          379.8828125
        ],
        [
          753.90625,
          379.8828125
        ],
        [
          755.859375,
          369.140625
        ],
        [
          764.6484375,
          353.515625
        ],
        [
          772.4609375,
          350.5859375
        ],
        [
          772.4609375,
          343.75
        ],
        [
          766.6015625,
          340.8203125
        ],
        [
          769.53125,
          338.8671875
        ],
        [
          769.53125,
          331.0546875
        ],
        [
          760.7421875,
          330.078125
        ],
        [
          753.90625,
          320.3125
        ],
        [
          768.5546875,
          307.6171875
        ],
        [
          768.5546875,
          291.9921875
        ],
        [
          779.296875,
          288.0859375
        ],
        [
