{
  "site": {
    "width_m": 1000.0,
    "height_m": 1000.0
  },
  "parcels": [
    {
      "id": "P014",
      "area_px": 1838.0,
      "centroid_norm": [
        0.17348755015642003,
        0.7562068569776932
      ],
      "polygon": [
        [
          167.96875,
          791.015625
        ],
        [
          146.484375,
          769.53125
        ],
        [
          184.5703125,
          716.796875
        ],
        [
          188.4765625,
          722.65625
        ],
        [
          183.59375,
          729.4921875
        ],
        [
          183.59375,
          737.3046875
        ],
        [
          192.3828125,
          740.234375
        ],
        [
          199.21875,
          730.46875
        ],
        [
          203.125,
          735.3515625
        ]
      ]
    },
    {
      "id": "P018",
      "area_px": 25784.0,
      "centroid_norm": [
        0.36698778645429336,
        0.6460489668980763
      ],
      "polygon": [
        [
          375.9765625,
          775.390625
        ],
        [
          271.484375,
          677.734375
        ],
        [
          307.6171875,
          617.1875
        ],
        [
          320.3125,
          601.5625
        ],
        [
          325.1953125,
          588.8671875
        ],
        [
          370.1171875,
          515.625
        ],
        [
          452.1484375,
          596.6796875
        ],
        [
          443.359375,
          625.0
        ],
        [
          427.734375,
          659.1796875
        ],
        [
          420.8984375,
          686.5234375
        ],
        [
          384.765625,
          762.6953125
        ]
      ]
    },
    {
      "id": "P019",
      "area_px": 10485.0,
      "centroid_norm": [
        0.12488134090367191,
        0.6789381035407726
      ],
      "polygon": [
        [
          102.5390625,
          773.4375
        ],
        [
          76.171875,
          741.2109375
        ],
        [
          69.3359375,
          727.5390625
        ],
        [
          81.0546875,
          708.0078125
        ],
        [
          90.8203125,
          664.0625
        ],
        [
          99.609375,
          662.109375
        ],
        [
          98.6328125,
          652.34375
        ],
        [
          134.765625,
          589.84375
        ],
        [
          187.5,
          640.625
        ]
      ]
    },
    {
      "id": "P029",
      "area_px": 8487.0,
      "centroid_norm": [
        0.06891261083127136,
        0.6120004538190762
      ],
      "polygon": [
        [
          55.6640625,
          706.0546875
        ],
        [
          32.2265625,
          651.3671875
        ],
        [
          19.53125,
          610.3515625
        ],
        [
          101.5625,
          532.2265625
        ],
        [
          123.046875,
          568.359375
        ],
        [
          76.171875,
          651.3671875
        ],
        [
          66.40625,
          692.3828125
        ]
      ]
    },
    {
      "id": "P032",
      "area_px": 9865.0,
      "centroid_norm": [
        0.5673029254308161,
        0.5274873883362898
      ],
      "polygon": [
        [
          502.9296875,
          613.28125
        ],
        [
          488.28125,
          598.6328125
        ],
        [
          487.3046875,
          592.7734375
        ],
        [
          518.5546875,
          540.0390625
        ],
        [
          554.6875,
          491.2109375
        ],
        [
          563.4765625,
          500.0
        ],
        [
          572.265625,
          500.9765625
        ],
        [
          595.703125,
          469.7265625
        ],
        [
          614.2578125,
          455.078125
        ],
        [
          630.859375,
          432.6171875
        ],
        [
          644.53125,
          458.984375
        ],
        [
          625.0,
          491.2109375
        ],
        [
          625.0,
          499.0234375
        ],
        [
          630.859375,
          500.0
        ],
        [
          619.140625,
          517.578125
        ],
        [
          584.9609375,
          551.7578125
        ],
        [
          520.5078125,
          595.703125
        ]
      ]
    },
    {
      "id": "P035",
      "area_px": 20915.0,
      "centroid_norm": [
        0.4735652959150132,
        0.44560862045780536
      ],
      "polygon": [
        [
          462.890625,
          573.2421875
        ],
        [
          431.640625,
          538.0859375
        ],
        [
          390.625,
          500.9765625
        ],
        [
          385.7421875,
          492.1875
        ],
        [
          451.171875,
          389.6484375
        ],
        [
          462.890625,
          383.7890625
        ],
        [
          472.65625,
          365.234375
        ],
        [
          471.6796875,
          354.4921875
        ],
        [
          499.0234375,
          323.2421875
        ],
        [
          503.90625,
          305.6640625
        ],
        [
          534.1796875,
          281.25
        ],
        [
          553.7109375,
          293.9453125
        ],
        [
          547.8515625,
          298.828125
        ],
        [
          546.875,
          309.5703125
        ],
        [
          501.953125,
          379.8828125
        ],
        [
          489.2578125,
          368.1640625
        ],
        [
          479.4921875,
          370.1171875
        ],
        [
          479.4921875,
          378.90625
        ],
        [
          547.8515625,
          448.2421875
        ],
        [
          494.140625,
          520.5078125
        ]
      ]
    },
    {
      "id": "P038",
      "area_px": 1584.0,
      "centroid_norm": [
        0.6589700718118687,
        0.3934609769570707
      ],
      "polygon": [
        [
          653.3203125,
          465.8203125
        ],
        [
          660.15625,
          424.8046875
        ],
        [
          650.390625,
          399.4140625
        ],
        [
          651.3671875,
          387.6953125
        ],
        [
          644.53125,
          386.71875
        ],
        [
          638.671875,
          400.390625
        ],
        [
          631.8359375,
          402.34375
        ],
        [
          631.8359375,
          387.6953125
        ],
        [
          658.203125,
          370.1171875
        ],
        [
          675.78125,
          347.65625
        ],
        [
          668.9453125,
          407.2265625
        ],
        [
          676.7578125,
          420.8984375
        ],
        [
          674.8046875,
          423.828125
        ],
        [
          669.921875,
          417.96875
        ],
        [
          662.109375,
          418.9453125
        ],
        [
          661.1328125,
          428.7109375
        ],
        [
          666.9921875,
          434.5703125
        ],
        [
          656.25,
          447.265625
        ],
        [
          658.203125,
          458.0078125
        ]
      ]
    },
    {
      "id": "P043",
      "area_px": 6030.0,
      "centroid_norm": [
        0.8761757618159204,
        0.27091155550373136
      ],