{
  "site": {
    "width_m": 1000.0,
    "height_m": 1000.0
  },
  "parcels": [
    {
      "id": "P004",
      "area_px": 7019.0,
      "centroid_norm": [
        0.3656265860966662,
        0.8917928680189485
      ],
      "polygon": [
        [
          304.6875,
          934.5703125
        ],
        [
          320.3125,
          857.421875
        ],
        [
          443.359375,
          875.0
        ],
        [
          443.359375,
          897.4609375
        ]
      ]
    },
    {
      "id": "P009",
      "area_px": 22258.0,
      "centroid_norm": [
        0.5350469143117081,
        0.7847287790485443
      ],
      "polygon": [
        [
          482.421875,
          885.7421875
        ],
        [
          464.84375,
          735.3515625
        ],
        [
          486.328125,
          703.125
        ],
        [
          496.09375,
          701.171875
        ],
        [
          617.1875,
          716.796875
        ],
        [
          614.2578125,
          721.6796875
        ],
        [
          615.234375,
          751.953125
        ],
        [
          608.3984375,
          785.15625
        ],
        [
          573.2421875,
          855.46875
        ],
        [
          544.921875,
          870.1171875
        ],
        [
          488.28125,
          887.6953125
        ]
      ]
    },
    {
      "id": "P010",
      "area_px": 14918.0,
      "centroid_norm": [
        0.39072312757658534,
        0.780060358606214
      ],
      "polygon": [
        [
          442.3828125,
          860.3515625
        ],
        [
          324.21875,
          843.75
        ],
        [
          375.0,
          687.5
        ],
        [
          449.21875,
          696.2890625
        ],
        [
          443.359375,
          707.03125
        ],
        [
          426.7578125,
          708.0078125
        ],
        [
          426.7578125,
          714.84375
        ],
        [
          435.546875,
          716.796875
        ],
        [
          429.6875,
          729.4921875
        ],
        [
          428.7109375,
          746.09375
        ],
        [
          438.4765625,
          824.21875
        ],
        [
          435.546875,
          841.796875
        ]
      ]
    },
    {
      "id": "P011",
      "area_px": 6128.0,
      "centroid_norm": [
        0.5729693619451697,
        0.6688132024620594
      ],
      "polygon": [
        [
          630.859375,
          649.4140625
        ],
        [
          629.8828125,
          685.546875
        ],
        [
          624.0234375,
          699.21875
        ],
        [
          500.9765625,
          684.5703125
        ],
        [
          534.1796875,
          638.671875
        ]
      ]
    },
    {
      "id": "P012",
      "area_px": 4917.0,
      "centroid_norm": [
        0.43389782101637175,
        0.6504265733043523
      ],
      "polygon": [
        [
          495.1171875,
          634.765625
        ],
        [
          468.75,
          671.875
        ],
        [
          459.9609375,
          679.6875
        ],
        [
          380.859375,
          670.8984375
        ],
        [
          396.484375,
          621.09375
        ],
        [
          488.28125,
          631.8359375
        ]
      ]
    },
    {
      "id": "P024",
      "area_px": 47219.0,
      "centroid_norm": [
        0.5642948490345517,
        0.404457115713484
      ],
      "polygon": [
        [
          430.6640625,
          525.390625
        ],
        [
          496.09375,
          334.9609375
        ],
        [
          539.0625,
          284.1796875
        ],
        [
          544.921875,
          281.25
        ],
        [
          557.6171875,
          281.25
        ],
        [
          564.453125,
          274.4140625
        ],
        [
          638.671875,
          283.203125
        ],
        [
          696.2890625,
          282.2265625
        ],
        [
          695.3125,
          313.4765625
        ],
        [
          677.734375,
          374.0234375
        ],
        [
          628.90625,
          440.4296875
        ],
        [
          620.1171875,
          473.6328125
        ],
        [
          594.7265625,
          507.8125
        ],
        [
          576.171875,
          540.0390625
        ],
        [
          564.453125,
          542.96875
        ]
      ]
    },
    {
      "id": "P026",
      "area_px": 15562.0,
      "centroid_norm": [
        0.6098796597882663,
        0.12878563869521908
      ],
      "polygon": [
        [
          524.4140625,
          272.4609375
        ],
        [
          541.015625,
          226.5625
        ],
        [
          540.0390625,
          218.75
        ],
        [
          548.828125,
          199.21875
        ],
        [
          550.78125,
          184.5703125
        ],
        [
          564.453125,
          160.15625
        ],
        [
          572.265625,
          125.0
        ],
        [
          595.703125,
          78.125
        ],
        [
          625.0,
          41.9921875
        ],
        [
          660.15625,
          6.8359375
        ],
        [
          690.4296875,
          23.4375
        ],
        [
          669.921875,
          53.7109375
        ],
        [
          666.015625,
          90.8203125
        ],
        [
          666.9921875,
          116.2109375
        ],
        [
          650.390625,
          132.8125
        ],
        [
          636.71875,
          160.15625
        ],
        [
          607.421875,
          179.6875
        ],
        [
          602.5390625,
          194.3359375
        ],
        [
          585.9375,
          207.03125
        ],
        [
          581.0546875,
          214.84375
        ],
        [
          581.0546875,
          223.6328125
        ],
        [
          541.9921875,
          268.5546875
        ],
        [
          532.2265625,
          268.5546875
        ]
      ]
    },
    {
      "id": "P027",
      "area_px": 5241.0,
      "centroid_norm": [
        0.6453073199890288,
        0.23571323161133373
      ],
      "polygon": [
        [
          688.4765625,
          216.796875
        ],
        [
          694.3359375,
          261.71875
        ],
        [
          638.671875,
          261.71875
        ],
        [
          582.03125,
          254.8828125
        ],
        [
          606.4453125,
          226.5625
        ],
        [
          605.46875,
          218.75
        ],
        [
          614.2578125,
          215.8203125
        ],
        [
          616.2109375,
          207.03125
        ],
        [
          621.09375,
          203.125
        ],
        [
          680.6640625,
          209.9609375
        ]
      ]
    }
  ]
}