{
  "site": {
    "width_m": 1000.0,
    "height_m": 1000.0
  },
  "parcels": [
    {
      "id": "P001",
      "area_px": 443038.0,
      "centroid_norm": [
        0.5943429694694643,
        0.5350067164985002
      ],
      "polygon": [
        [
          850.5859375,
          912.109375
        ],
        [
          820.3125,
          912.109375
        ],
        [
          791.015625,
          916.015625
        ],
        [
          768.5546875,
          913.0859375
        ],
        [
          763.671875,
          905.2734375
        ],
        [
          740.234375,
          894.53125
        ],
        [
          691.40625,
          883.7890625
        ],
        [
          670.8984375,
          870.1171875
        ],
        [
          631.8359375,
          868.1640625
        ],
        [
          565.4296875,
          884.765625
        ],
        [
          569.3359375,
          860.3515625
        ],
        [
          561.5234375,
          850.5859375
        ],
        [
          555.6640625,
          827.1484375
        ],
        [
          552.734375,
          824.21875
        ],
        [
          513.671875,
          819.3359375
        ],
        [
          492.1875,
          811.5234375
        ],
        [
          489.2578125,
          793.9453125
        ],
        [
          469.7265625,
          777.34375
        ],
        [
          455.078125,
          778.3203125
        ],
        [
          437.5,
          772.4609375
        ],
        [
          417.96875,
          772.4609375
        ],
        [
          400.390625,
          777.34375
        ],
        [
          383.7890625,
          775.390625
        ],
        [
          375.0,
          769.53125
        ],
        [
          350.5859375,
          774.4140625
        ],
        [
          322.265625,
          762.6953125
        ],
        [
          310.546875,
          753.90625
        ],
        [
          301.7578125,
          754.8828125
        ],
        [
          284.1796875,
          732.421875
        ],
        [
          269.53125,
          719.7265625
        ],
        [
          268.5546875,
          705.078125
        ],
        [
          254.8828125,
          688.4765625
        ],
        [
          247.0703125,
          641.6015625
        ],
        [
          240.234375,
          640.625
        ],
        [
          233.3984375,
          630.859375
        ],
        [
          203.125,
          603.515625
        ],
        [
          202.1484375,
          596.6796875
        ],
        [
          187.5,
          594.7265625
        ],
        [
          180.6640625,
          578.125
        ],
        [
          170.8984375,
          571.2890625
        ],
        [
          161.1328125,
          570.3125
        ],
        [
          153.3203125,
          527.34375
        ],
        [
          130.859375,
          453.125
        ],
        [
          120.1171875,
          445.3125
        ],
        [
          121.09375,
          436.5234375
        ],
        [
          127.9296875,
          436.5234375
        ],
        [
          149.4140625,
          385.7421875
        ],
        [
          179.6875,
          340.8203125
        ],
        [
          198.2421875,
          355.46875
        ],
        [
          206.0546875,
          353.515625
        ],
        [
          206.0546875,
          346.6796875
        ],
        [
          240.234375,
          361.328125
        ],
        [
          249.0234375,
          361.328125
        ],
        [
          250.9765625,
          357.421875
        ],
        [
          263.671875,
          353.515625
        ],
        [
          293.9453125,
          374.0234375
        ],
        [
          317.3828125,
          372.0703125
        ],
        [
          281.25,
          465.8203125
        ],
        [
          281.25,
          474.609375
        ],
        [
          287.109375,
          480.46875
        ],
        [
          294.921875,
          480.46875
        ],
        [
          336.9140625,
          372.0703125
        ],
        [
          351.5625,
          375.0
        ],
        [
          374.0234375,
          368.1640625
        ],
        [
          374.0234375,
          361.328125
        ],
        [
          371.09375,
          359.375
        ],
        [
          348.6328125,
          363.28125
        ],
        [
          340.8203125,
          360.3515625
        ],
        [
          352.5390625,
          328.125
        ],
        [
          369.140625,
          333.0078125
        ],
        [
          375.9765625,
          333.0078125
        ],
        [
          378.90625,
          329.1015625
        ],
        [
          377.9296875,
          319.3359375
        ],
        [
          356.4453125,
          313.4765625
        ],
        [
          368.1640625,
          260.7421875
        ],
        [
          409.1796875,
          269.53125
        ],
        [
          423.828125,
          263.671875
        ],
        [
          431.640625,
          252.9296875
        ],
        [
          455.078125,
          265.625
        ],
        [
          504.8828125,
          308.59375
        ],
        [
          512.6953125,
          306.640625
        ],
        [
          530.2734375,
          277.34375
        ],
        [
          540.0390625,
          286.1328125
        ],
        [
          545.8984375,
          286.1328125
        ],
        [
          547.8515625,
          280.2734375
        ],
        [
          551.7578125,
          284.1796875
        ],
        [
          560.546875,
          283.203125
        ],
        [
          560.546875,
          275.390625
        ],
        [
          552.734375,
          268.5546875
        ],
        [
          547.8515625,
          268.5546875
        ],
        [
          546.875,
          263.671875
        ],
        [
          487.3046875,
          206.0546875
        ],
        [
          466.796875,
          200.1953125
        ],
        [
          466.796875,
          196.2890625
        ],
        [
          460.9375,
          190.4296875
        ],
        [
          491.2109375,
          206.0546875
        ],
        [
          500.0,
          206.0546875
        ],
        [
          501.953125,
          202.1484375
        ],
        [
          537.109375,
          222.65625
        ],
        [
          546.875,
          223.6328125
        ],
        [
          556.640625,
          235.3515625
        ],
        [
          609.375,
          263.671875
        ],
        [
          619.140625,
          264.6484375
        ],
        [
          623.046875,
          260.7421875
        ],
        [
          621.09375,
          250.9765625
        ],
        [
          556.640625,
          215.8203125
        ],
        [
          546.875,
          186.5234375
        ],
        [
          553.7109375,
          173.828125
        ],
        [
          552.734375,
          164.0625
        ],
        [
          543.9453125,
          165.0390625
        ],
        [
          539.0625,
          173.828125
        ],
        [
          529.296875,
          174.8046875
        ],
        [
          529.296875,
          183.59375
        ],
        [
          539.0625,
          196.2890625
        ],
        [
          540.0390625,
          208.984375
        ],
        [
          527.34375,
          202.1484375
        ],
        [
          523.4375,
          194.3359375
        ],
        [
          466.796875,
          167.96875
        ],
        [
          436.5234375,
          149.4140625
        ],
        [
          454.1015625,
          126.953125
        ],
        [
          492.1875,
          109.375
        ],
