{
  "site": {
    "width_m": 1000.0,
    "height_m": 1000.0
  },
  "parcels": [
    {
      "id": "P001",
      "area_px": 4062.0,
      "centroid_norm": [
        0.6577021017971443,
        0.9479786935315115
      ],
      "polygon": [
        [
          697.265625,
          993.1640625
        ],
        [
          643.5546875,
          967.7734375
        ],
        [
          628.90625,
          926.7578125
        ],
        [
          555.6640625,
          901.3671875
        ],
        [
          538.0859375,
          882.8125
        ],
        [
          584.9609375,
          911.1328125
        ],
        [
          696.2890625,
          933.59375
        ],
        [
          692.3828125,
          950.1953125
        ],
        [
          703.125,
          963.8671875
        ]
      ]
    },
    {
      "id": "P002",
      "area_px": 339222.0,
      "centroid_norm": [
        0.5173334877768099,
        0.5129549138819858
      ],
      "polygon": [
        [
          707.03125,
          919.921875
        ],
        [
          592.7734375,
          897.4609375
        ],
        [
          561.5234375,
          876.953125
        ],
        [
          570.3125,
          871.09375
        ],
        [
          569.3359375,
          863.28125
        ],
        [
          542.96875,
          854.4921875
        ],
        [
          532.2265625,
          854.4921875
        ],
        [
          525.390625,
          865.234375
        ],
        [
          461.9140625,
          856.4453125
        ],
        [
          441.40625,
          861.328125
        ],
        [
          405.2734375,
          863.28125
        ],
        [
          404.296875,
          859.375
        ],
        [
          391.6015625,
          859.375
        ],
        [
          342.7734375,
          872.0703125
        ],
        [
          285.15625,
          814.453125
        ],
        [
          225.5859375,
          703.125
        ],
        [
          217.7734375,
          700.1953125
        ],
        [
          265.625,
          562.5
        ],
        [
          270.5078125,
          561.5234375
        ],
        [
          282.2265625,
          508.7890625
        ],
        [
          280.2734375,
          483.3984375
        ],
        [
          269.53125,
          465.8203125
        ],
        [
          309.5703125,
          408.203125
        ],
        [
          324.21875,
          392.578125
        ],
        [
          356.4453125,
          341.796875
        ],
        [
          363.28125,
          318.359375
        ],
        [
          369.140625,
          316.40625
        ],
        [
          368.1640625,
          305.6640625
        ],
        [
          385.7421875,
          254.8828125
        ],
        [
          393.5546875,
          244.140625
        ],
        [
          404.296875,
          236.328125
        ],
        [
          401.3671875,
          225.5859375
        ],
        [
          392.578125,
          223.6328125
        ],
        [
          385.7421875,
          232.421875
        ],
        [
          366.2109375,
          240.234375
        ],
        [
          329.1015625,
          265.625
        ],
        [
          313.4765625,
          256.8359375
        ],
        [
          314.453125,
          249.0234375
        ],
        [
          320.3125,
          245.1171875
        ],
        [
          340.8203125,
          248.046875
        ],
        [
          348.6328125,
          239.2578125
        ],
        [
          375.9765625,
          233.3984375
        ],
        [
          392.578125,
          213.8671875
        ],
        [
          401.3671875,
          185.546875
        ],
        [
          400.390625,
          150.390625
        ],
        [
          397.4609375,
          138.671875
        ],
        [
          392.578125,
          136.71875
        ],
        [
          389.6484375,
          125.9765625
        ],
        [
          385.7421875,
          125.0
        ],
        [
          380.859375,
          117.1875
        ],
        [
          371.09375,
          117.1875
        ],
        [
          364.2578125,
          110.3515625
        ],
        [
          356.4453125,
          110.3515625
        ],
        [
          349.609375,
          93.75
        ],
        [
          341.796875,
          92.7734375
        ],
        [
          340.8203125,
          83.0078125
        ],
        [
          345.703125,
          57.6171875
        ],
        [
          381.8359375,
          60.546875
        ],
        [
          387.6953125,
          44.921875
        ],
        [
          392.578125,
          44.921875
        ],
        [
          390.625,
          61.5234375
        ],
        [
          403.3203125,
          62.5
        ],
        [
          407.2265625,
          50.78125
        ],
        [
          409.1796875,
          23.4375
        ],
        [
          421.875,
          14.6484375
        ],
        [
          442.3828125,
          32.2265625
        ],
        [
          462.890625,
          35.15625
        ],
        [
          483.3984375,
          32.2265625
        ],
        [
          491.2109375,
          41.015625
        ],
        [
          543.9453125,
          48.828125
        ],
        [
          559.5703125,
          70.3125
        ],
        [
          553.7109375,
          77.1484375
        ],
        [
          528.3203125,
          92.7734375
        ],
        [
          528.3203125,
          98.6328125
        ],
        [
          555.6640625,
          132.8125
        ],
        [
          562.5,
          149.4140625
        ],
        [
          580.078125,
          157.2265625
        ],
        [
          579.1015625,
          166.015625
        ],
        [
          571.2890625,
          158.203125
        ],
        [
          535.15625,
          151.3671875
        ],
        [
          488.28125,
          151.3671875
        ],
        [
          486.328125,
          164.0625
        ],
        [
          531.25,
          164.0625
        ],
        [
          560.546875,
          168.9453125
        ],
        [
          573.2421875,
          180.6640625
        ],
        [
          574.21875,
          198.2421875
        ],
        [
          594.7265625,
          225.5859375
        ],
        [
          572.265625,
          231.4453125
        ],
        [
          572.265625,
          239.2578125
        ],
        [
          594.7265625,
          237.3046875
        ],
        [
          598.6328125,
          243.1640625
        ],
        [
          608.3984375,
          243.1640625
        ],
        [
          678.7109375,
          226.5625
        ],
        [
          681.640625,
          250.9765625
        ],
        [
          675.78125,
          263.671875
        ],
        [
          675.78125,
          275.390625
        ],
        [
          677.734375,
          278.3203125
        ],
        [
          685.546875,
          278.3203125
        ],
        [
          699.21875,
          242.1875
        ],
        [
          699.21875,
          221.6796875
        ],
        [
          757.8125,
          207.03125
        ],
        [
          783.203125,
          208.984375
        ],
        [
          780.2734375,
          261.71875
        ],
        [
          772.4609375,
          264.6484375
        ],
        [
          772.4609375,
          273.4375
        ],
        [
          779.296875,
          274.4140625
        ],
        [
          778.3203125,
          313.4765625
        ],
        [
          763.671875,
          370.1171875
        ],
        [
          759.765625,
          504.8828125
        ],
        [
          774.4140625,
