{
  "site": {
    "width_m": 1000.0,
    "height_m": 1000.0
  },
  "parcels": [
    {
      "id": "P003",
      "area_px": 36522.0,
      "centroid_norm": [
        0.42558177690843874,
        0.7977135891551668
      ],
      "polygon": [
        [
          321.2890625,
          948.2421875
        ],
        [
          333.0078125,
          889.6484375
        ],
        [
          332.03125,
          841.796875
        ],
        [
          337.890625,
          833.0078125
        ],
        [
          336.9140625,
          813.4765625
        ],
        [
          344.7265625,
          804.6875
        ],
        [
          350.5859375,
          783.203125
        ],
        [
          365.234375,
          765.625
        ],
        [
          365.234375,
          753.90625
        ],
        [
          354.4921875,
          734.375
        ],
        [
          370.1171875,
          726.5625
        ],
        [
          372.0703125,
          710.9375
        ],
        [
          401.3671875,
          712.890625
        ],
        [
          422.8515625,
          718.75
        ],
        [
          438.4765625,
          716.796875
        ],
        [
          437.5,
          708.984375
        ],
        [
          421.875,
          703.125
        ],
        [
          401.3671875,
          684.5703125
        ],
        [
          370.1171875,
          675.78125
        ],
        [
          372.0703125,
          664.0625
        ],
        [
          398.4375,
          669.921875
        ],
        [
          415.0390625,
          669.921875
        ],
        [
          432.6171875,
          680.6640625
        ],
        [
          467.7734375,
          676.7578125
        ],
        [
          488.28125,
          676.7578125
        ],
        [
          495.1171875,
          680.6640625
        ],
        [
          504.8828125,
          680.6640625
        ],
        [
          507.8125,
          678.7109375
        ],
        [
          506.8359375,
          669.921875
        ],
        [
          570.3125,
          663.0859375
        ],
        [
          587.890625,
          664.0625
        ],
        [
          596.6796875,
          667.96875
        ],
        [
          583.0078125,
          695.3125
        ],
        [
          547.8515625,
          716.796875
        ],
        [
          544.921875,
          726.5625
        ],
        [
          529.296875,
          717.7734375
        ],
        [
          516.6015625,
          715.8203125
        ],
        [
          515.625,
          712.890625
        ],
        [
          499.0234375,
          707.03125
        ],
        [
          458.0078125,
          698.2421875
        ],
        [
          431.640625,
          698.2421875
        ],
        [
          433.59375,
          707.03125
        ],
        [
          449.21875,
          716.796875
        ],
        [
          461.9140625,
          717.7734375
        ],
        [
          468.75,
          721.6796875
        ],
        [
          483.3984375,
          721.6796875
        ],
        [
          485.3515625,
          728.515625
        ],
        [
          514.6484375,
          738.28125
        ],
        [
          507.8125,
          745.1171875
        ],
        [
          504.8828125,
          761.71875
        ],
        [
          493.1640625,
          769.53125
        ],
        [
          476.5625,
          773.4375
        ],
        [
          475.5859375,
          781.25
        ],
        [
          506.8359375,
          780.2734375
        ],
        [
          501.953125,
          783.203125
        ],
        [
          501.953125,
          790.0390625
        ],
        [
          516.6015625,
          791.015625
        ],
        [
          482.421875,
          814.453125
        ],
        [
          429.6875,
          808.59375
        ],
        [
          422.8515625,
          789.0625
        ],
        [
          399.4140625,
          790.0390625
        ],
        [
          397.4609375,
          799.8046875
        ],
        [
          404.296875,
          818.359375
        ],
        [
          421.875,
          824.21875
        ],
        [
          465.8203125,
          829.1015625
        ],
        [
          457.03125,
          842.7734375
        ],
        [
          456.0546875,
          856.4453125
        ],
        [
          452.1484375,
          864.2578125
        ],
        [
          452.1484375,
          882.8125
        ],
        [
          459.9609375,
          899.4140625
        ],
        [
          427.734375,
          923.828125
        ],
        [
          425.78125,
          931.640625
        ],
        [
          397.4609375,
          939.453125
        ],
        [
          378.90625,
          938.4765625
        ],
        [
          364.2578125,
          942.3828125
        ],
        [
          358.3984375,
          951.171875
        ]
      ]
    },
    {
      "id": "P010",
      "area_px": 86839.0,
      "centroid_norm": [
        0.5439445702859602,
        0.413952641076446
      ],