{
  "site": {
    "width_m": 1000.0,
    "height_m": 1000.0
  },
  "parcels": [
    {
      "id": "P003",
      "area_px": 20660.0,
      "centroid_norm": [
        0.6022918967055905,
        0.8648949415386011
      ],
      "polygon": [
        [
          773.4375,
          942.3828125
        ],
        [
          758.7890625,
          935.546875
        ],
        [
          748.046875,
          936.5234375
        ],
        [
          746.09375,
          960.9375
        ],
        [
          486.328125,
          857.421875
        ],
        [
          410.15625,
          814.453125
        ],
        [
          410.15625,
          808.59375
        ],
        [
          465.8203125,
          831.0546875
        ],
        [
          477.5390625,
          832.03125
        ],
        [
          481.4453125,
          821.2890625
        ],
        [
          496.09375,
          804.6875
        ],
        [
          570.3125,
          785.15625
        ],
        [
          661.1328125,
          859.375
        ],
        [
          759.765625,
          916.015625
        ],
        [
          767.578125,
          916.015625
        ]
      ]
    },
    {
      "id": "P005",
      "area_px": 138482.0,
      "centroid_norm": [
        0.6441001456303888,
        0.5507511383474025
      ],
      "polygon": [
        [
          764.6484375,
          897.4609375
        ],
        [
          656.25,
          832.03125
        ],
        [
          594.7265625,
          781.25
        ],
        [
          484.375,
          679.6875
        ],
        [
          728.515625,
          688.4765625
        ],
        [
          728.515625,
          670.8984375
        ],
        [
          699.21875,
          669.921875
        ],
        [
          697.265625,
          666.015625
        ],
        [
          548.828125,
          660.15625
        ],
        [
          557.6171875,
          548.828125
        ],
        [
          556.640625,
          529.296875
        ],
        [
          415.0390625,
          523.4375
        ],
        [
          412.109375,
          534.1796875
        ],
        [
          407.2265625,
          610.3515625
        ],
        [
          350.5859375,
          559.5703125
        ],
        [
          345.703125,
          550.78125
        ],
        [
          365.234375,
          479.4921875
        ],
        [
          378.90625,
          470.703125
        ],
        [
          416.9921875,
          461.9140625
        ],
        [
          462.890625,
          446.2890625
        ],
        [
          506.8359375,
          425.78125
        ],
        [
          542.96875,
          403.3203125
        ],
        [
          629.8828125,
          418.9453125
        ],
        [
          623.046875,
          516.6015625
        ],
        [
          625.9765625,
          519.53125
        ],
        [
          647.4609375,
          518.5546875
        ],
        [
          654.296875,
          428.7109375
        ],
        [
          699.21875,
          434.5703125
        ],
        [
          700.1953125,
          424.8046875
        ],
        [
          655.2734375,
          416.015625
        ],
        [
          656.25,
          404.296875
        ],
        [
          651.3671875,
          400.390625
        ],
        [
          565.4296875,
          383.7890625
        ],
        [
          638.671875,
          302.734375
        ],
        [
          645.5078125,
          301.7578125
        ],
        [
          664.0625,
          283.203125
        ],
        [
          763.671875,
          285.15625
        ],
        [
          777.34375,
          275.390625
        ],
        [
          777.34375,
          268.5546875
        ],
        [
          774.4140625,
          266.6015625
        ],
        [
          775.390625,
          247.0703125
        ],
        [
          771.484375,
          242.1875
        ],
        [
          776.3671875,
          238.28125
        ],
        [
          779.296875,
          156.25
        ],
        [
          780.2734375,
          153.3203125
        ],
        [
          789.0625,
          151.3671875
        ],
        [
          789.0625,
          140.625
        ],
        [
          798.828125,
          141.6015625
        ],
        [
          778.3203125,
          508.7890625
        ],
        [
          769.53125,
          724.609375
        ],
        [
          761.71875,
          810.546875
        ]
      ]
    },
    {
      "id": "P006",
      "area_px": 2404.0,
      "centroid_norm": [
        0.4084058307768303,
        0.7764719932924293
      ],
      "polygon": [
        [
          463.8671875,
          815.4296875
        ],
        [
          417.96875,
          796.875
        ],
        [
          410.15625,
          797.8515625
        ],
        [
          408.203125,
          780.2734375
        ],
        [
          316.40625,
          727.5390625
        ],
        [
          316.40625,
          724.609375
        ],
        [
          384.765625,
          752.9296875
        ],
        [
          396.484375,
          761.71875
        ],
        [
          423.828125,
          773.4375
        ],
        [
          471.6796875,
          806.640625
        ]
      ]
    },
    {
      "id": "P007",
      "area_px": 15301.0,
      "centroid_norm": [
        0.4344129238897784,
        0.7254182733154696
      ],
      "polygon": [
        [
          556.640625,
          773.4375
        ],
        [
          481.4453125,
          792.96875
        ],
        [
          427.734375,
          757.8125
        ],
        [
          412.109375,
          751.953125
        ],
        [
          391.6015625,
          730.46875
        ],
        [
          383.7890625,
          730.46875
        ],
        [
          377.9296875,
          734.375
        ],
        [
          318.359375,
          708.984375
        ],
        [
          316.40625,
          693.359375
        ],
        [
          319.3359375,
          680.6640625
        ],
        [
          325.1953125,
          672.8515625
        ],
        [
          448.2421875,
          676.7578125
        ]
      ]
    },
    {
      "id": "P009",
      "area_px": 22146.0,
      "centroid_norm": [
        0.27824173242346245,
        0.5231250317495258
      ],