{
  "site": {
    "width_m": 1000.0,
    "height_m": 1000.0
  },
  "parcels": [
    {
      "id": "P001",
      "area_px": 446508.0,
      "centroid_norm": [
        0.5346849297947909,
        0.4734239915284273
      ],
      "polygon": [
        [
          189.453125,
          887.6953125
        ],
        [
          86.9140625,
          664.0625
        ],
        [
          10.7421875,
          533.203125
        ],
        [
          12.6953125,
          529.296875
        ],
        [
          79.1015625,
          486.328125
        ],
        [
          190.4296875,
          430.6640625
        ],
        [
          311.5234375,
          317.3828125
        ],
        [
          386.71875,
          271.484375
        ],
        [
          508.7890625,
          230.46875
        ],
        [
          706.0546875,
          133.7890625
        ],
        [
          815.4296875,
          112.3046875
        ],
        [
          843.75,
          111.328125
        ],
        [
          846.6796875,
          117.1875
        ],
        [
          869.140625,
          116.2109375
        ],
        [
          871.09375,
          111.328125
        ],
        [
          972.65625,
          110.3515625
        ],
        [
          973.6328125,
          514.6484375
        ],
        [
          978.515625,
          591.796875
        ],
        [
          896.484375,
          586.9140625
        ],
        [
          833.0078125,
          589.84375
        ],
        [
          757.8125,
          602.5390625
        ],
        [
          702.1484375,
          618.1640625
        ],
        [
          682.6171875,
          626.953125
        ],
        [
          676.7578125,
          618.1640625
        ],
        [
          665.0390625,
          618.1640625
        ],
        [
          602.5390625,
          648.4375
        ],
        [
          600.5859375,
          657.2265625
        ],
        [
          603.515625,
          659.1796875
        ],
        [
          619.140625,
          655.2734375
        ],
        [
          549.8046875,
          694.3359375
        ],
        [
          344.7265625,
          840.8203125
        ],
        [
          305.6640625,
          841.796875
        ],
        [
          274.4140625,
          847.65625
        ],
        [
          245.1171875,
          859.375
        ],
        [
          209.9609375,
          882.8125
        ]
      ]
    },
    {
      "id": "P002",
      "area_px": 1549.0,
      "centroid_norm": [
        0.49551752138476435,
        0.8540105259441575
      ],
      "polygon": [
        [
          503.90625,
          884.765625
        ],
        [
          490.234375,
          879.8828125
        ],
        [
          475.5859375,
          833.0078125
        ],
        [
          497.0703125,
          820.3125
        ],
        [
          515.625,
          876.953125
        ]
      ]
    },
    {
      "id": "P006",
      "area_px": 3920.0,
      "centroid_norm": [
        0.5470772879464286,
        0.8299505739795918
      ],
      "polygon": [
        [
          528.3203125,
          872.0703125
        ],
        [
          510.7421875,
          814.453125
        ],
        [
          563.4765625,
          788.0859375
        ],
        [
          583.984375,
          844.7265625
        ]
      ]
    },
    {
      "id": "P013",
      "area_px": 2159.0,
      "centroid_norm": [
        0.46113923546780916,
        0.8036932969546087
      ],
      "polygon": [
        [
          437.5,
          833.984375
        ],
        [
          429.6875,
          806.640625
        ],
        [
          480.46875,
          770.5078125
        ],
        [
          491.2109375,
          806.640625
        ]
      ]
    },
    {
      "id": "P018",
      "area_px": 1783.0,
      "centroid_norm": [
        0.7888812088123949,
        0.7815287831253506
      ],
      "polygon": [
        [
          764.6484375,
          808.59375
        ],
        [
          756.8359375,
          783.203125
        ],
        [
          813.4765625,
          754.8828125
        ],
        [
          821.2890625,
          779.296875
        ]
      ]
    },
    {
      "id": "P020",
      "area_px": 2975.0,
      "centroid_norm": [
        0.5261111475840337,
        0.7641642594537815
      ],
      "polygon": [
        [
          503.90625,
          799.8046875
        ],
        [
          492.1875,
          761.71875
        ],
        [
          544.921875,
          724.609375
        ],
        [
          558.59375,
          771.484375
        ]
      ]
    },
    {
      "id": "P027",
      "area_px": 24936.0,
      "centroid_norm": [
        0.827385959619125,
        0.6676097841724815
      ],
      "polygon": [
        [
          635.7421875,
          670.8984375
        ],
        [
          695.3125,
          643.5546875
        ],
        [
          765.625,
          624.0234375
        ],
        [
          773.4375,
          624.0234375
        ],
        [
          782.2265625,
          647.4609375
        ],
        [
          791.015625,
          647.4609375
        ],
        [
          792.96875,
          639.6484375
        ],
        [
          788.0859375,
          624.0234375
        ],
        [
          820.3125,
          617.1875
        ],
        [
          905.2734375,
          612.3046875
        ],
        [
          958.984375,
          615.234375
        ],
        [
          988.28125,
          620.1171875
        ],
        [
          990.234375,
          683.59375
        ],
        [
          927.734375,
          685.546875
        ],
        [
          872.0703125,
          701.171875
        ],
        [
          848.6328125,
          630.859375
        ],
        [
          838.8671875,
          630.859375
        ],
        [
          835.9375,
          632.8125
        ],
        [
          835.9375,
          639.6484375
        ],
        [
          848.6328125,
          678.7109375
        ],
        [
          799.8046875,
          701.171875
        ],
        [
          767.578125,
          719.7265625
        ],
        [
          743.1640625,
          643.5546875
        ],
        [
          734.375,
          641.6015625
        ],
        [
          732.421875,
          653.3203125
        ],
        [
          764.6484375,
          752.9296875
        ],
        [
          721.6796875,
          774.4140625
        ],
        [
          684.5703125,
          655.2734375
        ],
        [
          674.8046875,
          653.3203125
        ],
        [
          640.625,
          671.875
        ]
      ]
    },
    {
      "id": "P030",
      "area_px": 4603.0,
      "centroid_norm": [
        0.9267769067048663,
        0.730352275350315
      ],
      "polygon": [
        [
          874.0234375,
          762.6953125
        ],
        [
          865.234375,
          729.4921875
        ],
        [
          875.0,
          724.609375
        ],
        [
          932.6171875,
          708.984375
        ],
        [
          992.1875,
          707.03125
        ],
        [
          992.1875,
          730.46875
        ]
      ]
    }
  ]
}