{
  "site": {
    "width_m": 1000.0,
    "height_m": 1000.0
  },
  "parcels": [
    {
      "id": "P004",
      "area_px": 8983.0,
      "centroid_norm": [
        0.4669901654514082,
        0.7419396359790715
      ],
      "polygon": [
        [
          434.5703125,
          830.078125
        ],
        [
          429.6875,
          812.5
        ],
        [
          411.1328125,
          782.2265625
        ],
        [
          407.2265625,
          770.5078125
        ],
        [
          496.09375,
          659.1796875
        ],
        [
          529.296875,
          708.0078125
        ]
      ]
    },
    {
      "id": "P008",
      "area_px": 1761.0,
      "centroid_norm": [
        0.5256373997373651,
        0.7558449567007383
      ],
      "polygon": [
        [
          512.6953125,
          792.96875
        ],
        [
          498.046875,
          771.484375
        ],
        [
          539.0625,
          719.7265625
        ],
        [
          552.734375,
          740.234375
        ]
      ]
    },
    {
      "id": "P009",
      "area_px": 134716.0,
      "centroid_norm": [
        0.3535526748748293,
        0.46252082940918304
      ],
      "polygon": [
        [
          357.421875,
          790.0390625
        ],
        [
          339.84375,
          765.625
        ],
        [
          333.0078125,
          762.6953125
        ],
        [
          321.2890625,
          747.0703125
        ],
        [
          316.40625,
          747.0703125
        ],
        [
          314.453125,
          737.3046875
        ],
        [
          296.875,
          723.6328125
        ],
        [
          289.0625,
          721.6796875
        ],
        [
          256.8359375,
          661.1328125
        ],
        [
          257.8125,
          647.4609375
        ],
        [
          254.8828125,
          640.625
        ],
        [
          266.6015625,
          643.5546875
        ],
        [
          268.5546875,
          634.765625
        ],
        [
          262.6953125,
          628.90625
        ],
        [
          246.09375,
          627.9296875
        ],
        [
          230.46875,
          604.4921875
        ],
        [
          238.28125,
          596.6796875
        ],
        [
          244.140625,
          596.6796875
        ],
        [
          256.8359375,
          586.9140625
        ],
        [
          260.7421875,
          586.9140625
        ],
        [
          253.90625,
          599.609375
        ],
        [
          252.9296875,
          608.3984375
        ],
        [
          260.7421875,
          627.9296875
        ],
        [
          270.5078125,
          629.8828125
        ],
        [
          277.34375,
          608.3984375
        ],
        [
          280.2734375,
          575.1953125
        ],
        [
          289.0625,
          578.125
        ],
        [
          298.828125,
          586.9140625
        ],
        [
          325.1953125,
          631.8359375
        ],
        [
          317.3828125,
          649.4140625
        ],
        [
          315.4296875,
          662.109375
        ],
        [
          311.5234375,
          666.015625
        ],
        [
          283.203125,
          659.1796875
        ],
        [
          282.2265625,
          669.921875
        ],
        [
          303.7109375,
          677.734375
        ],
        [
          305.6640625,
          705.078125
        ],
        [
          313.4765625,
          703.125
        ],
        [
          317.3828125,
          689.453125
        ],
        [
          326.171875,
          692.3828125
        ],
        [
          328.125,
          695.3125
        ],
        [
          323.2421875,
          707.03125
        ],
        [
          323.2421875,
          717.7734375
        ],
        [
          328.125,
          722.65625
        ],
        [
          335.9375,
          722.65625
        ],
        [
          336.9140625,
          712.890625
        ],
        [
          333.984375,
          709.9609375
        ],
        [
          349.609375,
          676.7578125
        ],
        [
          352.5390625,
          660.15625
        ],
        [
          363.28125,
          658.203125
        ],
        [
          363.28125,
          650.390625
        ],
        [
          352.5390625,
          646.484375
        ],
        [
          339.84375,
          629.8828125
        ],
        [
          346.6796875,
          614.2578125
        ],
        [
          346.6796875,
          619.140625
        ],
        [
          350.5859375,
          622.0703125
        ],
        [
          359.375,
          621.09375
        ],
        [
          358.3984375,
          571.2890625
        ],
        [
          352.5390625,
          568.359375
        ],
        [
          350.5859375,
          546.875
        ],
        [
          356.4453125,
          527.34375
        ],
        [
          355.46875,
          497.0703125
        ],
        [
          349.609375,
          495.1171875
        ],
        [
          347.65625,
          490.234375
        ],
        [
          337.890625,
          492.1875
        ],
        [
          334.9609375,
          520.5078125
        ],
        [
          337.890625,
          531.25
        ],
        [
          343.75,
          533.203125
        ],
        [
          341.796875,
          555.6640625
        ],
        [
          336.9140625,
          566.40625
        ],
        [
          336.9140625,
          582.03125
        ],
        [
          341.796875,
          598.6328125
        ],
        [
          331.0546875,
          618.1640625
        ],
        [
          306.640625,
          576.171875
        ],
        [
          290.0390625,
          565.4296875
        ],
        [
          270.5078125,
          565.4296875
        ],
        [
          263.671875,
          575.1953125
        ],
        [
          250.9765625,
          574.21875
        ],
        [
          244.140625,
          581.0546875
        ],
        [
          225.5859375,
          590.8203125
        ],
        [
          166.9921875,
          485.3515625
        ],
        [
          173.828125,
          470.703125
        ],
        [
          214.84375,
          438.4765625
        ],
        [
          242.1875,
          423.828125
        ],
        [
          280.2734375,
          412.109375
        ],
        [
          288.0859375,
          412.109375
        ],
        [
          288.0859375,
          425.78125
        ],
        [
          291.015625,
          430.6640625
        ],
        [
          300.78125,
          430.6640625
        ],
        [
          307.6171875,
          422.8515625
        ],
        [
          313.4765625,
          422.8515625
        ],
        [
          335.9375,
          410.15625
        ],
        [
          336.9140625,
          464.84375
        ],
        [
          345.703125,
          472.65625
        ],
        [
          354.4921875,
          471.6796875
        ],
        [
          352.5390625,
          407.2265625
        ],
        [
          361.328125,
          401.3671875
        ],
        [
          359.375,
          367.1875
        ],
        [
          291.9921875,
          369.140625
        ],
        [
          248.046875,
          378.90625
        ],
        [
          202.1484375,
          399.4140625
        ],
        [
          177.734375,
          416.015625
        ],
        [
          180.6640625,
          375.9765625
        ],
        [
          188.4765625,
          345.703125
        ],
        [
          189.453125,
          316.40625
        ],
        [
          206.0546875,
          271.484375
        ],
        [
