{
  "site": {
    "width_m": 1000.0,
    "height_m": 1000.0
  },
  "parcels": [
    {
      "id": "P001",
      "area_px": 2820.0,
      "centroid_norm": [
        0.6025584552304964,
        0.9463967614140071
      ],
      "polygon": [
        [
          562.5,
          965.8203125
        ],
        [
          554.6875,
          954.1015625
        ],
        [
          603.515625,
          933.59375
        ],
        [
          639.6484375,
          907.2265625
        ],
        [
          654.296875,
          891.6015625
        ],
        [
          657.2265625,
          892.578125
        ],
        [
          649.4140625,
          901.3671875
        ],
        [
          647.4609375,
          915.0390625
        ],
        [
          590.8203125,
          985.3515625
        ]
      ]
    },
    {
      "id": "P002",
      "area_px": 3044.0,
      "centroid_norm": [
        0.5513211825517411,
        0.9033084423250657
      ],
      "polygon": [
        [
          592.7734375,
          920.8984375
        ],
        [
          546.875,
          941.40625
        ],
        [
          536.1328125,
          913.0859375
        ],
        [
          532.2265625,
          891.6015625
        ],
        [
          520.5078125,
          881.8359375
        ],
        [
          499.0234375,
          876.953125
        ],
        [
          498.046875,
          874.0234375
        ],
        [
          510.7421875,
          871.09375
        ],
        [
          527.34375,
          861.328125
        ],
        [
          548.828125,
          882.8125
        ],
        [
          571.2890625,
          891.6015625
        ]
      ]
    },
    {
      "id": "P003",
      "area_px": 4328.0,
      "centroid_norm": [
        0.5975991635137476,
        0.8651574323446165
      ],
      "polygon": [
        [
          607.421875,
          911.1328125
        ],
        [
          582.03125,
          878.90625
        ],
        [
          551.7578125,
          864.2578125
        ],
        [
          569.3359375,
          850.5859375
        ],
        [
          568.359375,
          839.84375
        ],
        [
          562.5,
          839.84375
        ],
        [
          541.015625,
          852.5390625
        ],
        [
          583.0078125,
          819.3359375
        ],
        [
          645.5078125,
          877.9296875
        ],
        [
          632.8125,
          892.578125
        ]
      ]
    },
    {
      "id": "P005",
      "area_px": 4252.0,
      "centroid_norm": [
        0.7297806546919097,
        0.8149030511376999
      ],
      "polygon": [
        [
          650.390625,
          849.609375
        ],
        [
          781.25,
          772.4609375
        ],
        [
          807.6171875,
          750.9765625
        ],
        [
          824.21875,
          751.953125
        ],
        [
          832.03125,
          747.0703125
        ],
        [
          721.6796875,
          836.9140625
        ],
        [
          684.5703125,
          874.0234375
        ],
        [
          688.4765625,
          870.1171875
        ],
        [
          688.4765625,
          847.65625
        ],
        [
          683.59375,
          840.8203125
        ],
        [
          674.8046875,
          840.8203125
        ],
        [
          678.7109375,
          861.328125
        ],
        [
          666.015625,
          860.3515625
        ],
        [
          664.0625,
          863.28125
        ]
      ]
    },
    {
      "id": "P006",
      "area_px": 2884.0,
      "centroid_norm": [
        0.5117143480192441,
        0.8146278497746186
      ],
      "polygon": [
        [
          494.140625,
          856.4453125
        ],
        [
          493.1640625,
          845.703125
        ],
        [
          485.3515625,
          838.8671875
        ],
        [
          492.1875,
          835.9375
        ],
        [
          496.09375,
          830.078125
        ],
        [
          495.1171875,
          817.3828125
        ],
        [
          489.2578125,
          807.6171875
        ],
        [
          490.234375,
          779.296875
        ],
        [
          517.578125,
          781.25
        ],
        [
          528.3203125,
          791.015625
        ],
        [
          530.2734375,
          798.828125
        ],
        [
          547.8515625,
          823.2421875
        ],
        [
          542.96875,
          826.171875
        ],
        [
          541.9921875,
          823.2421875
        ],
        [
          535.15625,
          823.2421875
        ],
        [
          519.53125,
          834.9609375
        ],
        [
          519.53125,
          843.75
        ],
        [
          506.8359375,
          852.5390625
        ]
      ]
    },
    {
      "id": "P011",
      "area_px": 2541.0,
      "centroid_norm": [
        0.58433718270366,
        0.7662975637052342
      ],
      "polygon": [
        [
          632.8125,
          757.8125
        ],
        [
          585.9375,
          793.9453125
        ],
        [
          527.34375,
          755.859375
        ],
        [
          539.0625,
          746.09375
        ],
        [
          544.921875,
          752.9296875
        ],
        [
          559.5703125,
          759.765625
        ],
        [
          576.171875,
          759.765625
        ],
        [
          604.4921875,
          748.046875
        ],
        [
          627.9296875,
          750.9765625
        ]
      ]
    },
    {
      "id": "P021",
      "area_px": 340958.0,
      "centroid_norm": [
        0.48218538028327534,
        0.4059094298500475
      ],