{
  "site": {
    "width_m": 1000.0,
    "height_m": 1000.0
  },
  "parcels": [
    {
      "id": "P002",
      "area_px": 10346.0,
      "centroid_norm": [
        0.7224321673231201,
        0.9112070977008022
      ],
      "polygon": [
        [
          808.59375,
          962.890625
        ],
        [
          721.6796875,
          966.796875
        ],
        [
          664.0625,
          920.8984375
        ],
        [
          662.109375,
          915.0390625
        ],
        [
          697.265625,
          833.0078125
        ],
        [
          711.9140625,
          819.3359375
        ],
        [
          740.234375,
          890.625
        ]
      ]
    },
    {
      "id": "P010",
      "area_px": 2237.0,
      "centroid_norm": [
        0.5114044339517211,
        0.9174269913667858
      ],
      "polygon": [
        [
          561.5234375,
          910.15625
        ],
        [
          558.59375,
          930.6640625
        ],
        [
          509.765625,
          928.7109375
        ],
        [
          508.7890625,
          920.8984375
        ],
        [
          500.0,
          920.8984375
        ],
        [
          499.0234375,
          927.734375
        ],
        [
          481.4453125,
          927.734375
        ],
        [
          477.5390625,
          925.78125
        ],
        [
          476.5625,
          918.9453125
        ],
        [
          463.8671875,
          918.9453125
        ],
        [
          459.9609375,
          925.78125
        ],
        [
          456.0546875,
          925.78125
        ],
        [
          455.078125,
          918.9453125
        ],
        [
          440.4296875,
          917.96875
        ],
        [
          448.2421875,
          914.0625
        ],
        [
          488.28125,
          909.1796875
        ],
        [
          507.8125,
          903.3203125
        ],
        [
          539.0625,
          904.296875
        ],
        [
          540.0390625,
          915.0390625
        ],
        [
          547.8515625,
          915.0390625
        ],
        [
          549.8046875,
          908.203125
        ]
      ]
    },
    {
      "id": "P013",
      "area_px": 29530.0,
      "centroid_norm": [
        0.3242447762339147,
        0.8301962847633763
      ],
      "polygon": [
        [
          212.890625,
          918.9453125
        ],
        [
          215.8203125,
          916.015625
        ],
        [
          216.796875,
          871.09375
        ],
        [
          226.5625,
          846.6796875
        ],
        [
          253.90625,
          826.171875
        ],
        [
          269.53125,
          806.640625
        ],
        [
          295.8984375,
          758.7890625
        ],
        [
          298.828125,
          741.2109375
        ],
        [
          318.359375,
          748.046875
        ],
        [
          328.125,
          747.0703125
        ],
        [
          327.1484375,
          703.125
        ],
        [
          337.890625,
          674.8046875
        ],
        [
          357.421875,
          724.609375
        ],
        [
          385.7421875,
          757.8125
        ],
        [
          406.25,
          772.4609375
        ],
        [
          460.9375,
          791.015625
        ],
        [
          449.21875,
          800.78125
        ],
        [
          416.015625,
          814.453125
        ],
        [
          397.4609375,
          830.078125
        ],
        [
          402.34375,
          857.421875
        ],
        [
          394.53125,
          865.234375
        ],
        [
          376.953125,
          870.1171875
        ],
        [
          372.0703125,
          875.9765625
        ],
        [
          372.0703125,
          886.71875
        ],
        [
          365.234375,
          895.5078125
        ],
        [
          361.328125,
          920.8984375
        ]
      ]
    },
    {
      "id": "P017",
      "area_px": 12105.0,
      "centroid_norm": [
        0.5000072606877324,
        0.8540396046313506
      ],
      "polygon": [
        [
          601.5625,
          839.84375
        ],
        [
          562.5,
          883.7890625
        ],
        [
          559.5703125,
          893.5546875
        ],
        [
          395.5078125,
          883.7890625
        ],
        [
          415.0390625,
          862.3046875
        ],
        [
          424.8046875,
          839.84375
        ],
        [
          433.59375,
          833.0078125
        ],
        [
          469.7265625,
          817.3828125
        ],
        [
          486.328125,
          804.6875
        ],
        [
          493.1640625,
          804.6875
        ]
      ]
    },
    {
      "id": "P019",
      "area_px": 24758.0,
      "centroid_norm": [
        0.5837646306875556,
        0.7095903186596252
      ],
      "polygon": [
        [
          626.953125,
          823.2421875
        ],
        [
          501.953125,
          783.203125
        ],
        [
          524.4140625,
          742.1875
        ],
        [
          537.109375,
          692.3828125
        ],
        [
          537.109375,
          645.5078125
        ],
        [
          524.4140625,
          593.75
        ],
        [
          527.34375,
          585.9375
        ],
        [
          604.4921875,
          595.703125
        ],
        [
          622.0703125,
          641.6015625
        ],
        [
          619.140625,
          649.4140625
        ],
        [
          621.09375,
          667.96875
        ],
        [
          664.0625,
          699.21875
        ],
        [
          666.015625,
          708.984375
        ],
        [
          648.4375,
          733.3984375
        ],
        [
          643.5546875,
          774.4140625
        ]
      ]
    },
    {
      "id": "P021",
      "area_px": 39904.0,
      "centroid_norm": [
        0.4219843444579491,
        0.6173039170963437
      ],
      "polygon": [
        [
          473.6328125,
          776.3671875
        ],
        [
          452.1484375,
          771.484375
        ],
        [
          413.0859375,
          755.859375
        ],
        [
          392.578125,
          737.3046875
        ],
        [
          375.0,
          715.8203125
        ],
        [
          355.46875,
          666.015625
        ],
        [
          353.515625,
          642.578125
        ],
        [
          389.6484375,
          638.671875
        ],
        [
          390.625,
          621.09375
        ],
        [
          383.7890625,
          620.1171875
        ],
        [
          378.90625,
          625.0
        ],
        [
          354.4921875,
          628.90625
        ],
        [
          357.421875,
          589.84375
        ],
        [
          349.609375,
          583.0078125
        ],
        [
          347.65625,
          565.4296875
        ],
        [
          338.8671875,
          552.734375
        ],
        [
          302.734375,
          521.484375
        ],
        [
          423.828125,
          449.21875
        ],
        [
          447.265625,
          513.671875
        ],
        [
          494.140625,
          587.890625
        ],
        [
          508.7890625,
          647.4609375
        ],
        [
          509.765625,
          676.7578125
        ],
        [
          506.8359375,
          703.125
        ],
        [
          494.140625,
          741.2109375
        ]
      ]
    },
    {
      "id": "P025",
      "area_px": 1894.0,
      "centroid_norm": [
        0.5739258843717001,
        0.5558130733566526
      ],