{
  "site": {
    "width_m": 1000.0,
    "height_m": 1000.0
  },
  "parcels": [
    {
      "id": "P001",
      "area_px": 84090.0,
      "centroid_norm": [
        0.5981102603980853,
        0.5560785760606195
      ],
      "polygon": [
        [
          809.5703125,
          717.7734375
        ],
        [
          763.671875,
          727.5390625
        ],
        [
          724.609375,
          731.4453125
        ],
        [
          670.8984375,
          732.421875
        ],
        [
          626.953125,
          728.515625
        ],
        [
          634.765625,
          710.9375
        ],
        [
          640.625,
          708.984375
        ],
        [
          640.625,
          698.2421875
        ],
        [
          628.90625,
          671.875
        ],
        [
          620.1171875,
          673.828125
        ],
        [
          619.140625,
          686.5234375
        ],
        [
          600.5859375,
          725.5859375
        ],
        [
          497.0703125,
          709.9609375
        ],
        [
          471.6796875,
          391.6015625
        ],
        [
          476.5625,
          384.765625
        ],
        [
          520.5078125,
          366.2109375
        ],
        [
          538.0859375,
          411.1328125
        ],
        [
          545.8984375,
          412.109375
        ],
        [
          546.875,
          403.3203125
        ],
        [
          537.109375,
          365.234375
        ],
        [
          535.15625,
          330.078125
        ],
        [
          526.3671875,
          329.1015625
        ],
        [
          516.6015625,
          333.0078125
        ],
        [
          512.6953125,
          325.1953125
        ],
        [
          503.90625,
          325.1953125
        ],
        [
          494.140625,
          332.03125
        ],
        [
          488.28125,
          332.03125
        ],
        [
          485.3515625,
          342.7734375
        ],
        [
          478.515625,
          345.703125
        ],
        [
          469.7265625,
          343.75
        ],
        [
          467.7734375,
          350.5859375
        ],
        [
          462.890625,
          353.515625
        ],
        [
          459.9609375,
          350.5859375
        ],
        [
          452.1484375,
          350.5859375
        ],
        [
          450.1953125,
          354.4921875
        ],
        [
          446.2890625,
          354.4921875
        ],
        [
          440.4296875,
          292.96875
        ],
        [
          445.3125,
          292.96875
        ],
        [
          451.171875,
          285.15625
        ],
        [
          485.3515625,
          280.2734375
        ],
        [
          496.09375,
          319.3359375
        ],
        [
          500.0,
          324.21875
        ],
        [
          505.859375,
          324.21875
        ],
        [
          507.8125,
          311.5234375
        ],
        [
          497.0703125,
          278.3203125
        ],
        [
          532.2265625,
          273.4375
        ],
        [
          535.15625,
          269.53125
        ],
        [
          561.5234375,
          280.2734375
        ],
        [
          563.4765625,
          315.4296875
        ],
        [
          574.21875,
          347.65625
        ],
        [
          564.453125,
          378.90625
        ],
        [
          563.4765625,
          406.25
        ],
        [
          569.3359375,
          420.8984375
        ],
        [
          589.84375,
          438.4765625
        ],
        [
          637.6953125,
          439.453125
        ],
        [
          647.4609375,
          442.3828125
        ],
        [
          658.203125,
          453.125
        ],
        [
          639.6484375,
          513.671875
        ],
        [
          638.671875,
          540.0390625
        ],
        [
          647.4609375,
          568.359375
        ],
        [
          662.109375,
          584.9609375
        ],
        [
          675.78125,
          584.9609375
        ],
        [
          703.125,
          565.4296875
        ],
        [
          729.4921875,
          530.2734375
        ],
        [
          735.3515625,
          527.34375
        ],
        [
          745.1171875,
          530.2734375
        ],
        [
          755.859375,
          544.921875
        ],
        [
          761.71875,
          561.5234375
        ],
        [
          766.6015625,
          590.8203125
        ],
        [
          766.6015625,
          639.6484375
        ],
        [
          772.4609375,
          662.109375
        ],
        [
          782.2265625,
          681.640625
        ]
      ]
    },
    {
      "id": "P002",
      "area_px": 11014.0,
      "centroid_norm": [
        0.8458483591905757,
        0.6569949680520246
      ],
      "polygon": [
        [
          778.3203125,
          580.078125
        ],
        [
          821.2890625,
          608.3984375
        ],
        [
          853.515625,
          621.09375
        ],
        [
          891.6015625,
          653.3203125
        ],
        [
          913.0859375,
          664.0625
        ],
        [
          927.734375,
          667.96875
        ],
        [
          957.03125,
          667.96875
        ],
        [
          970.703125,
          665.0390625
        ],
        [
          991.2109375,
          653.3203125
        ],
        [
          993.1640625,
          659.1796875
        ],
        [
          867.1875,
          705.078125
        ],
        [
          830.078125,
          712.890625
        ],
        [
          792.96875,
          666.015625
        ],
        [
          784.1796875,
          649.4140625
        ],
        [
          779.296875,
          628.90625
        ]
      ]
    },
    {
      "id": "P008",
      "area_px": 1830.0,
      "centroid_norm": [
        0.4232774077868853,
        0.6305301186816941
      ],
      "polygon": [
        [
          416.9921875,
          675.78125
        ],
        [
          410.15625,
          602.5390625
        ],
        [
          415.0390625,
          592.7734375
        ],
        [
          431.640625,
          587.890625
        ],
        [
          435.546875,
          633.7890625
        ],
        [
          432.6171875,
          636.71875
        ],
        [
          434.5703125,
          670.8984375
        ]
      ]
    },
    {
      "id": "P009",
      "area_px": 53952.0,
      "centroid_norm": [
        0.12961190111696508,
        0.530137284936147
      ],