{
  "site": {
    "width_m": 1000.0,
    "height_m": 1000.0
  },
  "parcels": [
    {
      "id": "P001",
      "area_px": 39278.0,
      "centroid_norm": [
        0.6036689541139442,
        0.8819168660334665
      ],
      "polygon": [
        [
          507.8125,
          979.4921875
        ],
        [
          463.8671875,
          906.25
        ],
        [
          444.3359375,
          849.609375
        ],
        [
          460.9375,
          844.7265625
        ],
        [
          477.5390625,
          846.6796875
        ],
        [
          708.984375,
          784.1796875
        ],
        [
          713.8671875,
          787.109375
        ],
        [
          761.71875,
          904.296875
        ],
        [
          760.7421875,
          908.203125
        ],
        [
          708.984375,
          923.828125
        ],
        [
          705.078125,
          928.7109375
        ],
        [
          673.828125,
          938.4765625
        ],
        [
          669.921875,
          930.6640625
        ],
        [
          664.0625,
          930.6640625
        ],
        [
          601.5625,
          950.1953125
        ],
        [
          559.5703125,
          968.75
        ],
        [
          512.6953125,
          981.4453125
        ]
      ]
    },
    {
      "id": "P002",
      "area_px": 4052.0,
      "centroid_norm": [
        0.7741802851986673,
        0.8238432602727048
      ],
      "polygon": [
        [
          789.0625,
          899.4140625
        ],
        [
          739.2578125,
          777.34375
        ],
        [
          742.1875,
          770.5078125
        ],
        [
          773.4375,
          761.71875
        ],
        [
          776.3671875,
          762.6953125
        ],
        [
          788.0859375,
          811.5234375
        ],
        [
          781.25,
          814.453125
        ],
        [
          781.25,
          824.21875
        ],
        [
          798.828125,
          857.421875
        ],
        [
          805.6640625,
          888.671875
        ],
        [
          804.6875,
          894.53125
        ]
      ]
    },
    {
      "id": "P005",
      "area_px": 7444.0,
      "centroid_norm": [
        0.5695988379903277,
        0.7664542385226356
      ],
      "polygon": [
        [
          536.1328125,
          811.5234375
        ],
        [
          510.7421875,
          766.6015625
        ],
        [
          547.8515625,
          728.515625
        ],
        [
          594.7265625,
          718.75
        ],
        [
          632.8125,
          786.1328125
        ]
      ]
    },
    {
      "id": "P008",
      "area_px": 3677.0,
      "centroid_norm": [
        0.45219013462061464,
        0.7443374247858308
      ],
      "polygon": [
        [
          491.2109375,
          767.578125
        ],
        [
          480.46875,
          778.3203125
        ],
        [
          450.1953125,
          783.203125
        ],
        [
          410.15625,
          714.84375
        ],
        [
          454.1015625,
          705.078125
        ]
      ]
    },
    {
      "id": "P009",
      "area_px": 17396.0,
      "centroid_norm": [
        0.6887508487942631,
        0.708737315241291
      ],
      "polygon": [
        [
          652.34375,
          780.2734375
        ],
        [
          590.8203125,
          673.828125
        ],
        [
          745.1171875,
          638.671875
        ],
        [
          772.4609375,
          749.0234375
        ]
      ]
    },
    {
      "id": "P015",
      "area_px": 2212.0,
      "centroid_norm": [
        0.4075585584312839,
        0.6750554503842676
      ],
      "polygon": [
        [
          386.71875,
          698.2421875
        ],
        [
          375.0,
          663.0859375
        ],
        [
          424.8046875,
          652.34375
        ],
        [
          443.359375,
          685.546875
        ]
      ]
    },
    {
      "id": "P016",
      "area_px": 3314.0,
      "centroid_norm": [
        0.5017344740117683,
        0.6558303786964393
      ],
      "polygon": [
        [
          444.3359375,
          652.34375
        ],
        [
          541.015625,
          630.859375
        ],
        [
          558.59375,
          660.15625
        ],
        [
          529.296875,
          666.015625
        ],
        [
          526.3671875,
          661.1328125
        ],
        [
          515.625,
          661.1328125
        ],
        [
          514.6484375,
          668.9453125
        ],
        [
          463.8671875,
          681.640625
        ]
      ]
    },
    {
      "id": "P017",
      "area_px": 4630.0,
      "centroid_norm": [
        0.5997310762014039,
        0.6185844273083153
      ],
      "polygon": [
        [
          548.828125,
          603.515625
        ],
        [
          643.5546875,
          581.0546875
        ],
        [
          646.484375,
          583.0078125
        ],
        [
          644.53125,
          588.8671875
        ],
        [
          629.8828125,
          600.5859375
        ],
        [
          632.8125,
          625.9765625
        ],
        [
          644.53125,
          632.8125
        ],
        [
          635.7421875,
          642.578125
        ],
        [
          579.1015625,
          655.2734375
        ]
      ]
    },
    {
      "id": "P018",
      "area_px": 1805.0,
      "centroid_norm": [
        0.38236614871883656,
        0.6268243594182825
      ],
      "polygon": [
        [
          417.96875,
          638.671875
        ],
        [
          371.09375,
          648.4375
        ],
        [
          354.4921875,
          606.4453125
        ],
        [
          362.3046875,
          600.5859375
        ],
        [
          410.15625,
          625.9765625
        ]
      ]
    },
    {
      "id": "P019",
      "area_px": 3784.0,
      "centroid_norm": [
        0.4837143234672304,
        0.6106862880714852
      ],
      "polygon": [
        [
          428.7109375,
          623.046875
        ],
        [
          482.421875,
          584.9609375
        ],
        [
          511.71875,
          578.125
        ],
        [
          535.15625,
          617.1875
        ],
        [
          442.3828125,
          639.6484375
        ],
        [
          437.5,
          638.671875
        ]
      ]
    },
    {
      "id": "P021",
      "area_px": 1771.0,
      "centroid_norm": [
        0.7139785740753811,
        0.6074174636504799
      ],
      "polygon": [
        [
          692.3828125,
          628.90625
        ],
        [
          683.59375,
          613.28125
        ],
        [
          714.84375,
          584.9609375
        ],
        [
          730.46875,
          581.0546875
        ],
        [
          740.234375,
          618.1640625
        ]
      ]
    },
    {
      "id": "P023",
      "area_px": 4194.0,
      "centroid_norm": [
        0.436072644700763,
        0.5747377671226752
      ],