{
  "site": {
    "width_m": 1000.0,
    "height_m": 1000.0
  },
  "parcels": [
    {
      "id": "P002",
      "area_px": 1888.0,
      "centroid_norm": [
        0.6314480021848516,
        0.92019239522643
      ],
      "polygon": [
        [
          664.0625,
          978.515625
        ],
        [
          562.5,
          826.171875
        ],
        [
          672.8515625,
          958.984375
        ]
      ]
    },
    {
      "id": "P003",
      "area_px": 81818.0,
      "centroid_norm": [
        0.4134709144839766,
        0.5389087431479014
      ],
      "polygon": [
        [
          744.140625,
          966.796875
        ],
        [
          729.4921875,
          956.0546875
        ],
        [
          719.7265625,
          956.0546875
        ],
        [
          708.984375,
          968.75
        ],
        [
          618.1640625,
          857.421875
        ],
        [
          618.1640625,
          842.7734375
        ],
        [
          622.0703125,
          839.84375
        ],
        [
          622.0703125,
          833.0078125
        ],
        [
          612.3046875,
          821.2890625
        ],
        [
          596.6796875,
          823.2421875
        ],
        [
          584.9609375,
          817.3828125
        ],
        [
          535.15625,
          755.859375
        ],
        [
          486.328125,
          710.9375
        ],
        [
          494.140625,
          704.1015625
        ],
        [
          494.140625,
          696.2890625
        ],
        [
          491.2109375,
          693.359375
        ],
        [
          482.421875,
          693.359375
        ],
        [
          472.65625,
          700.1953125
        ],
        [
          446.2890625,
          679.6875
        ],
        [
          419.921875,
          654.296875
        ],
        [
          425.78125,
          649.4140625
        ],
        [
          424.8046875,
          641.6015625
        ],
        [
          416.015625,
          641.6015625
        ],
        [
          411.1328125,
          645.5078125
        ],
        [
          345.703125,
          581.0546875
        ],
        [
          350.5859375,
          577.1484375
        ],
        [
          348.6328125,
          568.359375
        ],
        [
          342.7734375,
          564.453125
        ],
        [
          331.0546875,
          566.40625
        ],
        [
          263.671875,
          500.0
        ],
        [
          285.15625,
          488.28125
        ],
        [
          285.15625,
          480.46875
        ],
        [
          280.2734375,
          474.609375
        ],
        [
          271.484375,
          474.609375
        ],
        [
          247.0703125,
          486.328125
        ],
        [
          197.265625,
          464.84375
        ],
        [
          197.265625,
          458.0078125
        ],
        [
          194.3359375,
          455.078125
        ],
        [
          240.234375,
          431.640625
        ],
        [
          239.2578125,
          416.9921875
        ],
        [
          234.375,
          411.1328125
        ],
        [
          239.2578125,
          408.203125
        ],
        [
          239.2578125,
          400.390625
        ],
        [
          212.890625,
          379.8828125
        ],
        [
          202.1484375,
          367.1875
        ],
        [
          185.546875,
          335.9375
        ],
        [
          247.0703125,
          295.8984375
        ],
        [
          283.203125,
          312.5
        ],
        [
          296.875,
          326.171875
        ],
        [
          309.5703125,
          349.609375
        ],
        [
          342.7734375,
          387.6953125
        ],
        [
          358.3984375,
          392.578125
        ],
        [
          390.625,
          396.484375
        ],
        [
          393.5546875,
          401.3671875
        ],
        [
          434.5703125,
          406.25
        ],
        [
          426.7578125,
          415.0390625
        ],
        [
          424.8046875,
          424.8046875
        ],
        [
          404.296875,
          443.359375
        ],
        [
          404.296875,
          450.1953125
        ],
        [
          407.2265625,
          453.125
        ],
        [
          416.015625,
          452.1484375
        ],
        [
          430.6640625,
          439.453125
        ],
        [
          439.453125,
          427.734375
        ],
        [
          439.453125,
          419.921875
        ],
        [
          451.171875,
          408.203125
        ],
        [
          479.4921875,
          414.0625
        ],
        [
          481.4453125,
          422.8515625
        ],
        [
          507.8125,
          455.078125
        ],
        [
          516.6015625,
          461.9140625
        ],
        [
          517.578125,
          466.796875
        ],
        [
          492.1875,
          467.7734375
        ],
        [
          476.5625,
          463.8671875
        ],
        [
          418.9453125,
          459.9609375
        ],
        [
          417.96875,
          468.75
        ],
        [
          422.8515625,
          472.65625
        ],
        [
          471.6796875,
          475.5859375
        ],
        [
          489.2578125,
          480.46875
        ],
        [
          516.6015625,
          480.46875
        ],
        [
          527.34375,
          477.5390625
        ],
        [
          561.5234375,
          520.5078125
        ],
        [
          546.875,
          530.2734375
        ],
        [
          546.875,
          536.1328125
        ],
        [
          553.7109375,
          544.921875
        ],
        [
          552.734375,
          547.8515625
        ],
        [
          546.875,
          548.828125
        ],
        [
          546.875,
          558.59375
        ],
        [
          550.78125,
          565.4296875
        ],
        [
          559.5703125,
          565.4296875
        ],
        [
          562.5,
          579.1015625
        ],
        [
          549.8046875,
          585.9375
        ],
        [
          485.3515625,
          606.4453125
        ],
        [
          490.234375,
          636.71875
        ],
        [
          514.6484375,
          685.546875
        ],
        [
          514.6484375,
          690.4296875
        ],
        [
          544.921875,
          688.4765625
        ],
        [
          544.921875,
          723.6328125
        ],
        [
          573.2421875,
          725.5859375
        ],
        [
          581.0546875,
          744.140625
        ],
        [
          583.984375,
          774.4140625
        ],
        [
          603.515625,
          795.8984375
        ],
        [
          670.8984375,
          884.765625
        ],
        [
          704.1015625,
          911.1328125
        ],
        [
          719.7265625,
          912.109375
        ],
        [
          739.2578125,
          934.5703125
        ],
        [
          736.328125,
          935.546875
        ],
        [
          736.328125,
          942.3828125
        ],
        [
          741.2109375,
          945.3125
        ]
      ]
    },
    {
      "id": "P094",
      "area_px": 1767.0,
      "centroid_norm": [
        0.1704308812606112,
        0.389616935483871
      ],