{
  "site": {
    "width_m": 1000.0,
    "height_m": 1000.0
  },
  "parcels": [
    {
      "id": "P001",
      "area_px": 54473.0,
      "centroid_norm": [
        0.1018211932402291,
        0.5595851564364456
      ],
      "polygon": [
        [
          157.2265625,
          778.3203125
        ],
        [
          104.4921875,
          746.09375
        ],
        [
          15.625,
          700.1953125
        ],
        [
          27.34375,
          503.90625
        ],
        [
          27.34375,
          452.1484375
        ],
        [
          82.03125,
          378.90625
        ],
        [
          180.6640625,
          367.1875
        ],
        [
          179.6875,
          443.359375
        ],
        [
          164.0625,
          739.2578125
        ],
        [
          160.15625,
          744.140625
        ]
      ]
    },
    {
      "id": "P002",
      "area_px": 5535.0,
      "centroid_norm": [
        0.21219176970415538,
        0.6733459307249323
      ],
      "polygon": [
        [
          215.8203125,
          766.6015625
        ],
        [
          192.3828125,
          752.9296875
        ],
        [
          200.1953125,
          596.6796875
        ],
        [
          211.9140625,
          596.6796875
        ],
        [
          212.890625,
          593.75
        ],
        [
          234.375,
          598.6328125
        ],
        [
          227.5390625,
          708.0078125
        ],
        [
          220.703125,
          708.984375
        ]
      ]
    },
    {
      "id": "P018",
      "area_px": 12532.0,
      "centroid_norm": [
        0.3997584153317507,
        0.6089605142086258
      ],
      "polygon": [
        [
          447.265625,
          714.84375
        ],
        [
          438.4765625,
          714.84375
        ],
        [
          359.375,
          653.3203125
        ],
        [
          371.09375,
          500.9765625
        ],
        [
          394.53125,
          479.4921875
        ],
        [
          454.1015625,
          708.984375
        ]
      ]
    },
    {
      "id": "P025",
      "area_px": 1663.0,
      "centroid_norm": [
        0.46843172166265784,
        0.6506290401383042
      ],
      "polygon": [
        [
          467.7734375,
          699.21875
        ],
        [
          458.984375,
          666.015625
        ],
        [
          464.84375,
          662.109375
        ],
        [
          464.84375,
          648.4375
        ],
        [
          447.265625,
          585.9375
        ],
        [
          448.2421875,
          576.171875
        ],
        [
          457.03125,
          609.375
        ],
        [
          459.9609375,
          612.3046875
        ],
        [
          465.8203125,
          612.3046875
        ],
        [
          467.7734375,
          609.375
        ],
        [
          486.328125,
          684.5703125
        ]
      ]
    },
    {
      "id": "P027",
      "area_px": 143997.0,
      "centroid_norm": [
        0.7788314586740522,
        0.42976351069813956
      ],
      "polygon": [
        [
          793.9453125,
          693.359375
        ],
        [
          774.4140625,
          670.8984375
        ],
        [
          770.5078125,
          635.7421875
        ],
        [
          745.1171875,
          629.8828125
        ],
        [
          728.515625,
          607.421875
        ],
        [
          715.8203125,
          610.3515625
        ],
        [
          686.5234375,
          628.90625
        ],
        [
          668.9453125,
          652.34375
        ],
        [
          643.5546875,
          592.7734375
        ],
        [
          633.7890625,
          592.7734375
        ],
        [
          636.71875,
          613.28125
        ],
        [
          627.9296875,
          590.8203125
        ],
        [
          639.6484375,
          577.1484375
        ],
        [
          641.6015625,
          566.40625
        ],
        [
          637.6953125,
          561.5234375
        ],
        [
          630.859375,
          561.5234375
        ],
        [
          622.0703125,
          573.2421875
        ],
        [
          620.1171875,
          572.265625
        ],
        [
          576.171875,
          461.9140625
        ],
        [
          576.171875,
          450.1953125
        ],
        [
          562.5,
          399.4140625
        ],
        [
          560.546875,
          308.59375
        ],
        [
          562.5,
          302.734375
        ],
        [
          637.6953125,
          303.7109375
        ],
        [
          632.8125,
          334.9609375
        ],
        [
          625.9765625,
          335.9375
        ],
        [
          627.9296875,
          350.5859375
        ],
        [
          636.71875,
          351.5625
        ],
        [
          643.5546875,
          342.7734375
        ],
        [
          649.4140625,
          304.6875
        ],
        [
          672.8515625,
          301.7578125
        ],
        [
          685.546875,
          253.90625
        ],
        [
          808.59375,
          219.7265625
        ],
        [
          980.46875,
          279.296875
        ],
        [
          982.421875,
          290.0390625
        ],
        [
          969.7265625,
          522.4609375
        ],
        [
          949.21875,
          539.0625
        ],
        [
          943.359375,
          551.7578125
        ],
        [
          918.9453125,
          583.984375
        ],
        [
          908.203125,
          584.9609375
        ],
        [
          864.2578125,
          599.609375
        ],
        [
          810.546875,
          631.8359375
        ]
      ]
    },
    {
      "id": "P028",
      "area_px": 1610.0,
      "centroid_norm": [
        0.6024844720496895,
        0.651957977484472
      ],
      "polygon": [
        [
          604.4921875,
          691.40625
        ],
        [
          596.6796875,
          684.5703125
        ],
        [
          584.9609375,
          639.6484375
        ],
        [
          606.4453125,
          615.234375
        ],
        [
          621.09375,
          653.3203125
        ],
        [
          610.3515625,
          665.0390625
        ],
        [
          607.421875,
          689.453125
        ]
      ]
    },
    {
      "id": "P029",
      "area_px": 30141.0,
      "centroid_norm": [
        0.5125934799152317,
        0.49405402032323087
      ],
      "polygon": [
        [
          501.953125,
          669.921875
        ],
        [
          443.359375,
          441.40625
        ],
        [
          475.5859375,
          414.0625
        ],
        [
          460.9375,
          346.6796875
        ],
        [
          499.0234375,
          316.40625
        ],
        [
          532.2265625,
          307.6171875
        ],
        [
          536.1328125,
          400.390625
        ],
        [
          547.8515625,
          472.65625
        ],
        [
          556.640625,
          504.8828125
        ],
        [
          594.7265625,
          589.84375
        ],
        [
          580.078125,
          596.6796875
        ],
        [
          581.0546875,
          605.46875
        ],
        [
          573.2421875,
          615.234375
        ]
      ]
    },
    {
      "id": "P041",
      "area_px": 7014.0,
      "centroid_norm": [
        0.22271932140183917,
        0.46658510545872545
      ],