{
  "site": {
    "width_m": 1000.0,
    "height_m": 1000.0
  },
  "parcels": [
    {
      "id": "P001",
      "area_px": 5516.0,
      "centroid_norm": [
        0.5373889239825055,
        0.9440691355261965
      ],
      "polygon": [
        [
          700.1953125,
          924.8046875
        ],
        [
          691.40625,
          942.3828125
        ],
        [
          653.3203125,
          957.03125
        ],
        [
          622.0703125,
          965.8203125
        ],
        [
          585.9375,
          966.796875
        ],
        [
          508.7890625,
          955.078125
        ],
        [
          497.0703125,
          948.2421875
        ],
        [
          424.8046875,
          939.453125
        ],
        [
          268.5546875,
          914.0625
        ],
        [
          328.125,
          917.96875
        ],
        [
          423.828125,
          934.5703125
        ],
        [
          444.3359375,
          934.5703125
        ],
        [
          502.9296875,
          926.7578125
        ],
        [
          502.9296875,
          932.6171875
        ],
        [
          505.859375,
          934.5703125
        ],
        [
          600.5859375,
          949.21875
        ],
        [
          603.515625,
          960.9375
        ],
        [
          612.3046875,
          960.9375
        ],
        [
          620.1171875,
          952.1484375
        ],
        [
          698.2421875,
          922.8515625
        ]
      ]
    },
    {
      "id": "P006",
      "area_px": 104946.0,
      "centroid_norm": [
        0.3394078952657795,
        0.6650617676293046
      ],
      "polygon": [
        [
          505.859375,
          910.15625
        ],
        [
          436.5234375,
          918.9453125
        ],
        [
          377.9296875,
          912.109375
        ],
        [
          339.84375,
          903.3203125
        ],
        [
          335.9375,
          872.0703125
        ],
        [
          310.546875,
          826.171875
        ],
        [
          276.3671875,
          804.6875
        ],
        [
          275.390625,
          788.0859375
        ],
        [
          238.28125,
          788.0859375
        ],
        [
          239.2578125,
          759.765625
        ],
        [
          243.1640625,
          745.1171875
        ],
        [
          241.2109375,
          678.7109375
        ],
        [
          193.359375,
          562.5
        ],
        [
          189.453125,
          542.96875
        ],
        [
          125.9765625,
          458.0078125
        ],
        [
          137.6953125,
          394.53125
        ],
        [
          189.453125,
          397.4609375
        ],
        [
          217.7734375,
          404.296875
        ],
        [
          220.703125,
          429.6875
        ],
        [
          231.4453125,
          455.078125
        ],
        [
          236.328125,
          459.9609375
        ],
        [
          287.109375,
          486.328125
        ],
        [
          320.3125,
          517.578125
        ],
        [
          358.3984375,
          541.9921875
        ],
        [
          380.859375,
          548.828125
        ],
        [
          430.6640625,
          549.8046875
        ],
        [
          453.125,
          544.921875
        ],
        [
          480.46875,
          528.3203125
        ],
        [
          485.3515625,
          576.171875
        ],
        [
          482.421875,
          616.2109375
        ],
        [
          504.8828125,
          671.875
        ],
        [
          517.578125,
          686.5234375
        ],
        [
          449.21875,
          723.6328125
        ],
        [
          448.2421875,
          736.328125
        ],
        [
          437.5,
          737.3046875
        ],
        [
          435.546875,
          746.09375
        ],
        [
          438.4765625,
          749.0234375
        ],
        [
          447.265625,
          749.0234375
        ],
        [
          448.2421875,
          784.1796875
        ],
        [
          494.140625,
          789.0625
        ],
        [
          527.34375,
          772.4609375
        ],
        [
          533.203125,
          778.3203125
        ],
        [
          514.6484375,
          788.0859375
        ],
        [
          515.625,
          796.875
        ],
        [
          527.34375,
          797.8515625
        ],
        [
          542.96875,
          789.0625
        ],
        [
          550.78125,
          797.8515625
        ],
        [
          489.2578125,
          830.078125
        ],
        [
          418.9453125,
          798.828125
        ],
        [
          387.6953125,
          802.734375
        ],
        [
          375.9765625,
          812.5
        ],
        [
          375.9765625,
          819.3359375
        ],
        [
          520.5078125,
          882.8125
        ]
      ]
    },
    {
      "id": "P008",
      "area_px": 6074.0,
      "centroid_norm": [
        0.26867334129074744,
        0.8543817333614587
      ],
      "polygon": [
        [
          323.2421875,
          901.3671875
        ],
        [
          308.59375,
          898.4375
        ],
        [
          307.6171875,
          874.0234375
        ],
        [
          291.015625,
          875.9765625
        ],
        [
          293.9453125,
          894.53125
        ],
        [
          290.0390625,
          896.484375
        ],
        [
          250.0,
          889.6484375
        ],
        [
          232.421875,
          869.140625
        ],
        [
          220.703125,
          850.5859375
        ],
        [
          243.1640625,
          812.5
        ],
        [
          242.1875,
          799.8046875
        ],
        [
          262.6953125,
          799.8046875
        ],
        [
          261.71875,
          817.3828125
        ],
        [
          274.4140625,
          818.359375
        ],
        [
          293.9453125,
          831.0546875
        ],
        [
          321.2890625,
          877.9296875
        ]
      ]
    },
    {
      "id": "P036",
      "area_px": 71743.0,
      "centroid_norm": [
        0.6678157788477621,
        0.5788203258941639
      ],