{
  "site": {
    "width_m": 1000.0,
    "height_m": 1000.0
  },
  "parcels": [
    {
      "id": "P010",
      "area_px": 173347.0,
      "centroid_norm": [
        0.7172992260916687,
        0.4920271347896128
      ],
      "polygon": [
        [
          483.3984375,
          701.171875
        ],
        [
          485.3515625,
          687.5
        ],
        [
          495.1171875,
          688.4765625
        ],
        [
          495.1171875,
          677.734375
        ],
        [
          487.3046875,
          672.8515625
        ],
        [
          491.2109375,
          647.4609375
        ],
        [
          500.0,
          651.3671875
        ],
        [
          507.8125,
          649.4140625
        ],
        [
          507.8125,
          635.7421875
        ],
        [
          499.0234375,
          630.859375
        ],
        [
          495.1171875,
          623.046875
        ],
        [
          497.0703125,
          615.234375
        ],
        [
          507.8125,
          615.234375
        ],
        [
          507.8125,
          605.46875
        ],
        [
          499.0234375,
          596.6796875
        ],
        [
          503.90625,
          571.2890625
        ],
        [
          513.671875,
          570.3125
        ],
        [
          516.6015625,
          557.6171875
        ],
        [
          516.6015625,
          545.8984375
        ],
        [
          507.8125,
          543.9453125
        ],
        [
          509.765625,
          537.109375
        ],
        [
          518.5546875,
          535.15625
        ],
        [
          518.5546875,
          526.3671875
        ],
        [
          512.6953125,
          521.484375
        ],
        [
          513.671875,
          511.71875
        ],
        [
          524.4140625,
          513.671875
        ],
        [
          525.390625,
          500.9765625
        ],
        [
          530.2734375,
          499.0234375
        ],
        [
          530.2734375,
          489.2578125
        ],
        [
          519.53125,
          483.3984375
        ],
        [
          521.484375,
          468.75
        ],
        [
          540.0390625,
          467.7734375
        ],
        [
          540.0390625,
          458.0078125
        ],
        [
          537.109375,
          454.1015625
        ],
        [
          514.6484375,
          448.2421875
        ],
        [
          522.4609375,
          436.5234375
        ],
        [
          535.15625,
          439.453125
        ],
        [
          537.109375,
          436.5234375
        ],
        [
          537.109375,
          427.734375
        ],
        [
          522.4609375,
          418.9453125
        ],
        [
          530.2734375,
          410.15625
        ],
        [
          531.25,
          398.4375
        ],
        [
          522.4609375,
          397.4609375
        ],
        [
          515.625,
          404.296875
        ],
        [
          505.859375,
          425.78125
        ],
        [
          500.0,
          400.390625
        ],
        [
          505.859375,
          394.53125
        ],
        [
          505.859375,
          382.8125
        ],
        [
          498.046875,
          350.5859375
        ],
        [
          573.2421875,
          328.125
        ],
        [
          632.8125,
          298.828125
        ],
        [
          665.0390625,
          279.296875
        ],
        [
          730.46875,
          279.296875
        ],
        [
          757.8125,
          291.015625
        ],
        [
          794.921875,
          291.9921875
        ],
        [
          824.21875,
          272.4609375
        ],
        [
          852.5390625,
          269.53125
        ],
        [
          874.0234375,
          263.671875
        ],
        [
          882.8125,
          242.1875
        ],
        [
          894.53125,
          277.34375
        ],
        [
          906.25,
          346.6796875
        ],
        [
          978.515625,
          488.28125
        ],
        [
          988.28125,
          522.4609375
        ],
        [
          903.3203125,
          586.9140625
        ],
        [
          871.09375,
          616.2109375
        ],
        [
          845.703125,
          628.90625
        ],
        [
          818.359375,
          650.390625
        ],
        [
          810.546875,
          653.3203125
        ],
        [
          799.8046875,
          652.34375
        ],
        [
          787.109375,
          657.2265625
        ],
        [
          772.4609375,
          690.4296875
        ],
        [
          731.4453125,
          689.453125
        ],
        [
          722.65625,
          697.265625
        ],
        [
          692.3828125,
          702.1484375
        ],
        [
          630.859375,
          725.5859375
        ],
        [
          616.2109375,
          725.5859375
        ],
        [
          555.6640625,
          714.84375
        ],
        [
          511.71875,
          711.9140625
        ],
        [
          494.140625,
          708.0078125
        ]
      ]
    },
    {
      "id": "P011",
      "area_px": 7319.0,
      "centroid_norm": [
        0.18035771088092636,
        0.6616742649695997
      ],
      "polygon": [
        [
          219.7265625,
          721.6796875
        ],
        [
          140.625,
          700.1953125
        ],
        [
          151.3671875,
          619.140625
        ],
        [
          192.3828125,
          584.9609375
        ],
        [
          219.7265625,
          701.171875
        ]
      ]
    },
    {
      "id": "P039",
      "area_px": 7318.0,
      "centroid_norm": [
        0.33950346107201423,
        0.5386257291524323
      ],
      "polygon": [
        [
          329.1015625,
          618.1640625
        ],
        [
          301.7578125,
          499.0234375
        ],
        [
          350.5859375,
          459.9609375
        ],
        [
          376.953125,
          579.1015625
        ]
      ]
    }
  ]
}