{
  "site": {
    "width_m": 1000.0,
    "height_m": 1000.0
  },
  "parcels": [
    {
      "id": "P002",
      "area_px": 32338.0,
      "centroid_norm": [
        0.5292522716598893,
        0.8600042181411961
      ],
      "polygon": [
        [
          369.140625,
          842.7734375
        ],
        [
          449.21875,
          801.7578125
        ],
        [
          552.734375,
          761.71875
        ],
        [
          681.640625,
          892.578125
        ],
        [
          475.5859375,
          956.0546875
        ],
        [
          416.015625,
          848.6328125
        ]
      ]
    },
    {
      "id": "P004",
      "area_px": 25130.0,
      "centroid_norm": [
        0.6939762453989256,
        0.7582120628979307
      ],
      "polygon": [
        [
          706.0546875,
          878.90625
        ],
        [
          577.1484375,
          748.046875
        ],
        [
          681.640625,
          685.546875
        ],
        [
          765.625,
          645.5078125
        ],
        [
          770.5078125,
          675.78125
        ],
        [
          770.5078125,
          707.03125
        ],
        [
          748.046875,
          809.5703125
        ],
        [
          749.0234375,
          819.3359375
        ],
        [
          739.2578125,
          825.1953125
        ],
        [
          740.234375,
          833.984375
        ],
        [
          727.5390625,
          857.421875
        ]
      ]
    },
    {
      "id": "P005",
      "area_px": 159631.0,
      "centroid_norm": [
        0.4977331203975888,
        0.591119305274743
      ],
      "polygon": [
        [
          295.8984375,
          832.03125
        ],
        [
          296.875,
          800.78125
        ],
        [
          286.1328125,
          749.0234375
        ],
        [
          265.625,
          740.234375
        ],
        [
          251.953125,
          711.9140625
        ],
        [
          251.953125,
          698.2421875
        ],
        [
          223.6328125,
          645.5078125
        ],
        [
          240.234375,
          574.21875
        ],
        [
          253.90625,
          535.15625
        ],
        [
          277.34375,
          534.1796875
        ],
        [
          296.875,
          541.015625
        ],
        [
          304.6875,
          540.0390625
        ],
        [
          320.3125,
          522.4609375
        ],
        [
          328.125,
          506.8359375
        ],
        [
          332.03125,
          488.28125
        ],
        [
          364.2578125,
          495.1171875
        ],
        [
          378.90625,
          495.1171875
        ],
        [
          394.53125,
          481.4453125
        ],
        [
          430.6640625,
          492.1875
        ],
        [
          455.078125,
          457.03125
        ],
        [
          481.4453125,
          430.6640625
        ],
        [
          503.90625,
          417.96875
        ],
        [
          513.671875,
          406.25
        ],
        [
          513.671875,
          400.390625
        ],
        [
          528.3203125,
          385.7421875
        ],
        [
          538.0859375,
          381.8359375
        ],
        [
          562.5,
          380.859375
        ],
        [
          583.0078125,
          359.375
        ],
        [
          609.375,
          342.7734375
        ],
        [
          623.046875,
          345.703125
        ],
        [
          688.4765625,
          381.8359375
        ],
        [
          698.2421875,
          394.53125
        ],
        [
          698.2421875,
          428.7109375
        ],
        [
          729.4921875,
          495.1171875
        ],
        [
          740.234375,
          504.8828125
        ],
        [
          748.046875,
          527.34375
        ],
        [
          762.6953125,
          626.953125
        ],
        [
          671.875,
          670.8984375
        ],
        [
          552.734375,
          742.1875
        ],
        [
          429.6875,
          791.9921875
        ],
        [
          357.421875,
          830.078125
        ],
        [
          354.4921875,
          824.21875
        ],
        [
          357.421875,
          704.1015625
        ],
        [
          333.984375,
          700.1953125
        ],
        [
          331.0546875,
          702.1484375
        ],
        [
          333.0078125,
          752.9296875
        ],
        [
          330.078125,
          836.9140625
        ]
      ]
    },
    {
      "id": "P007",
      "area_px": 3374.0,
      "centroid_norm": [
        0.6860452865663901,
        0.3359369211247777
      ],
      "polygon": [
        [
          708.984375,
          376.953125
        ],
        [
          693.359375,
          365.234375
        ],
        [
          637.6953125,
          335.9375
        ],
        [
          686.5234375,
          302.734375
        ],
        [
          716.796875,
          316.40625
        ]
      ]
    },
    {
      "id": "P008",
      "area_px": 24802.0,
      "centroid_norm": [
        0.6952306801114829,
        0.17443555301739777
      ],
      "polygon": [
        [
          539.0625,
          369.140625
        ],
        [
          546.875,
          354.4921875
        ],
        [
          559.5703125,
          339.84375
        ],
        [
          568.359375,
          338.8671875
        ],
        [
          647.4609375,
          243.1640625
        ],
        [
          659.1796875,
          245.1171875
        ],
        [
          664.0625,
          239.2578125
        ],
        [
          670.8984375,
          218.75
        ],
        [
          666.9921875,
          186.5234375
        ],
        [
          664.0625,
          185.546875
        ],
        [
          662.109375,
          178.7109375
        ],
        [
          663.0859375,
          159.1796875
        ],
        [
          666.015625,
          154.296875
        ],
        [
          666.015625,
          125.0
        ],
        [
          658.203125,
          101.5625
        ],
        [
          661.1328125,
          94.7265625
        ],
        [
          670.8984375,
          87.890625
        ],
        [
          673.828125,
          82.03125
        ],
        [
          698.2421875,
          84.9609375
        ],
        [
          709.9609375,
          83.0078125
        ],
        [
          710.9375,
          58.59375
        ],
        [
          721.6796875,
          46.875
        ],
        [
          723.6328125,
          13.671875
        ],
        [
          729.4921875,
          4.8828125
        ],
        [
          774.4140625,
          12.6953125
        ],
        [
          767.578125,
          36.1328125
        ],
        [
          766.6015625,
          56.640625
        ],
        [
          769.53125,
          68.359375
        ],
        [
          758.7890625,
          83.0078125
        ],
        [
          759.765625,
          89.84375
        ],
        [
          767.578125,
          89.84375
        ],
        [
          754.8828125,
          135.7421875
        ],
        [
          750.0,
          138.671875
        ],
        [
          751.953125,
          146.484375
        ],
        [
          740.234375,
          186.5234375
        ],
        [
          735.3515625,
          246.09375
        ],
        [
          615.234375,
          327.1484375
        ],
        [
          600.5859375,
          328.125
        ],
        [
          569.3359375,
          348.6328125
        ],
        [
          550.78125,
          368.1640625
        ]
      ]
    }
  ]
}