{
  "site": {
    "width_m": 1000.0,
    "height_m": 1000.0
  },
  "parcels": [
    {
      "id": "P003",
      "area_px": 20699.0,
      "centroid_norm": [
        0.4007090374987922,
        0.8801954219557708
      ],
      "polygon": [
        [
          285.15625,
          844.7265625
        ],
        [
          366.2109375,
          803.7109375
        ],
        [
          422.8515625,
          839.84375
        ],
        [
          463.8671875,
          851.5625
        ],
        [
          501.953125,
          853.515625
        ],
        [
          537.109375,
          862.3046875
        ],
        [
          450.1953125,
          932.6171875
        ],
        [
          429.6875,
          946.2890625
        ],
        [
          389.6484375,
          965.8203125
        ],
        [
          333.984375,
          905.2734375
        ],
        [
          331.0546875,
          893.5546875
        ]
      ]
    },
    {
      "id": "P005",
      "area_px": 23458.0,
      "centroid_norm": [
        0.6449008017653892,
        0.7355647510310981
      ],
      "polygon": [
        [
          529.296875,
          843.75
        ],
        [
          563.4765625,
          820.3125
        ],
        [
          577.1484375,
          806.640625
        ],
        [
          580.078125,
          799.8046875
        ],
        [
          580.078125,
          782.2265625
        ],
        [
          572.265625,
          745.1171875
        ],
        [
          575.1953125,
          708.984375
        ],
        [
          595.703125,
          669.921875
        ],
        [
          625.0,
          639.6484375
        ],
        [
          758.7890625,
          703.125
        ],
        [
          725.5859375,
          754.8828125
        ],
        [
          704.1015625,
          778.3203125
        ],
        [
          587.890625,
          828.125
        ],
        [
          563.4765625,
          840.8203125
        ],
        [
          554.6875,
          849.609375
        ]
      ]
    },
    {
      "id": "P006",
      "area_px": 1681.0,
      "centroid_norm": [
        0.4945803976427722,
        0.8185290098899465
      ],
      "polygon": [
        [
          528.3203125,
          823.2421875
        ],
        [
          504.8828125,
          838.8671875
        ],
        [
          476.5625,
          837.890625
        ],
        [
          477.5390625,
          816.40625
        ],
        [
          472.65625,
          804.6875
        ],
        [
          472.65625,
          791.015625
        ],
        [
          479.4921875,
          786.1328125
        ],
        [
          492.1875,
          804.6875
        ],
        [
          512.6953125,
          809.5703125
        ]
      ]
    },
    {
      "id": "P011",
      "area_px": 3085.0,
      "centroid_norm": [
        0.5333930561183144,
        0.7799046545786061
      ],
      "polygon": [
        [
          539.0625,
          814.453125
        ],
        [
          524.4140625,
          801.7578125
        ],
        [
          500.9765625,
          793.9453125
        ],
        [
          493.1640625,
          778.3203125
        ],
        [
          554.6875,
          739.2578125
        ],
        [
          561.5234375,
          792.96875
        ],
        [
          548.828125,
          808.59375
        ]
      ]
    },
    {
      "id": "P017",
      "area_px": 263448.0,
      "centroid_norm": [
        0.40383874156973104,
        0.45387684206774204
      ],
      "polygon": [
        [
          459.9609375,
          779.296875
        ],
        [
          458.984375,
          775.390625
        ],
        [
          448.2421875,
          775.390625
        ],
        [
          447.265625,
          780.2734375
        ],
        [
          424.8046875,
          785.15625
        ],
        [
          371.09375,
          769.53125
        ],
        [
          371.09375,
          754.8828125
        ],
        [
          367.1875,
          746.09375
        ],
        [
          350.5859375,
          750.0
        ],
        [
          349.609375,
          757.8125
        ],
        [
          356.4453125,
          761.71875
        ],
        [
          350.5859375,
          765.625
        ],
        [
          339.84375,
          760.7421875
        ],
        [
          335.9375,
          751.953125
        ],
        [
          328.125,
          751.953125
        ],
        [
          327.1484375,
          764.6484375
        ],
        [
          335.9375,
          771.484375
        ],
        [
          316.40625,
          769.53125
        ],
        [
          250.9765625,
          749.0234375
        ],
        [
          248.046875,
          741.2109375
        ],
        [
          255.859375,
          732.421875
        ],
        [
          256.8359375,
          724.609375
        ],
        [
          265.625,
          721.6796875
        ],
        [
          265.625,
          711.9140625
        ],
        [
          253.90625,
          710.9375
        ],
        [
          252.9296875,
          704.1015625
        ],
        [
          246.09375,
          704.1015625
        ],
        [
          235.3515625,
          693.359375
        ],
        [
          222.65625,
          689.453125
        ],
        [
          221.6796875,
          686.5234375
        ],
        [
          213.8671875,
          686.5234375
        ],
        [
          211.9140625,
          696.2890625
        ],
        [
          226.5625,
          703.125
        ],
        [
          237.3046875,
          712.890625
        ],
        [
          241.2109375,
          724.609375
        ],
        [
          228.515625,
          736.328125
        ],
        [
          228.515625,
          743.1640625
        ],
        [
          187.5,
          731.4453125
        ],
        [
          186.5234375,
          726.5625
        ],
        [
          173.828125,
          726.5625
        ],
        [
          169.921875,
          724.609375
        ],
        [
          163.0859375,
          710.9375
        ],
        [
          164.0625,
          700.1953125
        ],
        [
          203.125,
          576.171875
        ],
        [
          210.9375,
          524.4140625
        ],
        [
          211.9140625,
          497.0703125
        ],
        [
          217.7734375,
          492.1875
        ],
        [
          218.75,
          460.9375
        ],
        [
          209.9609375,
          435.546875
        ],
        [
          209.9609375,
          397.4609375
        ],
        [
          207.03125,
          379.8828125
        ],
        [
          196.2890625,
          368.1640625
        ],
        [
          167.96875,
          285.15625
        ],
        [
          172.8515625,
          270.5078125
        ],
        [
          191.40625,
          254.8828125
        ],
        [
          218.75,
          238.28125
        ],
        [
          239.2578125,
          236.328125
        ],
        [
          250.0,
          230.46875
        ],
        [
          271.484375,
          232.421875
        ],
        [
          277.34375,
          229.4921875
        ],
        [
          278.3203125,
          217.7734375
        ],
        [
          266.6015625,
          214.84375
        ],
        [
          257.8125,
          198.2421875
        ],
        [
          241.2109375,
          179.6875
        ],
        [
          244.140625,
          169.921875
        ],
        [
          258.7890625,
          151.3671875
        ],
        [
          269.53125,
          119.140625
        ],
        [
          256.8359375,
          75.1953125
        ],
        [
          261.71875,
          63.4765625
