{
  "site": {
    "width_m": 1000.0,
    "height_m": 1000.0
  },
  "parcels": [
    {
      "id": "P001",
      "area_px": 1526.0,
      "centroid_norm": [
        0.802358724811599,
        0.9647106405635649
      ],
      "polygon": [
        [
          887.6953125,
          995.1171875
        ],
        [
          811.5234375,
          976.5625
        ],
        [
          763.671875,
          954.1015625
        ],
        [
          680.6640625,
          926.7578125
        ],
        [
          803.7109375,
          958.0078125
        ],
        [
          802.734375,
          970.703125
        ],
        [
          815.4296875,
          976.5625
        ],
        [
          867.1875,
          978.515625
        ],
        [
          886.71875,
          985.3515625
        ]
      ]
    },
    {
      "id": "P002",
      "area_px": 6573.0,
      "centroid_norm": [
        0.8178713166077134,
        0.8603283852978092
      ],
      "polygon": [
        [
          792.96875,
          941.40625
        ],
        [
          801.7578125,
          849.609375
        ],
        [
          802.734375,
          803.7109375
        ],
        [
          806.640625,
          800.78125
        ],
        [
          806.640625,
          774.4140625
        ],
        [
          840.8203125,
          776.3671875
        ],
        [
          832.03125,
          931.640625
        ],
        [
          817.3828125,
          946.2890625
        ]
      ]
    },
    {
      "id": "P003",
      "area_px": 12338.0,
      "centroid_norm": [
        0.5850168179607717,
        0.8989757254011995
      ],
      "polygon": [
        [
          777.34375,
          904.296875
        ],
        [
          774.4140625,
          935.546875
        ],
        [
          661.1328125,
          907.2265625
        ],
        [
          569.3359375,
          912.109375
        ],
        [
          514.6484375,
          925.78125
        ],
        [
          476.5625,
          924.8046875
        ],
        [
          469.7265625,
          933.59375
        ],
        [
          450.1953125,
          926.7578125
        ],
        [
          456.0546875,
          916.9921875
        ],
        [
          456.0546875,
          909.1796875
        ],
        [
          439.453125,
          895.5078125
        ],
        [
          472.65625,
          886.71875
        ],
        [
          505.859375,
          865.234375
        ],
        [
          524.4140625,
          857.421875
        ],
        [
          544.921875,
          860.3515625
        ],
        [
          634.765625,
          886.71875
        ],
        [
          680.6640625,
          891.6015625
        ],
        [
          683.59375,
          893.5546875
        ],
        [
          683.59375,
          907.2265625
        ],
        [
          692.3828125,
          907.2265625
        ],
        [
          701.171875,
          895.5078125
        ],
        [
          710.9375,
          895.5078125
        ],
        [
          709.9609375,
          907.2265625
        ],
        [
          715.8203125,
          911.1328125
        ],
        [
          726.5625,
          909.1796875
        ],
        [
          727.5390625,
          897.4609375
        ],
        [
          775.390625,
          898.4375
        ]
      ]
    },
    {
      "id": "P007",
      "area_px": 31616.0,
      "centroid_norm": [
        0.6354894908333597,
        0.8110359284559242
      ],
      "polygon": [
        [
          784.1796875,
          816.40625
        ],
        [
          771.484375,
          832.03125
        ],
        [
          771.484375,
          837.890625
        ],
        [
          754.8828125,
          869.140625
        ],
        [
          747.0703125,
          875.9765625
        ],
        [
          731.4453125,
          880.859375
        ],
        [
          647.4609375,
          872.0703125
        ],
        [
          547.8515625,
          842.7734375
        ],
        [
          483.3984375,
          838.8671875
        ],
        [
          479.4921875,
          835.9375
        ],
        [
          483.3984375,
          750.9765625
        ],
        [
          735.3515625,
          766.6015625
        ],
        [
          738.28125,
          769.53125
        ],
        [
          785.15625,
          772.4609375
        ]
      ]
    },
    {
      "id": "P008",
      "area_px": 15943.0,
      "centroid_norm": [
        0.39814973166123063,
        0.8010907020322399
      ],
      "polygon": [
        [
          459.9609375,
          870.1171875
        ],
        [
          445.3125,
          876.953125
        ],
        [
          428.7109375,
          876.953125
        ],
        [
          342.7734375,
          825.1953125
        ],
        [
          317.3828125,
          812.5
        ],
        [
          286.1328125,
          803.7109375
        ],
        [
          280.2734375,
          796.875
        ],
        [
          286.1328125,
          795.8984375
        ],
        [
          315.4296875,
          806.640625
        ],
        [
          325.1953125,
          805.6640625
        ],
        [
          329.1015625,
          741.2109375
        ],
        [
          464.84375,
          750.0
        ]
      ]
    },
    {
      "id": "P011",
      "area_px": 58272.0,
      "centroid_norm": [
        0.644186708051251,
        0.6225060049745161
      ],
      "polygon": [
        [
          813.4765625,
          508.7890625
        ],
        [
          806.640625,
          583.0078125
        ],
        [
          785.15625,
          579.1015625
        ],
        [
          774.4140625,
          581.0546875
        ],
        [
          776.3671875,
          589.84375
        ],
        [
          781.25,
          589.84375
        ],
        [
          785.15625,
          593.75
        ],
        [
          805.6640625,
          595.703125
        ],
        [
          804.6875,
          601.5625
        ],
        [
          765.625,
          591.796875
        ],
        [
          757.8125,
          591.796875
        ],
        [
          751.953125,
          598.6328125
        ],
        [
          743.1640625,
          737.3046875
        ],
        [
          483.3984375,
          722.65625
        ],
        [
          477.5390625,
          719.7265625
        ],
        [
          483.3984375,
          701.171875
        ],
        [
          492.1875,
          692.3828125
        ],
        [
          499.0234375,
          670.8984375
        ],
        [
          510.7421875,
          542.96875
        ],
        [
          605.46875,
          544.921875
        ],
        [
          610.3515625,
          547.8515625
        ],
        [
          610.3515625,
          553.7109375
        ],
        [
          615.234375,
          558.59375
        ],
        [
          626.953125,
          560.546875
        ],
        [
          630.859375,
          512.6953125
        ],
        [
          634.765625,
          508.7890625
        ],
        [
          675.78125,
          512.6953125
        ],
        [
          809.5703125,
          504.8828125
        ]
      ]
    },
    {
      "id": "P012",
      "area_px": 19467.0,
      "centroid_norm": [
        0.3976776002337289,
        0.6509356178083423
      ],