{
  "site": {
    "width_m": 1000.0,
    "height_m": 1000.0
  },
  "parcels": [
    {
      "id": "P001",
      "area_px": 7913.0,
      "centroid_norm": [
        0.833013612883862,
        0.9157606549349172
      ],
      "polygon": [
        [
          904.296875,
          992.1875
        ],
        [
          853.515625,
          995.1171875
        ],
        [
          831.0546875,
          957.03125
        ],
        [
          825.1953125,
          953.125
        ],
        [
          806.640625,
          924.8046875
        ],
        [
          781.25,
          847.65625
        ],
        [
          789.0625,
          844.7265625
        ],
        [
          787.109375,
          833.0078125
        ],
        [
          818.359375,
          829.1015625
        ],
        [
          830.078125,
          831.0546875
        ],
        [
          832.03125,
          838.8671875
        ],
        [
          822.265625,
          841.796875
        ],
        [
          822.265625,
          850.5859375
        ],
        [
          830.078125,
          864.2578125
        ],
        [
          855.46875,
          931.640625
        ],
        [
          879.8828125,
          962.890625
        ],
        [
          887.6953125,
          967.7734375
        ]
      ]
    },
    {
      "id": "P002",
      "area_px": 5862.0,
      "centroid_norm": [
        0.8829541032284204,
        0.8740745812542647
      ],
      "polygon": [
        [
          883.7890625,
          942.3828125
        ],
        [
          871.09375,
          926.7578125
        ],
        [
          875.0,
          925.78125
        ],
        [
          875.0,
          916.9921875
        ],
        [
          867.1875,
          904.296875
        ],
        [
          854.4921875,
          871.09375
        ],
        [
          847.65625,
          869.140625
        ],
        [
          840.8203125,
          851.5625
        ],
        [
          848.6328125,
          847.65625
        ],
        [
          849.609375,
          833.984375
        ],
        [
          867.1875,
          831.0546875
        ],
        [
          870.1171875,
          822.265625
        ],
        [
          892.578125,
          819.3359375
        ],
        [
          894.53125,
          824.21875
        ],
        [
          902.34375,
          826.171875
        ],
        [
          901.3671875,
          842.7734375
        ],
        [
          913.0859375,
          849.609375
        ],
        [
          916.015625,
          881.8359375
        ],
        [
          913.0859375,
          894.53125
        ],
        [
          907.2265625,
          896.484375
        ],
        [
          897.4609375,
          916.015625
        ],
        [
          897.4609375,
          923.828125
        ],
        [
          902.34375,
          928.7109375
        ],
        [
          908.203125,
          928.7109375
        ],
        [
          906.25,
          935.546875
        ]
      ]
    },
    {
      "id": "P004",
      "area_px": 8641.0,
      "centroid_norm": [
        0.7143771111199514,
        0.6799490166792038
      ],
      "polygon": [
        [
          778.3203125,
          818.359375
        ],
        [
          744.140625,
          820.3125
        ],
        [
          689.453125,
          647.4609375
        ],
        [
          669.921875,
          625.9765625
        ],
        [
          667.96875,
          511.71875
        ],
        [
          690.4296875,
          517.578125
        ],
        [
          693.359375,
          633.7890625
        ],
        [
          716.796875,
          655.2734375
        ]
      ]
    },
    {
      "id": "P006",
      "area_px": 3008.0,
      "centroid_norm": [
        0.7851864429230385,
        0.7354801259142287
      ],
      "polygon": [
        [
          784.1796875,
          787.109375
        ],
        [
          749.0234375,
          697.265625
        ],
        [
          764.6484375,
          692.3828125
        ],
        [
          781.25,
          735.3515625
        ],
        [
          792.96875,
          737.3046875
        ],
        [
          794.921875,
          727.5390625
        ],
        [
          779.296875,
          689.453125
        ],
        [
          792.96875,
          685.546875
        ],
        [
          805.6640625,
          721.6796875
        ],
        [
          802.734375,
          726.5625
        ],
        [
          802.734375,
          738.28125
        ],
        [
          804.6875,
          741.2109375
        ],
        [
          812.5,
          742.1875
        ],
        [
          823.2421875,
          776.3671875
        ],
        [
          813.4765625,
          778.3203125
        ],
        [
          798.828125,
          738.28125
        ],
        [
          788.0859375,
          737.3046875
        ],
        [
          787.109375,
          750.9765625
        ],
        [
          799.8046875,
          782.2265625
        ]
      ]
    },
    {
      "id": "P008",
      "area_px": 1606.0,
      "centroid_norm": [
        0.7669530277085927,
        0.6334205712951433
      ],
      "polygon": [
        [
          789.0625,
          671.875
        ],
        [
          774.4140625,
          675.78125
        ],
        [
          742.1875,
          591.796875
        ],
        [
          766.6015625,
          601.5625
        ]
      ]
    },
    {
      "id": "P012",
      "area_px": 2542.0,
      "centroid_norm": [
        0.7287334499164044,
        0.5388316132720299
      ],
      "polygon": [
        [
          758.7890625,
          577.1484375
        ],
        [
          708.0078125,
          559.5703125
        ],
        [
          707.03125,
          543.9453125
        ],
        [
          719.7265625,
          541.9921875
        ],
        [
          720.703125,
          532.2265625
        ],
        [
          706.0546875,
          530.2734375
        ],
        [
          704.1015625,
          509.765625
        ],
        [
          707.03125,
          506.8359375
        ],
        [
          733.3984375,
          500.0
        ]
      ]
    },
    {
      "id": "P013",
      "area_px": 9720.0,
      "centroid_norm": [
        0.49445398903677984,
        0.5231873312114197
      ],
      "polygon": [
        [
          554.6875,
          564.453125
        ],
        [
          436.5234375,
          561.5234375
        ],
        [
          436.5234375,
          488.28125
        ],
        [
          542.96875,
          476.5625
        ]
      ]
    },
    {
      "id": "P021",
      "area_px": 45959.0,
      "centroid_norm": [
        0.5141653515225527,
        0.3634705959047738
      ],