{
  "site": {
    "width_m": 1000.0,
    "height_m": 1000.0
  },
  "parcels": [
    {
      "id": "P001",
      "area_px": 159793.0,
      "centroid_norm": [
        0.33392849826611615,
        0.42314467242385456
      ],
      "polygon": [
        [
          86.9140625,
          969.7265625
        ],
        [
          39.0625,
          901.3671875
        ],
        [
          38.0859375,
          894.53125
        ],
        [
          52.734375,
          872.0703125
        ],
        [
          49.8046875,
          848.6328125
        ],
        [
          41.9921875,
          833.0078125
        ],
        [
          41.9921875,
          824.21875
        ],
        [
          65.4296875,
          779.296875
        ],
        [
          87.890625,
          721.6796875
        ],
        [
          104.4921875,
          641.6015625
        ],
        [
          104.4921875,
          629.8828125
        ],
        [
          95.703125,
          630.859375
        ],
        [
          84.9609375,
          652.34375
        ],
        [
          75.1953125,
          683.59375
        ],
        [
          68.359375,
          686.5234375
        ],
        [
          51.7578125,
          721.6796875
        ],
        [
          51.7578125,
          706.0546875
        ],
        [
          43.9453125,
          704.1015625
        ],
        [
          37.109375,
          708.984375
        ],
        [
          37.109375,
          722.65625
        ],
        [
          30.2734375,
          692.3828125
        ],
        [
          8.7890625,
          660.15625
        ],
        [
          24.4140625,
          633.7890625
        ],
        [
          29.296875,
          604.4921875
        ],
        [
          56.640625,
          552.734375
        ],
        [
          87.890625,
          506.8359375
        ],
        [
          99.609375,
          484.375
        ],
        [
          292.96875,
          310.546875
        ],
        [
          356.4453125,
          245.1171875
        ],
        [
          408.203125,
          199.21875
        ],
        [
          451.171875,
          78.125
        ],
        [
          462.890625,
          26.3671875
        ],
        [
          517.578125,
          40.0390625
        ],
        [
          495.1171875,
          107.421875
        ],
        [
          496.09375,
          116.2109375
        ],
        [
          513.671875,
          123.046875
        ],
        [
          513.671875,
          139.6484375
        ],
        [
          519.53125,
          139.6484375
        ],
        [
          537.109375,
          110.3515625
        ],
        [
          548.828125,
          79.1015625
        ],
        [
          555.6640625,
          48.828125
        ],
        [
          712.890625,
          85.9375
        ],
        [
          611.328125,
          383.7890625
        ],
        [
          605.46875,
          384.765625
        ],
        [
          573.2421875,
          358.3984375
        ],
        [
          549.8046875,
          333.0078125
        ],
        [
          507.8125,
          303.7109375
        ],
        [
          482.421875,
          275.390625
        ],
        [
          464.84375,
          261.71875
        ],
        [
          457.03125,
          263.671875
        ],
        [
          430.6640625,
          236.328125
        ],
        [
          427.734375,
          227.5390625
        ],
        [
          429.6875,
          220.703125
        ],
        [
          449.21875,
          195.3125
        ],
        [
          470.703125,
          157.2265625
        ],
        [
          470.703125,
          150.390625
        ],
        [
          463.8671875,
          149.4140625
        ],
        [
          416.9921875,
          208.984375
        ],
        [
          385.7421875,
          243.1640625
        ],
        [
          272.4609375,
          339.84375
        ],
        [
          221.6796875,
          400.390625
        ],
        [
          166.015625,
          498.046875
        ],
        [
          165.0390625,
          507.8125
        ],
        [
          171.875,
          508.7890625
        ],
        [
          275.390625,
          379.8828125
        ],
        [
          309.5703125,
          342.7734375
        ],
        [
          372.0703125,
          283.203125
        ],
        [
          388.671875,
          272.4609375
        ],
        [
          397.4609375,
          272.4609375
        ],
        [
          430.6640625,
          296.875
        ],
        [
          375.9765625,
          394.53125
        ],
        [
          315.4296875,
          464.84375
        ],
        [
          291.9921875,
          512.6953125
        ],
        [
          254.8828125,
          566.40625
        ],
        [
          204.1015625,
          652.34375
        ],
        [
          164.0625,
          734.375
        ],
        [
          150.390625,
          787.109375
        ],
        [
          134.765625,
          868.1640625
        ],
        [
          126.953125,
          885.7421875
        ],
        [
          116.2109375,
          952.1484375
        ],
        [
          91.796875,
          957.03125
        ]
      ]
    },
    {
      "id": "P002",
      "area_px": 67791.0,
      "centroid_norm": [
        0.6386732723324261,
        0.6796175181347819
      ],
      "polygon": [
        [
          675.78125,
          874.0234375
        ],
        [
          499.0234375,
          809.5703125
        ],
        [
          616.2109375,
          463.8671875
        ],
        [
          623.046875,
          456.0546875
        ],
        [
          644.53125,
          471.6796875
        ],
        [
          661.1328125,
          491.2109375
        ],
        [
          685.546875,
          511.71875
        ],
        [
          697.265625,
          516.6015625
        ],
        [
          715.8203125,
          531.25
        ],
        [
          732.421875,
          550.78125
        ],
        [
          769.53125,
          584.9609375
        ],
        [
          756.8359375,
          622.0703125
        ],
        [
          748.046875,
          665.0390625
        ]
      ]
    },
    {
      "id": "P003",
      "area_px": 103999.0,
      "centroid_norm": [
        0.41950547038012387,
        0.5746151912368147
      ],
      "polygon": [
        [
          466.796875,
          799.8046875
        ],
        [
          211.9140625,
          707.03125
        ],
        [
          208.984375,
          701.171875
        ],
        [
          225.5859375,
          666.9921875
        ],
        [
          273.4375,
          584.9609375
        ],
        [
          313.4765625,
          527.34375
        ],
        [
          335.9375,
          480.46875
        ],
        [
          393.5546875,
          415.0390625
        ],
        [
          449.21875,
          315.4296875
        ],
        [
          477.5390625,
          332.03125
        ],
        [
          594.7265625,
          431.640625
        ],
        [
          470.703125,
          797.8515625
        ]
      ]
    },
    {
      "id": "P004",
      "area_px": 75955.0,
      "centroid_norm": [
        0.7796355700949575,
        0.29208703446942264
      ],