{
  "site": {
    "width_m": 1000.0,
    "height_m": 1000.0
  },
  "parcels": [
    {
      "id": "P001",
      "area_px": 179719.0,
      "centroid_norm": [
        0.3882756944521726,
        0.5076343138455033
      ],
      "polygon": [
        [
          25.390625,
          883.7890625
        ],
        [
          44.921875,
          827.1484375
        ],
        [
          84.9609375,
          773.4375
        ],
        [
          122.0703125,
          716.796875
        ],
        [
          151.3671875,
          627.9296875
        ],
        [
          166.9921875,
          596.6796875
        ],
        [
          178.7109375,
          580.078125
        ],
        [
          186.5234375,
          581.0546875
        ],
        [
          203.125,
          558.59375
        ],
        [
          208.0078125,
          542.96875
        ],
        [
          208.0078125,
          511.71875
        ],
        [
          223.6328125,
          463.8671875
        ],
        [
          232.421875,
          459.9609375
        ],
        [
          231.4453125,
          446.2890625
        ],
        [
          237.3046875,
          433.59375
        ],
        [
          272.4609375,
          396.484375
        ],
        [
          269.53125,
          436.5234375
        ],
        [
          272.4609375,
          440.4296875
        ],
        [
          279.296875,
          440.4296875
        ],
        [
          342.7734375,
          369.140625
        ],
        [
          342.7734375,
          364.2578125
        ],
        [
          368.1640625,
          335.9375
        ],
        [
          368.1640625,
          329.1015625
        ],
        [
          375.0,
          321.2890625
        ],
        [
          375.0,
          302.734375
        ],
        [
          371.09375,
          297.8515625
        ],
        [
          387.6953125,
          280.2734375
        ],
        [
          391.6015625,
          283.203125
        ],
        [
          377.9296875,
          298.828125
        ],
        [
          380.859375,
          310.546875
        ],
        [
          388.671875,
          310.546875
        ],
        [
          401.3671875,
          294.921875
        ],
        [
          403.3203125,
          297.8515625
        ],
        [
          410.15625,
          297.8515625
        ],
        [
          413.0859375,
          294.921875
        ],
        [
          413.0859375,
          287.109375
        ],
        [
          410.15625,
          284.1796875
        ],
        [
          424.8046875,
          265.625
        ],
        [
          440.4296875,
          230.46875
        ],
        [
          461.9140625,
          217.7734375
        ],
        [
          404.296875,
          320.3125
        ],
        [
          409.1796875,
          349.609375
        ],
        [
          418.9453125,
          350.5859375
        ],
        [
          426.7578125,
          336.9140625
        ],
        [
          433.59375,
          337.890625
        ],
        [
          436.5234375,
          334.9609375
        ],
        [
          433.59375,
          324.21875
        ],
        [
          438.4765625,
          316.40625
        ],
        [
          448.2421875,
          315.4296875
        ],
        [
          446.2890625,
          302.734375
        ],
        [
          479.4921875,
          246.09375
        ],
        [
          485.3515625,
          251.953125
        ],
        [
          475.5859375,
          267.578125
        ],
        [
          475.5859375,
          277.34375
        ],
        [
          482.421875,
          278.3203125
        ],
        [
          479.4921875,
          294.921875
        ],
        [
          485.3515625,
          295.8984375
        ],
        [
          486.328125,
          302.734375
        ],
        [
          492.1875,
          308.59375
        ],
        [
          481.4453125,
          326.171875
        ],
        [
          481.4453125,
          334.9609375
        ],
        [
          488.28125,
          335.9375
        ],
        [
          489.2578125,
          348.6328125
        ],
        [
          496.09375,
          348.6328125
        ],
        [
          521.484375,
          313.4765625
        ],
        [
          545.8984375,
          304.6875
        ],
        [
          562.5,
          281.25
        ],
        [
          566.40625,
          285.15625
        ],
        [
          575.1953125,
          285.15625
        ],
        [
          583.0078125,
          280.2734375
        ],
        [
          621.09375,
          215.8203125
        ],
        [
          658.203125,
          107.421875
        ],
        [
          672.8515625,
          101.5625
        ],
        [
          754.8828125,
          99.609375
        ],
        [
          811.5234375,
          120.1171875
        ],
        [
          787.109375,
          154.296875
        ],
        [
          783.203125,
          154.296875
        ],
        [
          749.0234375,
          207.03125
        ],
        [
          735.3515625,
          221.6796875
        ],
        [
          720.703125,
          228.515625
        ],
        [
          703.125,
          242.1875
        ],
        [
          650.390625,
          315.4296875
        ],
        [
          640.625,
          343.75
        ],
        [
          599.609375,
          396.484375
        ],
        [
          570.3125,
          452.1484375
        ],
        [
          541.9921875,
          483.3984375
        ],
        [
          532.2265625,
          518.5546875
        ],
        [
          523.4375,
          533.203125
        ],
        [
          499.0234375,
          551.7578125
        ],
        [
          476.5625,
          562.5
        ],
        [
          426.7578125,
          595.703125
        ],
        [
          426.7578125,
          602.5390625
        ],
        [
          416.015625,
          608.3984375
        ],
        [
          407.2265625,
          623.046875
        ],
        [
          407.2265625,
          631.8359375
        ],
        [
          415.0390625,
          632.8125
        ],
        [
          422.8515625,
          625.9765625
        ],
        [
          429.6875,
          640.625
        ],
        [
          394.53125,
          666.9921875
        ],
        [
          388.671875,
          658.203125
        ],
        [
          378.90625,
          659.1796875
        ],
        [
          382.8125,
          675.78125
        ],
        [
          374.0234375,
          678.7109375
        ],
        [
          326.171875,
          751.953125
        ],
        [
          326.171875,
          761.71875
        ],
        [
          338.8671875,
          774.4140625
        ],
        [
          298.828125,
          834.9609375
        ],
        [
          291.9921875,
          828.125
        ],
        [
          283.203125,
          828.125
        ],
        [
          283.203125,
          838.8671875
        ],
        [
          208.0078125,
          824.21875
        ],
        [
          190.4296875,
          799.8046875
        ],
        [
          151.3671875,
          803.7109375
        ],
        [
          92.7734375,
          854.4921875
        ],
        [
          71.2890625,
          879.8828125
        ],
        [
          41.9921875,
          899.4140625
        ]
      ]
    },
    {
      "id": "P002",
      "area_px": 3832.0,
      "centroid_norm": [
        0.05953259557672234,
        0.7675669118606472
      ],