{
  "site": {
    "width_m": 1000.0,
    "height_m": 1000.0
  },
  "parcels": [
    {
      "id": "P001",
      "area_px": 17935.0,
      "centroid_norm": [
        0.40985187395455813,
        0.8692211022442152
      ],
      "polygon": [
        [
          488.28125,
          975.5859375
        ],
        [
          417.96875,
          988.28125
        ],
        [
          410.15625,
          987.3046875
        ],
        [
          406.25,
          944.3359375
        ],
        [
          391.6015625,
          908.203125
        ],
        [
          381.8359375,
          872.0703125
        ],
        [
          367.1875,
          839.84375
        ],
        [
          346.6796875,
          810.546875
        ],
        [
          319.3359375,
          756.8359375
        ],
        [
          355.46875,
          741.2109375
        ],
        [
          361.328125,
          741.2109375
        ],
        [
          437.5,
          826.171875
        ],
        [
          447.265625,
          863.28125
        ],
        [
          458.984375,
          879.8828125
        ]
      ]
    },
    {
      "id": "P002",
      "area_px": 7042.0,
      "centroid_norm": [
        0.5223915990663164,
        0.9144236145626242
      ],
      "polygon": [
        [
          508.7890625,
          970.703125
        ],
        [
          477.5390625,
          873.046875
        ],
        [
          492.1875,
          865.234375
        ],
        [
          536.1328125,
          855.46875
        ],
        [
          568.359375,
          961.9140625
        ]
      ]
    },
    {
      "id": "P003",
      "area_px": 92367.0,
      "centroid_norm": [
        0.6871906975874771,
        0.7723719476382258
      ],
      "polygon": [
        [
          853.515625,
          933.59375
        ],
        [
          622.0703125,
          939.453125
        ],
        [
          607.421875,
          932.6171875
        ],
        [
          561.5234375,
          783.203125
        ],
        [
          561.5234375,
          767.578125
        ],
        [
          554.6875,
          747.0703125
        ],
        [
          525.390625,
          700.1953125
        ],
        [
          491.2109375,
          662.109375
        ],
        [
          489.2578125,
          653.3203125
        ],
        [
          560.546875,
          605.46875
        ],
        [
          579.1015625,
          598.6328125
        ],
        [
          704.1015625,
          595.703125
        ],
        [
          708.984375,
          598.6328125
        ],
        [
          708.984375,
          610.3515625
        ],
        [
          715.8203125,
          621.09375
        ],
        [
          724.609375,
          625.0
        ],
        [
          749.0234375,
          625.0
        ],
        [
          751.953125,
          639.6484375
        ],
        [
          759.765625,
          656.25
        ],
        [
          839.84375,
          767.578125
        ],
        [
          848.6328125,
          786.1328125
        ],
        [
          853.515625,
          812.5
        ]
      ]
    },
    {
      "id": "P004",
      "area_px": 13944.0,
      "centroid_norm": [
        0.4599387365309452,
        0.7655420790304074
      ],
      "polygon": [
        [
          464.84375,
          855.46875
        ],
        [
          455.078125,
          816.40625
        ],
        [
          376.953125,
          730.46875
        ],
        [
          445.3125,
          679.6875
        ],
        [
          449.21875,
          679.6875
        ],
        [
          463.8671875,
          693.359375
        ],
        [
          498.046875,
          741.2109375
        ],
        [
          509.765625,
          765.625
        ],
        [
          528.3203125,
          830.078125
        ],
        [
          517.578125,
          832.03125
        ],
        [
          516.6015625,
          840.8203125
        ],
        [
          490.234375,
          845.703125
        ]
      ]
    },
    {
      "id": "P005",
      "area_px": 21883.0,
      "centroid_norm": [
        0.3035402856241146,
        0.6477942977282594
      ],
      "polygon": [
        [
          428.7109375,
          664.0625
        ],
        [
          354.4921875,
          720.703125
        ],
        [
          307.6171875,
          739.2578125
        ],
        [
          254.8828125,
          668.9453125
        ],
        [
          210.9375,
          631.8359375
        ],
        [
          161.1328125,
          580.078125
        ],
        [
          239.2578125,
          584.9609375
        ],
        [
          266.6015625,
          600.5859375
        ],
        [
          273.4375,
          600.5859375
        ],
        [
          277.34375,
          595.703125
        ],
        [
          277.34375,
          588.8671875
        ],
        [
          252.9296875,
          574.21875
        ],
        [
          267.578125,
          561.5234375
        ],
        [
          410.15625,
          649.4140625
        ]
      ]
    },
    {
      "id": "P006",
      "area_px": 137070.0,
      "centroid_norm": [
        0.5004681828855694,
        0.4460034462888488
      ],
      "polygon": [
        [
          211.9140625,
          481.4453125
        ],
        [
          239.2578125,
          445.3125
        ],
        [
          257.8125,
          411.1328125
        ],
        [
          267.578125,
          369.140625
        ],
        [
          268.5546875,
          318.359375
        ],
        [
          736.328125,
          302.734375
        ],
        [
          745.1171875,
          541.015625
        ],
        [
          718.75,
          541.015625
        ],
        [
          712.890625,
          543.9453125
        ],
        [
          707.03125,
          551.7578125
        ],
        [
          707.03125,
          567.3828125
        ],
        [
          704.1015625,
          570.3125
        ],
        [
          585.9375,
          572.265625
        ],
        [
          559.5703125,
          575.1953125
        ],
        [
          541.9921875,
          582.03125
        ],
        [
          463.8671875,
          632.8125
        ],
        [
          453.125,
          630.859375
        ]
      ]
    },
    {
      "id": "P009",
      "area_px": 3394.0,
      "centroid_norm": [
        0.1990115829404832,
        0.547301131132145
      ],
      "polygon": [
        [
          250.0,
          550.78125
        ],
        [
          230.46875,
          568.359375
        ],
        [
          148.4375,
          563.4765625
        ],
        [
          187.5,
          513.671875
        ]
      ]
    },
    {
      "id": "P010",
      "area_px": 44506.0,
      "centroid_norm": [
        0.41620217814732846,
        0.21661170421544285
      ],
      "polygon": [
        [
          268.5546875,
          289.0625
        ],
        [
          273.4375,
          215.8203125
        ],
        [
          310.546875,
          117.1875
        ],
        [
          342.7734375,
          125.9765625
        ],
        [
          385.7421875,
          128.90625
        ],
        [
          568.359375,
          177.734375
        ],
        [
          575.1953125,
          185.546875
        ],
        [
          580.078125,
          275.390625
        ],
        [
          571.2890625,
          281.25
        ],
        [
          318.359375,
          291.015625
        ]
      ]
    },
    {
      "id": "P011",
      "area_px": 29458.0,
      "centroid_norm": [
        0.6797734937241157,
        0.16409256796753002
      ],