{
  "site": {
    "width_m": 1000.0,
    "height_m": 1000.0
  },
  "parcels": [
    {
      "id": "P001",
      "area_px": 14002.0,
      "centroid_norm": [
        0.34026005492518924,
        0.8529423252035424
      ],
      "polygon": [
        [
          297.8515625,
          991.2109375
        ],
        [
          287.109375,
          958.984375
        ],
        [
          278.3203125,
          952.1484375
        ],
        [
          270.5078125,
          922.8515625
        ],
        [
          256.8359375,
          909.1796875
        ],
        [
          254.8828125,
          880.859375
        ],
        [
          343.75,
          822.265625
        ],
        [
          399.4140625,
          749.0234375
        ],
        [
          427.734375,
          723.6328125
        ],
        [
          462.890625,
          703.125
        ],
        [
          450.1953125,
          716.796875
        ],
        [
          435.546875,
          740.234375
        ],
        [
          405.2734375,
          812.5
        ],
        [
          369.140625,
          857.421875
        ],
        [
          332.03125,
          897.4609375
        ],
        [
          314.453125,
          935.546875
        ]
      ]
    },
    {
      "id": "P002",
      "area_px": 2801.0,
      "centroid_norm": [
        0.28757272793198857,
        0.8042391389235988
      ],
      "polygon": [
        [
          256.8359375,
          852.5390625
        ],
        [
          256.8359375,
          813.4765625
        ],
        [
          268.5546875,
          801.7578125
        ],
        [
          268.5546875,
          769.53125
        ],
        [
          303.7109375,
          773.4375
        ],
        [
          288.0859375,
          805.6640625
        ],
        [
          269.53125,
          821.2890625
        ],
        [
          270.5078125,
          831.0546875
        ],
        [
          281.25,
          831.0546875
        ],
        [
          302.734375,
          811.5234375
        ],
        [
          320.3125,
          776.3671875
        ],
        [
          335.9375,
          778.3203125
        ],
        [
          315.4296875,
          813.4765625
        ]
      ]
    },
    {
      "id": "P003",
      "area_px": 1833.0,
      "centroid_norm": [
        0.24055883029869068,
        0.7557698700900164
      ],
      "polygon": [
        [
          246.09375,
          797.8515625
        ],
        [
          224.609375,
          770.5078125
        ],
        [
          228.515625,
          733.3984375
        ],
        [
          239.2578125,
          712.890625
        ],
        [
          250.9765625,
          714.84375
        ],
        [
          248.046875,
          718.75
        ],
        [
          247.0703125,
          732.421875
        ],
        [
          253.90625,
          749.0234375
        ],
        [
          252.9296875,
          781.25
        ]
      ]
    },
    {
      "id": "P009",
      "area_px": 29854.0,
      "centroid_norm": [
        0.39822952169307296,
        0.6254034281942955
      ],
      "polygon": [
        [
          255.859375,
          697.265625
        ],
        [
          272.4609375,
          675.78125
        ],
        [
          294.921875,
          680.6640625
        ],
        [
          295.8984375,
          686.5234375
        ],
        [
          319.3359375,
          682.6171875
        ],
        [
          317.3828125,
          673.828125
        ],
        [
          281.25,
          665.0390625
        ],
        [
          281.25,
          655.2734375
        ],
        [
          274.4140625,
          653.3203125
        ],
        [
          278.3203125,
          650.390625
        ],
        [
          281.25,
          630.859375
        ],
        [
          295.8984375,
          616.2109375
        ],
        [
          306.640625,
          596.6796875
        ],
        [
          321.2890625,
          589.84375
        ],
        [
          381.8359375,
          576.171875
        ],
        [
          398.4375,
          568.359375
        ],
        [
          430.6640625,
          538.0859375
        ],
        [
          433.59375,
          530.2734375
        ],
        [
          464.84375,
          496.09375
        ],
        [
          498.046875,
          515.625
        ],
        [
          446.2890625,
          542.96875
        ],
        [
          444.3359375,
          547.8515625
        ],
        [
          408.203125,
          569.3359375
        ],
        [
          408.203125,
          580.078125
        ],
        [
          417.96875,
          580.078125
        ],
        [
          445.3125,
          563.4765625
        ],
        [
          459.9609375,
          571.2890625
        ],
        [
          490.234375,
          567.3828125
        ],
        [
          492.1875,
          572.265625
        ],
        [
          504.8828125,
          572.265625
        ],
        [
          505.859375,
          564.453125
        ],
        [
          511.71875,
          561.5234375
        ],
        [
          509.765625,
          551.7578125
        ],
        [
          468.75,
          559.5703125
        ],
        [
          458.984375,
          555.6640625
        ],
        [
          490.234375,
          538.0859375
        ],
        [
          498.046875,
          542.96875
        ],
        [
          509.765625,
          542.96875
        ],
        [
          510.7421875,
          534.1796875
        ],
        [
          505.859375,
          530.2734375
        ],
        [
          513.671875,
          526.3671875
        ],
        [
          540.0390625,
          540.0390625
        ],
        [
          529.296875,
          541.015625
        ],
        [
          528.3203125,
          551.7578125
        ],
        [
          546.875,
          550.78125
        ],
        [
          521.484375,
          577.1484375
        ],
        [
          514.6484375,
          591.796875
        ],
        [
          490.234375,
          618.1640625
        ],
        [
          471.6796875,
          630.859375
        ],
        [
          471.6796875,
          654.296875
        ],
        [
          462.890625,
          665.0390625
        ],
        [
          461.9140625,
          671.875
        ],
        [
          453.125,
          680.6640625
        ],
        [
          414.0625,
          695.3125
        ],
        [
          396.484375,
          709.9609375
        ],
        [
          384.765625,
          708.984375
        ],
        [
          380.859375,
          721.6796875
        ],
        [
          397.4609375,
          727.5390625
        ],
        [
          389.6484375,
          735.3515625
        ],
        [
          389.6484375,
          729.4921875
        ],
        [
          376.953125,
          720.703125
        ]
      ]
    },
    {
      "id": "P014",
      "area_px": 124702.0,
      "centroid_norm": [
        0.4324320038346418,
        0.322923396251664
      ],