{
  "site": {
    "width_m": 1000.0,
    "height_m": 1000.0
  },
  "parcels": [
    {
      "id": "P001",
      "area_px": 1712.0,
      "centroid_norm": [
        0.4078323506863318,
        0.9724685811550817
      ],
      "polygon": [
        [
          347.65625,
          993.1640625
        ],
        [
          466.796875,
          935.546875
        ],
        [
          407.2265625,
          992.1875
        ],
        [
          381.8359375,
          986.328125
        ],
        [
          356.4453125,
          996.09375
        ]
      ]
    },
    {
      "id": "P002",
      "area_px": 101238.0,
      "centroid_norm": [
        0.45543958759309744,
        0.767296590861386
      ],
      "polygon": [
        [
          301.7578125,
          982.421875
        ],
        [
          269.53125,
          860.3515625
        ],
        [
          265.625,
          822.265625
        ],
        [
          301.7578125,
          814.453125
        ],
        [
          330.078125,
          786.1328125
        ],
        [
          324.21875,
          718.75
        ],
        [
          335.9375,
          688.4765625
        ],
        [
          371.09375,
          671.875
        ],
        [
          395.5078125,
          642.578125
        ],
        [
          400.390625,
          617.1875
        ],
        [
          387.6953125,
          607.421875
        ],
        [
          449.21875,
          593.75
        ],
        [
          507.8125,
          569.3359375
        ],
        [
          520.5078125,
          581.0546875
        ],
        [
          548.828125,
          583.0078125
        ],
        [
          549.8046875,
          575.1953125
        ],
        [
          546.875,
          572.265625
        ],
        [
          531.25,
          574.21875
        ],
        [
          531.25,
          570.3125
        ],
        [
          524.4140625,
          562.5
        ],
        [
          555.6640625,
          548.828125
        ],
        [
          657.2265625,
          686.5234375
        ],
        [
          589.84375,
          816.40625
        ],
        [
          501.953125,
          901.3671875
        ],
        [
          325.1953125,
          986.328125
        ]
      ]
    },
    {
      "id": "P003",
      "area_px": 3083.0,
      "centroid_norm": [
        0.3332225738931236,
        0.573427490471943
      ],
      "polygon": [
        [
          301.7578125,
          596.6796875
        ],
        [
          295.8984375,
          556.640625
        ],
        [
          377.9296875,
          551.7578125
        ],
        [
          371.09375,
          557.6171875
        ],
        [
          361.328125,
          592.7734375
        ]
      ]
    },
    {
      "id": "P006",
      "area_px": 4038.0,
      "centroid_norm": [
        0.4544360315286033,
        0.5256082838038634
      ],
      "polygon": [
        [
          444.3359375,
          573.2421875
        ],
        [
          429.6875,
          556.640625
        ],
        [
          434.5703125,
          553.7109375
        ],
        [
          434.5703125,
          546.875
        ],
        [
          420.8984375,
          545.8984375
        ],
        [
          417.96875,
          541.9921875
        ],
        [
          439.453125,
          533.203125
        ],
        [
          445.3125,
          521.484375
        ],
        [
          455.078125,
          517.578125
        ],
        [
          455.078125,
          511.71875
        ],
        [
          440.4296875,
          501.953125
        ],
        [
          448.2421875,
          499.0234375
        ],
        [
          448.2421875,
          490.234375
        ],
        [
          436.5234375,
          488.28125
        ],
        [
          416.9921875,
          494.140625
        ],
        [
          415.0390625,
          503.90625
        ],
        [
          393.5546875,
          489.2578125
        ],
        [
          407.2265625,
          482.421875
        ],
        [
          411.1328125,
          489.2578125
        ],
        [
          419.921875,
          489.2578125
        ],
        [
          437.5,
          480.46875
        ],
        [
          437.5,
          473.6328125
        ],
        [
          432.6171875,
          470.703125
        ],
        [
          447.265625,
          463.8671875
        ],
        [
          499.0234375,
          550.78125
        ]
      ]
    },
    {
      "id": "P007",
      "area_px": 3796.0,
      "centroid_norm": [
        0.521244350549921,
        0.4828409530591412
      ],
      "polygon": [
        [
          513.671875,
          544.921875
        ],
        [
          490.234375,
          507.8125
        ],
        [
          510.7421875,
          496.09375
        ],
        [
          507.8125,
          474.609375
        ],
        [
          491.2109375,
          443.359375
        ],
        [
          500.0,
          439.453125
        ],
        [
          501.953125,
          435.546875
        ],
        [
          529.296875,
          428.7109375
        ],
        [
          530.2734375,
          435.546875
        ],
        [
          561.5234375,
          452.1484375
        ],
        [
          523.4375,
          470.703125
        ],
        [
          510.7421875,
          468.75
        ],
        [
          509.765625,
          477.5390625
        ],
        [
          512.6953125,
          485.3515625
        ],
        [
          518.5546875,
          490.234375
        ],
        [
          530.2734375,
          487.3046875
        ],
        [
          557.6171875,
          501.953125
        ],
        [
          538.0859375,
          510.7421875
        ],
        [
          532.2265625,
          503.90625
        ],
        [
          526.3671875,
          503.90625
        ],
        [
          523.4375,
          506.8359375
        ],
        [
          523.4375,
          516.6015625
        ],
        [
          526.3671875,
          518.5546875
        ],
        [
          527.34375,
          526.3671875
        ],
        [
          540.0390625,
          528.3203125
        ],
        [
          542.96875,
          532.2265625
        ]
      ]
    },
    {
      "id": "P008",
      "area_px": 6192.0,
      "centroid_norm": [
        0.3231071846737726,
        0.5006895237806848
      ],
      "polygon": [
        [
          293.9453125,
          541.9921875
        ],
        [
          283.203125,
          458.0078125
        ],
        [
          332.03125,
          451.171875
        ],
        [
          350.5859375,
          487.3046875
        ],
        [
          353.515625,
          500.9765625
        ],
        [
          371.09375,
          517.578125
        ],
        [
          371.09375,
          523.4375
        ],
        [
          382.8125,
          535.15625
        ]
      ]
    },
    {
      "id": "P013",
      "area_px": 1978.0,
      "centroid_norm": [
        0.3933043754739636,
        0.4481380142505056
      ],