{
  "site": {
    "width_m": 1000.0,
    "height_m": 1000.0
  },
  "parcels": [
    {
      "id": "P001",
      "area_px": 137996.0,
      "centroid_norm": [
        0.5520503297536704,
        0.7527397688950224
      ],
      "polygon": [
        [
          189.453125,
          854.4921875
        ],
        [
          358.3984375,
          674.8046875
        ],
        [
          397.4609375,
          671.875
        ],
        [
          361.328125,
          716.796875
        ],
        [
          320.3125,
          848.6328125
        ],
        [
          320.3125,
          855.46875
        ],
        [
          323.2421875,
          858.3984375
        ],
        [
          319.3359375,
          875.9765625
        ],
        [
          324.21875,
          879.8828125
        ],
        [
          331.0546875,
          879.8828125
        ],
        [
          334.9609375,
          875.0
        ],
        [
          342.7734375,
          846.6796875
        ],
        [
          342.7734375,
          839.84375
        ],
        [
          338.8671875,
          835.9375
        ],
        [
          373.046875,
          726.5625
        ],
        [
          417.96875,
          669.921875
        ],
        [
          462.890625,
          654.296875
        ],
        [
          505.859375,
          643.5546875
        ],
        [
          532.2265625,
          640.625
        ],
        [
          612.3046875,
          623.046875
        ],
        [
          735.3515625,
          591.796875
        ],
        [
          788.0859375,
          586.9140625
        ],
        [
          792.96875,
          582.03125
        ],
        [
          835.9375,
          581.0546875
        ],
        [
          839.84375,
          585.9375
        ],
        [
          914.0625,
          583.0078125
        ],
        [
          923.828125,
          589.84375
        ],
        [
          922.8515625,
          605.46875
        ],
        [
          918.9453125,
          613.28125
        ],
        [
          888.671875,
          651.3671875
        ],
        [
          835.9375,
          676.7578125
        ],
        [
          819.3359375,
          720.703125
        ],
        [
          827.1484375,
          814.453125
        ],
        [
          788.0859375,
          852.5390625
        ],
        [
          766.6015625,
          857.421875
        ],
        [
          754.8828125,
          830.078125
        ],
        [
          750.0,
          825.1953125
        ],
        [
          689.453125,
          803.7109375
        ],
        [
          604.4921875,
          801.7578125
        ],
        [
          525.390625,
          821.2890625
        ],
        [
          429.6875,
          868.1640625
        ],
        [
          397.4609375,
          919.921875
        ],
        [
          397.4609375,
          930.6640625
        ],
        [
          412.109375,
          984.375
        ],
        [
          400.390625,
          994.140625
        ],
        [
          391.6015625,
          993.1640625
        ],
        [
          326.171875,
          957.03125
        ],
        [
          318.359375,
          957.03125
        ],
        [
          316.40625,
          960.9375
        ],
        [
          239.2578125,
          901.3671875
        ],
        [
          235.3515625,
          890.625
        ],
        [
          226.5625,
          881.8359375
        ]
      ]
    },
    {
      "id": "P006",
      "area_px": 45263.0,
      "centroid_norm": [
        0.1844482826411749,
        0.6917963960284891
      ],
      "polygon": [
        [
          163.0859375,
          838.8671875
        ],
        [
          75.1953125,
          803.7109375
        ],
        [
          128.90625,
          550.78125
        ],
        [
          185.546875,
          560.546875
        ],
        [
          220.703125,
          574.21875
        ],
        [
          329.1015625,
          663.0859375
        ],
        [
          189.453125,
          816.40625
        ]
      ]
    },
    {
      "id": "P012",
      "area_px": 71996.0,
      "centroid_norm": [
        0.612463319902321,
        0.4897434894386493
      ],
      "polygon": [
        [
          321.2890625,
          620.1171875
        ],
        [
          441.40625,
          515.625
        ],
        [
          600.5859375,
          493.1640625
        ],
        [
          617.1875,
          483.3984375
        ],
        [
          621.09375,
          474.609375
        ],
        [
          621.09375,
          459.9609375
        ],
        [
          595.703125,
          318.359375
        ],
        [
          752.9296875,
          296.875
        ],
        [
          788.0859375,
          565.4296875
        ],
        [
          730.46875,
          568.359375
        ],
        [
          652.34375,
          583.984375
        ],
        [
          470.703125,
          625.9765625
        ],
        [
          443.359375,
          637.6953125
        ],
        [
          448.2421875,
          631.8359375
        ],
        [
          566.40625,
          581.0546875
        ],
        [
          646.484375,
          567.3828125
        ],
        [
          647.4609375,
          558.59375
        ],
        [
          644.53125,
          554.6875
        ],
        [
          632.8125,
          554.6875
        ],
        [
          556.640625,
          568.359375
        ],
        [
          437.5,
          620.1171875
        ],
        [
          419.921875,
          642.578125
        ],
        [
          411.1328125,
          646.484375
        ],
        [
          357.421875,
          649.4140625
        ]
      ]
    },
    {
      "id": "P013",
      "area_px": 88766.0,
      "centroid_norm": [
        0.3485148540122344,
        0.4377232652071176
      ],
      "polygon": [
        [
          133.7890625,
          525.390625
        ],
        [
          147.4609375,
          461.9140625
        ],
        [
          157.2265625,
          452.1484375
        ],
        [
          170.8984375,
          393.5546875
        ],
        [
          168.9453125,
          359.375
        ],
        [
          181.640625,
          307.6171875
        ],
        [
          438.4765625,
          352.5390625
        ],
        [
          484.375,
          352.5390625
        ],
        [
          502.9296875,
          349.609375
        ],
        [
          573.2421875,
          326.171875
        ],
        [
          599.609375,
          471.6796875
        ],
        [
          583.0078125,
          476.5625
        ],
        [
          429.6875,
          499.0234375
        ],
        [
          414.0625,
          509.765625
        ],
        [
          304.6875,
          606.4453125
        ],
        [
          250.9765625,
          561.5234375
        ],
        [
          223.6328125,
          545.8984375
        ],
        [
          198.2421875,
          537.109375
        ]
      ]
    },
    {
      "id": "P015",
      "area_px": 47587.0,
      "centroid_norm": [
        0.6503363658273268,
        0.1443128178389056
      ],
      "polygon": [
        [
          593.75,
          292.96875
        ],
        [
          575.1953125,
          193.359375
        ],
        [
          567.3828125,
          122.0703125
        ],
        [
          548.828125,
          7.8125
        ],
        [
          714.84375,
          7.8125
        ],
        [
          749.0234375,
          272.4609375
        ]
      ]
    }
  ]
}