{
  "site": {
    "width_m": 1000.0,
    "height_m": 1000.0
  },
  "parcels": [
    {
      "id": "P004",
      "area_px": 25404.0,
      "centroid_norm": [
        0.6585245326154345,
        0.8673542967519878
      ],
      "polygon": [
        [
          744.140625,
          963.8671875
        ],
        [
          686.5234375,
          953.125
        ],
        [
          696.2890625,
          925.78125
        ],
        [
          695.3125,
          915.0390625
        ],
        [
          525.390625,
          887.6953125
        ],
        [
          534.1796875,
          861.328125
        ],
        [
          541.9921875,
          854.4921875
        ],
        [
          550.78125,
          825.1953125
        ],
        [
          550.78125,
          814.453125
        ],
        [
          544.921875,
          808.59375
        ],
        [
          550.78125,
          792.96875
        ],
        [
          774.4140625,
          833.0078125
        ]
      ]
    },
    {
      "id": "P039",
      "area_px": 1893.0,
      "centroid_norm": [
        0.5152613039817749,
        0.8375248654582673
      ],
      "polygon": [
        [
          491.2109375,
          878.90625
        ],
        [
          500.9765625,
          856.4453125
        ],
        [
          500.9765625,
          845.703125
        ],
        [
          520.5078125,
          790.0390625
        ],
        [
          533.203125,
          789.0625
        ],
        [
          525.390625,
          808.59375
        ],
        [
          525.390625,
          815.4296875
        ],
        [
          535.15625,
          820.3125
        ],
        [
          528.3203125,
          846.6796875
        ],
        [
          517.578125,
          854.4921875
        ],
        [
          508.7890625,
          881.8359375
        ]
      ]
    },
    {
      "id": "P040",
      "area_px": 27796.0,
      "centroid_norm": [
        0.30567656992013237,
        0.8040895680246258
      ],
      "polygon": [
        [
          198.2421875,
          866.2109375
        ],
        [
          189.453125,
          809.5703125
        ],
        [
          192.3828125,
          761.71875
        ],
        [
          198.2421875,
          730.46875
        ],
        [
          457.03125,
          775.390625
        ],
        [
          451.171875,
          794.921875
        ],
        [
          440.4296875,
          797.8515625
        ],
        [
          434.5703125,
          805.6640625
        ],
        [
          416.9921875,
          868.1640625
        ],
        [
          275.390625,
          842.7734375
        ],
        [
          265.625,
          844.7265625
        ],
        [
          251.953125,
          875.9765625
        ]
      ]
    },
    {
      "id": "P042",
      "area_px": 1862.0,
      "centroid_norm": [
        0.45830885808270677,
        0.829242120367884
      ],
      "polygon": [
        [
          435.546875,
          868.1640625
        ],
        [
          443.359375,
          847.65625
        ],
        [
          441.40625,
          833.984375
        ],
        [
          451.171875,
          808.59375
        ],
        [
          466.796875,
          803.7109375
        ],
        [
          474.609375,
          779.296875
        ],
        [
          484.375,
          781.25
        ],
        [
          484.375,
          787.109375
        ],
        [
          473.6328125,
          806.640625
        ],
        [
          473.6328125,
          817.3828125
        ],
        [
          454.1015625,
          872.0703125
        ]
      ]
    },
    {
      "id": "P043",
      "area_px": 24923.0,
      "centroid_norm": [
        0.6830258289280985,
        0.7390284733228343
      ],
      "polygon": [
        [
          779.296875,
          814.453125
        ],
        [
          700.1953125,
          800.78125
        ],
        [
          719.7265625,
          757.8125
        ],
        [
          719.7265625,
          750.0
        ],
        [
          715.8203125,
          747.0703125
        ],
        [
          707.03125,
          747.0703125
        ],
        [
          703.125,
          751.953125
        ],
        [
          683.59375,
          796.875
        ],
        [
          557.6171875,
          774.4140625
        ],
        [
          570.3125,
          735.3515625
        ],
        [
          583.0078125,
          728.515625
        ],
        [
          588.8671875,
          718.75
        ],
        [
          596.6796875,
          694.3359375
        ],
        [
          596.6796875,
          685.546875
        ],
        [
          591.796875,
          679.6875
        ],
        [
          600.5859375,
          663.0859375
        ],
        [
          709.9609375,
          681.640625
        ],
        [
          742.1875,
          690.4296875
        ],
        [
          795.8984375,
          723.6328125
        ],
        [
          809.5703125,
          740.234375
        ],
        [
          809.5703125,
          749.0234375
        ],
        [
          803.7109375,
          740.234375
        ],
        [
          796.875,
          740.234375
        ]
      ]
    },
    {
      "id": "P044",
      "area_px": 1896.0,
      "centroid_norm": [
        0.5583769077993144,
        0.7109750997165085
      ],
      "polygon": [
        [
          528.3203125,
          767.578125
        ],
        [
          544.921875,
          730.46875
        ],
        [
          547.8515625,
          710.9375
        ],
        [
          558.59375,
          681.640625
        ],
        [
          571.2890625,
          659.1796875
        ],
        [
          582.03125,
          659.1796875
        ],
        [
          572.265625,
          678.7109375
        ],
        [
          572.265625,
          685.546875
        ],
        [
          581.0546875,
          690.4296875
        ],
        [
          572.265625,
          717.7734375
        ],
        [
          555.6640625,
          722.65625
        ],
        [
          539.0625,
          771.484375
        ]
      ]
    },
    {
      "id": "P045",
      "area_px": 1841.0,
      "centroid_norm": [
        0.5038691183460076,
        0.7040994406912005
      ],
      "polygon": [
        [
          481.4453125,
          760.7421875
        ],
        [
          496.09375,
          717.7734375
        ],
        [
          496.09375,
          709.9609375
        ],
        [
          487.3046875,
          706.0546875
        ],
        [
          498.046875,
          678.7109375
        ],
        [
          511.71875,
          674.8046875
        ],
        [
          524.4140625,
          649.4140625
        ],
        [
          533.203125,
          650.390625
        ],
        [
          534.1796875,
          653.3203125
        ],
        [
          523.4375,
          666.9921875
        ],
        [
          517.578125,
          680.6640625
        ],
        [
          517.578125,
          691.40625
        ],
        [
          493.1640625,
          760.7421875
        ]
      ]
    },
    {
      "id": "P046",
      "area_px": 30017.0,
      "centroid_norm": [
        0.3571980435045141,
        0.6811770205217044
      ],