{
  "site": {
    "width_m": 1000.0,
    "height_m": 1000.0
  },
  "parcels": [
    {
      "id": "P003",
      "area_px": 489920.0,
      "centroid_norm": [
        0.4759197571478507,
        0.44379173194092914
      ],
      "polygon": [
        [
          560.546875,
          968.75
        ],
        [
          550.78125,
          933.59375
        ],
        [
          537.109375,
          909.1796875
        ],
        [
          519.53125,
          892.578125
        ],
        [
          493.1640625,
          876.953125
        ],
        [
          479.4921875,
          865.234375
        ],
        [
          467.7734375,
          861.328125
        ],
        [
          460.9375,
          854.4921875
        ],
        [
          443.359375,
          854.4921875
        ],
        [
          431.640625,
          858.3984375
        ],
        [
          428.7109375,
          863.28125
        ],
        [
          428.7109375,
          874.0234375
        ],
        [
          412.109375,
          897.4609375
        ],
        [
          411.1328125,
          893.5546875
        ],
        [
          446.2890625,
          813.4765625
        ],
        [
          444.3359375,
          797.8515625
        ],
        [
          448.2421875,
          768.5546875
        ],
        [
          446.2890625,
          758.7890625
        ],
        [
          438.4765625,
          749.0234375
        ],
        [
          430.6640625,
          750.0
        ],
        [
          430.6640625,
          759.765625
        ],
        [
          436.5234375,
          771.484375
        ],
        [
          434.5703125,
          809.5703125
        ],
        [
          405.2734375,
          878.90625
        ],
        [
          395.5078125,
          894.53125
        ],
        [
          395.5078125,
          901.3671875
        ],
        [
          368.1640625,
          924.8046875
        ],
        [
          362.3046875,
          904.296875
        ],
        [
          360.3515625,
          878.90625
        ],
        [
          350.5859375,
          880.859375
        ],
        [
          348.6328125,
          897.4609375
        ],
        [
          351.5625,
          908.203125
        ],
        [
          323.2421875,
          913.0859375
        ],
        [
          320.3125,
          908.203125
        ],
        [
          301.7578125,
          911.1328125
        ],
        [
          305.6640625,
          897.4609375
        ],
        [
          300.78125,
          896.484375
        ],
        [
          305.6640625,
          895.5078125
        ],
        [
          308.59375,
          890.625
        ],
        [
          306.640625,
          875.0
        ],
        [
          298.828125,
          875.0
        ],
        [
          296.875,
          885.7421875
        ],
        [
          289.0625,
          888.671875
        ],
        [
          289.0625,
          915.0390625
        ],
        [
          270.5078125,
          913.0859375
        ],
        [
          263.671875,
          908.203125
        ],
        [
          251.953125,
          906.25
        ],
        [
          251.953125,
          893.5546875
        ],
        [
          246.09375,
          893.5546875
        ],
        [
          241.2109375,
          904.296875
        ],
        [
          218.75,
          901.3671875
        ],
        [
          218.75,
          888.671875
        ],
        [
          225.5859375,
          886.71875
        ],
        [
          224.609375,
          878.90625
        ],
        [
          236.328125,
          880.859375
        ],
        [
          246.09375,
          875.9765625
        ],
        [
          245.1171875,
          867.1875
        ],
        [
          216.796875,
          868.1640625
        ],
        [
          246.09375,
          865.234375
        ],
        [
          243.1640625,
          847.65625
        ],
        [
          240.234375,
          846.6796875
        ],
        [
          246.09375,
          845.703125
        ],
        [
          248.046875,
          828.125
        ],
        [
          255.859375,
          819.3359375
        ],
        [
          257.8125,
          810.546875
        ],
        [
          261.71875,
          809.5703125
        ],
        [
          261.71875,
          801.7578125
        ],
        [
          254.8828125,
          798.828125
        ],
        [
          258.7890625,
          792.96875
        ],
        [
          258.7890625,
          785.15625
        ],
        [
          238.28125,
          785.15625
        ],
        [
          219.7265625,
          800.78125
        ],
        [
          201.171875,
          810.546875
        ],
        [
          175.78125,
          780.2734375
        ],
        [
          179.6875,
          758.7890625
        ],
        [
          200.1953125,
          749.0234375
        ],
        [
          203.125,
          742.1875
        ],
        [
          204.1015625,
          678.7109375
        ],
        [
          208.984375,
          682.6171875
        ],
        [
          215.8203125,
          682.6171875
        ],
        [
          242.1875,
          670.8984375
        ],
        [
          247.0703125,
          651.3671875
        ],
        [
          247.0703125,
          639.6484375
        ],
        [
          240.234375,
          629.8828125
        ],
        [
          244.140625,
          613.28125
        ],
        [
          243.1640625,
          596.6796875
        ],
        [
          228.515625,
          560.546875
        ],
        [
          208.984375,
          546.875
        ],
        [
          210.9375,
          519.53125
        ],
        [
          191.40625,
          471.6796875
        ],
        [
          191.40625,
          452.1484375
        ],
        [
          173.828125,
          446.2890625
        ],
        [
          162.109375,
          434.5703125
        ],
        [
          157.2265625,
          422.8515625
        ],
        [
          149.4140625,
          417.96875
        ],
        [
          134.765625,
          387.6953125
        ],
        [
          120.1171875,
          379.8828125
        ],
        [
          115.234375,
          371.09375
        ],
        [
          108.3984375,
          366.2109375
        ],
        [
          86.9140625,
          359.375
        ],
        [
          78.125,
          335.9375
        ],
        [
          60.546875,
          319.3359375
        ],
        [
          57.6171875,
          295.8984375
        ],
        [
          66.40625,
          273.4375
        ],
        [
          92.7734375,
          259.765625
        ],
        [
          150.390625,
          212.890625
        ],
        [
          160.15625,
          211.9140625
        ],
        [
          176.7578125,
          183.59375
        ],
        [
          183.59375,
          182.6171875
        ],
        [
          201.171875,
          168.9453125
        ],
        [
          226.5625,
          127.9296875
        ],
        [
          223.6328125,
          109.375
        ],
        [
          212.890625,
          94.7265625
        ],
        [
          213.8671875,
          83.984375
        ],
        [
          222.65625,
          68.359375
        ],
        [
          223.6328125,
          50.78125
        ],
        [
          242.1875,
          23.4375
        ],
        [
          243.1640625,
          12.6953125
        ],
        [
          248.046875,
          12.6953125
        ],
        [
          250.0,
          21.484375
        ],
        [
          263.671875,
          37.109375
        ],
        [
          271.484375,
