{
  "site": {
    "width_m": 1000.0,
    "height_m": 1000.0
  },
  "parcels": [
    {
      "id": "P020",
      "area_px": 18391.0,
      "centroid_norm": [
        0.18533410321284868,
        0.683325966590316
      ],
      "polygon": [
        [
          177.734375,
          799.8046875
        ],
        [
          170.8984375,
          791.9921875
        ],
        [
          177.734375,
          787.109375
        ],
        [
          177.734375,
          781.25
        ],
        [
          113.28125,
          711.9140625
        ],
        [
          83.984375,
          701.171875
        ],
        [
          103.515625,
          691.40625
        ],
        [
          125.9765625,
          690.4296875
        ],
        [
          132.8125,
          687.5
        ],
        [
          130.859375,
          662.109375
        ],
        [
          157.2265625,
          611.328125
        ],
        [
          202.1484375,
          605.46875
        ],
        [
          233.3984375,
          578.125
        ],
        [
          264.6484375,
          580.078125
        ],
        [
          232.421875,
          626.953125
        ],
        [
          233.3984375,
          637.6953125
        ],
        [
          259.765625,
          700.1953125
        ],
        [
          255.859375,
          702.1484375
        ],
        [
          248.046875,
          685.546875
        ],
        [
          240.234375,
          685.546875
        ],
        [
          238.28125,
          693.359375
        ],
        [
          244.140625,
          708.0078125
        ],
        [
          234.375,
          685.546875
        ],
        [
          225.5859375,
          683.59375
        ],
        [
          222.65625,
          686.5234375
        ],
        [
          226.5625,
          711.9140625
        ],
        [
          231.4453125,
          714.84375
        ],
        [
          204.1015625,
          729.4921875
        ],
        [
          204.1015625,
          736.328125
        ],
        [
          220.703125,
          773.4375
        ]
      ]
    },
    {
      "id": "P057",
      "area_px": 3582.0,
      "centroid_norm": [
        0.47913885835427134,
        0.6929125335880792
      ],
      "polygon": [
        [
          444.3359375,
          723.6328125
        ],
        [
          453.125,
          668.9453125
        ],
        [
          506.8359375,
          661.1328125
        ],
        [
          511.71875,
          714.84375
        ]
      ]
    },
    {
      "id": "P076",
      "area_px": 2012.0,
      "centroid_norm": [
        0.7694346615618787,
        0.6523490890593937
      ],
      "polygon": [
        [
          737.3046875,
          683.59375
        ],
        [
          764.6484375,
          625.9765625
        ],
        [
          802.734375,
          621.09375
        ],
        [
          791.015625,
          648.4375
        ],
        [
          778.3203125,
          641.6015625
        ],
        [
          771.484375,
          641.6015625
        ],
        [
          769.53125,
          651.3671875
        ],
        [
          784.1796875,
          660.15625
        ],
        [
          775.390625,
          678.7109375
        ],
        [
          755.859375,
          681.640625
        ],
        [
          753.90625,
          677.734375
        ],
        [
          746.09375,
          677.734375
        ],
        [
          745.1171875,
          683.59375
        ]
      ]
    },
    {
      "id": "P087",
      "area_px": 1510.0,
      "centroid_norm": [
        0.9383097061258279,
        0.6297586403145695
      ],
      "polygon": [
        [
          929.6875,
          658.203125
        ],
        [
          922.8515625,
          605.46875
        ],
        [
          947.265625,
          601.5625
        ],
        [
          954.1015625,
          654.296875
        ]
      ]
    },
    {
      "id": "P105",
      "area_px": 1762.0,
      "centroid_norm": [
        0.8036278022133939,
        0.5965893471552213
      ],
      "polygon": [
        [
          765.625,
          613.28125
        ],
        [
          765.625,
          605.46875
        ],
        [
          772.4609375,
          588.8671875
        ],
        [
          838.8671875,
          580.078125
        ],
        [
          839.84375,
          602.5390625
        ]
      ]
    },
    {
      "id": "P120",
      "area_px": 22013.0,
      "centroid_norm": [
        0.4365457520839958,
        0.5003502901694453
      ],
      "polygon": [
        [
          526.3671875,
          564.453125
        ],
        [
          434.5703125,
          576.171875
        ],
        [
          317.3828125,
          480.46875
        ],
        [
          354.4921875,
          425.78125
        ],
        [
          383.7890625,
          449.21875
        ],
        [
          393.5546875,
          451.171875
        ],
        [
          511.71875,
          436.5234375
        ],
        [
          522.4609375,
          511.71875
        ]
      ]
    },
    {
      "id": "P122",
      "area_px": 3877.0,
      "centroid_norm": [
        0.5706198010704153,
        0.5289240835375291
      ],
      "polygon": [
        [
          545.8984375,
          563.4765625
        ],
        [
          539.0625,
          501.953125
        ],
        [
          595.703125,
          494.140625
        ],
        [
          602.5390625,
          555.6640625
        ]
      ]
    },
    {
      "id": "P128",
      "area_px": 1545.0,
      "centroid_norm": [
        0.6265694528721683,
        0.5213503741909384
      ],
      "polygon": [
        [
          619.140625,
          553.7109375
        ],
        [
          612.3046875,
          492.1875
        ],
        [
          633.7890625,
          489.2578125
        ],
        [
          640.625,
          549.8046875
        ]
      ]
    },
    {
      "id": "P129",
      "area_px": 4200.0,
      "centroid_norm": [
        0.9058210100446429,
        0.5219184802827381
      ],
      "polygon": [
        [
          871.09375,
          553.7109375
        ],
        [
          866.2109375,
          502.9296875
        ],
        [
          872.0703125,
          501.953125
        ],
        [
          873.046875,
          508.7890625
        ],
        [
          881.8359375,
          508.7890625
        ],
        [
          884.765625,
          498.046875
        ],
        [
          909.1796875,
          492.1875
        ],
        [
          942.3828125,
          490.234375
        ],
        [
          942.3828125,
          540.0390625
        ],
        [
          939.453125,
          543.9453125
        ]
      ]
    },
    {
      "id": "P138",
      "area_px": 128286.0,
      "centroid_norm": [
        0.7595631507676208,
        0.28260376381922037
      ],