{
  "site": {
    "width_m": 1000.0,
    "height_m": 1000.0
  },
  "parcels": [
    {
      "id": "P001",
      "area_px": 432288.0,
      "centroid_norm": [
        0.6341466664367852,
        0.49648788737918936
      ],
      "polygon": [
        [
          270.5078125,
          950.1953125
        ],
        [
          250.9765625,
          929.6875
        ],
        [
          263.671875,
          912.109375
        ],
        [
          286.1328125,
          851.5625
        ],
        [
          319.3359375,
          805.6640625
        ],
        [
          319.3359375,
          796.875
        ],
        [
          239.2578125,
          746.09375
        ],
        [
          253.90625,
          750.9765625
        ],
        [
          255.859375,
          754.8828125
        ],
        [
          276.3671875,
          759.765625
        ],
        [
          288.0859375,
          737.3046875
        ],
        [
          299.8046875,
          737.3046875
        ],
        [
          299.8046875,
          729.4921875
        ],
        [
          293.9453125,
          725.5859375
        ],
        [
          300.78125,
          713.8671875
        ],
        [
          306.640625,
          721.6796875
        ],
        [
          316.40625,
          726.5625
        ],
        [
          313.4765625,
          731.4453125
        ],
        [
          313.4765625,
          738.28125
        ],
        [
          316.40625,
          740.234375
        ],
        [
          324.21875,
          739.2578125
        ],
        [
          335.9375,
          725.5859375
        ],
        [
          335.9375,
          718.75
        ],
        [
          318.359375,
          710.9375
        ],
        [
          305.6640625,
          700.1953125
        ],
        [
          296.875,
          700.1953125
        ],
        [
          287.109375,
          708.984375
        ],
        [
          271.484375,
          742.1875
        ],
        [
          246.09375,
          733.3984375
        ],
        [
          247.0703125,
          720.703125
        ],
        [
          245.1171875,
          717.7734375
        ],
        [
          238.28125,
          717.7734375
        ],
        [
          231.4453125,
          729.4921875
        ],
        [
          208.984375,
          735.3515625
        ],
        [
          193.359375,
          744.140625
        ],
        [
          210.9375,
          713.8671875
        ],
        [
          237.3046875,
          656.25
        ],
        [
          242.1875,
          655.2734375
        ],
        [
          242.1875,
          650.390625
        ],
        [
          269.53125,
          653.3203125
        ],
        [
          273.4375,
          644.53125
        ],
        [
          280.2734375,
          652.34375
        ],
        [
          281.25,
          663.0859375
        ],
        [
          288.0859375,
          663.0859375
        ],
        [
          293.9453125,
          657.2265625
        ],
        [
          308.59375,
          674.8046875
        ],
        [
          325.1953125,
          685.546875
        ],
        [
          338.8671875,
          701.171875
        ],
        [
          352.5390625,
          710.9375
        ],
        [
          400.390625,
          721.6796875
        ],
        [
          444.3359375,
          727.5390625
        ],
        [
          457.03125,
          735.3515625
        ],
        [
          488.28125,
          739.2578125
        ],
        [
          508.7890625,
          748.046875
        ],
        [
          522.4609375,
          749.0234375
        ],
        [
          530.2734375,
          741.2109375
        ],
        [
          530.2734375,
          732.421875
        ],
        [
          523.4375,
          722.65625
        ],
        [
          521.484375,
          702.1484375
        ],
        [
          530.2734375,
          671.875
        ],
        [
          565.4296875,
          652.34375
        ],
        [
          577.1484375,
          637.6953125
        ],
        [
          577.1484375,
          629.8828125
        ],
        [
          574.21875,
          626.953125
        ],
        [
          565.4296875,
          626.953125
        ],
        [
          555.6640625,
          639.6484375
        ],
        [
          520.5078125,
          656.25
        ],
        [
          515.625,
          663.0859375
        ],
        [
          508.7890625,
          687.5
        ],
        [
          508.7890625,
          725.5859375
        ],
        [
          463.8671875,
          715.8203125
        ],
        [
          442.3828125,
          702.1484375
        ],
        [
          365.234375,
          688.4765625
        ],
        [
          349.609375,
          673.828125
        ],
        [
          355.46875,
          648.4375
        ],
        [
          353.515625,
          635.7421875
        ],
        [
          346.6796875,
          635.7421875
        ],
        [
          343.75,
          638.671875
        ],
        [
          335.9375,
          662.109375
        ],
        [
          331.0546875,
          658.203125
        ],
        [
          331.0546875,
          649.4140625
        ],
        [
          320.3125,
          648.4375
        ],
        [
          301.7578125,
          622.0703125
        ],
        [
          270.5078125,
          594.7265625
        ],
        [
          275.390625,
          583.0078125
        ],
        [
          282.2265625,
          580.078125
        ],
        [
          284.1796875,
          583.0078125
        ],
        [
          291.9921875,
          583.0078125
        ],
        [
          301.7578125,
          574.21875
        ],
        [
          297.8515625,
          560.546875
        ],
        [
          326.171875,
          526.3671875
        ],
        [
          331.0546875,
          536.1328125
        ],
        [
          339.84375,
          537.109375
        ],
        [
          355.46875,
          520.5078125
        ],
        [
          367.1875,
          513.671875
        ],
        [
          367.1875,
          505.859375
        ],
        [
          358.3984375,
          501.953125
        ],
        [
          379.8828125,
          473.6328125
        ],
        [
          375.9765625,
          458.0078125
        ],
        [
          388.671875,
          435.546875
        ],
        [
          420.8984375,
          426.7578125
        ],
        [
          460.9375,
          423.828125
        ],
        [
          458.0078125,
          415.0390625
        ],
        [
          448.2421875,
          414.0625
        ],
        [
          436.5234375,
          404.296875
        ],
        [
          431.640625,
          384.765625
        ],
        [
          434.5703125,
          365.234375
        ],
        [
          447.265625,
          341.796875
        ],
        [
          450.1953125,
          325.1953125
        ],
        [
          453.125,
          320.3125
        ],
        [
          460.9375,
          319.3359375
        ],
        [
          463.8671875,
          314.453125
        ],
        [
          464.84375,
          299.8046875
        ],
        [
          458.0078125,
          296.875
        ],
        [
          453.125,
          274.4140625
        ],
        [
          460.9375,
          262.6953125
        ],
        [
          474.609375,
          262.6953125
        ],
        [
          473.6328125,
          241.2109375
        ],
        [
          523.4375,
          188.4765625
        ],
        [
          530.2734375,
          188.4765625
        ],
        [
          541.015625,
          179.6875
        ],
