{
  "site": {
    "width_m": 1000.0,
    "height_m": 1000.0
  },
  "parcels": [
    {
      "id": "P041",
      "area_px": 10644.0,
      "centroid_norm": [
        0.5144263163225761,
        0.7863864031379181
      ],
      "polygon": [
        [
          609.375,
          782.2265625
        ],
        [
          597.65625,
          804.6875
        ],
        [
          587.890625,
          807.6171875
        ],
        [
          586.9140625,
          816.40625
        ],
        [
          550.78125,
          844.7265625
        ],
        [
          548.828125,
          843.75
        ],
        [
          564.453125,
          831.0546875
        ],
        [
          562.5,
          822.265625
        ],
        [
          549.8046875,
          823.2421875
        ],
        [
          529.296875,
          839.84375
        ],
        [
          544.921875,
          827.1484375
        ],
        [
          543.9453125,
          818.359375
        ],
        [
          513.671875,
          813.4765625
        ],
        [
          492.1875,
          832.03125
        ],
        [
          470.703125,
          827.1484375
        ],
        [
          486.328125,
          814.453125
        ],
        [
          485.3515625,
          804.6875
        ],
        [
          474.609375,
          804.6875
        ],
        [
          454.1015625,
          823.2421875
        ],
        [
          451.171875,
          822.265625
        ],
        [
          466.796875,
          808.59375
        ],
        [
          466.796875,
          802.734375
        ],
        [
          449.21875,
          797.8515625
        ],
        [
          451.171875,
          789.0625
        ],
        [
          438.4765625,
          775.390625
        ],
        [
          380.859375,
          765.625
        ],
        [
          383.7890625,
          759.765625
        ],
        [
          389.6484375,
          757.8125
        ],
        [
          476.5625,
          759.765625
        ],
        [
          497.0703125,
          754.8828125
        ],
        [
          515.625,
          743.1640625
        ],
        [
          547.8515625,
          755.859375
        ],
        [
          553.7109375,
          761.71875
        ],
        [
          567.3828125,
          763.671875
        ],
        [
          570.3125,
          770.5078125
        ],
        [
          583.984375,
          770.5078125
        ]
      ]
    },
    {
      "id": "P056",
      "area_px": 5168.0,
      "centroid_norm": [
        0.37001174596071984,
        0.7605229900348297
      ],
      "polygon": [
        [
          285.15625,
          749.0234375
        ],
        [
          285.15625,
          745.1171875
        ],
        [
          292.96875,
          746.09375
        ],
        [
          310.546875,
          760.7421875
        ],
        [
          324.21875,
          762.6953125
        ],
        [
          325.1953125,
          753.90625
        ],
        [
          321.2890625,
          750.9765625
        ],
        [
          345.703125,
          750.9765625
        ],
        [
          353.515625,
          748.046875
        ],
        [
          352.5390625,
          740.234375
        ],
        [
          317.3828125,
          740.234375
        ],
        [
          346.6796875,
          738.28125
        ],
        [
          349.609375,
          736.328125
        ],
        [
          346.6796875,
          725.5859375
        ],
        [
          369.140625,
          725.5859375
        ],
        [
          389.6484375,
          730.46875
        ],
        [
          437.5,
          734.375
        ],
        [
          436.5234375,
          724.609375
        ],
        [
          422.8515625,
          722.65625
        ],
        [
          427.734375,
          719.7265625
        ],
        [
          490.234375,
          736.328125
        ],
        [
          473.6328125,
          743.1640625
        ],
        [
          444.3359375,
          743.1640625
        ],
        [
          434.5703125,
          740.234375
        ],
        [
          369.140625,
          742.1875
        ],
        [
          367.1875,
          746.09375
        ],
        [
          352.5390625,
          753.90625
        ],
        [
          347.65625,
          761.71875
        ],
        [
          348.6328125,
          770.5078125
        ],
        [
          373.046875,
          784.1796875
        ],
        [
          416.015625,
          790.0390625
        ],
        [
          422.8515625,
          797.8515625
        ],
        [
          391.6015625,
          795.8984375
        ],
        [
          387.6953125,
          791.9921875
        ],
        [
          376.953125,
          791.9921875
        ],
        [
          375.0,
          799.8046875
        ],
        [
          360.3515625,
          801.7578125
        ],
        [
          357.421875,
          795.8984375
        ],
        [
          342.7734375,
          800.78125
        ],
        [
          337.890625,
          795.8984375
        ],
        [
          326.171875,
          795.8984375
        ],
        [
          318.359375,
          791.9921875
        ],
        [
          313.4765625,
          783.203125
        ],
        [
          297.8515625,
          783.203125
        ],
        [
          289.0625,
          775.390625
        ],
        [
          295.8984375,
          775.390625
        ],
        [
          297.8515625,
          769.53125
        ],
        [
          307.6171875,
          770.5078125
        ],
        [
          309.5703125,
          762.6953125
        ]
      ]
    },
    {
      "id": "P064",
      "area_px": 21199.0,
      "centroid_norm": [
        0.36403489698806546,
        0.5855537204732535
      ],
      "polygon": [
        [
          464.84375,
          710.9375
        ],
        [
          358.3984375,
          681.640625
        ],
        [
          322.265625,
          666.9921875
        ],
        [
          290.0390625,
          629.8828125
        ],
        [
          285.15625,
          620.1171875
        ],
        [
          291.9921875,
          574.21875
        ],
        [
          321.2890625,
          551.7578125
        ],
        [
          319.3359375,
          535.15625
        ],
        [
          345.703125,
          506.8359375
        ],
        [
          375.0,
          491.2109375
        ],
        [
          403.3203125,
          468.75
        ],
        [
          428.7109375,
          458.0078125
        ],
        [
          457.03125,
          452.1484375
        ],
        [
          423.828125,
          499.0234375
        ],
        [
          412.109375,
          526.3671875
        ],
        [
          412.109375,
          545.8984375
        ],
        [
          401.3671875,
          565.4296875
        ],
        [
          387.6953125,
          579.1015625
        ],
        [
          387.6953125,
          587.890625
        ],
        [
          398.4375,
          635.7421875
        ],
        [
          413.0859375,
          673.828125
        ],
        [
          435.546875,
          693.359375
        ]
      ]
    },
    {
      "id": "P068",
      "area_px": 17499.0,
      "centroid_norm": [
        0.46119097430567463,
        0.40778965271229783
      ],