{
  "site": {
    "width_m": 1000.0,
    "height_m": 1000.0
  },
  "parcels": [
    {
      "id": "P002",
      "area_px": 2108.0,
      "centroid_norm": [
        0.6523548683586338,
        0.7548661349620494
      ],
      "polygon": [
        [
          653.3203125,
          798.828125
        ],
        [
          634.765625,
          792.96875
        ],
        [
          647.4609375,
          714.84375
        ],
        [
          672.8515625,
          719.7265625
        ]
      ]
    },
    {
      "id": "P025",
      "area_px": 1792.0,
      "centroid_norm": [
        0.6694019862583706,
        0.6703404017857143
      ],
      "polygon": [
        [
          677.734375,
          699.21875
        ],
        [
          650.390625,
          694.3359375
        ],
        [
          658.203125,
          644.53125
        ],
        [
          690.4296875,
          646.484375
        ]
      ]
    },
    {
      "id": "P032",
      "area_px": 154714.0,
      "centroid_norm": [
        0.36990055794482074,
        0.4122033298638941
      ],
      "polygon": [
        [
          47.8515625,
          579.1015625
        ],
        [
          136.71875,
          523.4375
        ],
        [
          154.296875,
          487.3046875
        ],
        [
          250.9765625,
          362.3046875
        ],
        [
          266.6015625,
          314.453125
        ],
        [
          332.03125,
          239.2578125
        ],
        [
          374.0234375,
          176.7578125
        ],
        [
          702.1484375,
          176.7578125
        ],
        [
          704.1015625,
          189.453125
        ],
        [
          689.453125,
          208.0078125
        ],
        [
          690.4296875,
          217.7734375
        ],
        [
          702.1484375,
          217.7734375
        ],
        [
          698.2421875,
          223.6328125
        ],
        [
          696.2890625,
          236.328125
        ],
        [
          690.4296875,
          236.328125
        ],
        [
          687.5,
          241.2109375
        ],
        [
          685.546875,
          235.3515625
        ],
        [
          666.9921875,
          235.3515625
        ],
        [
          651.3671875,
          256.8359375
        ],
        [
          637.6953125,
          261.71875
        ],
        [
          627.9296875,
          238.28125
        ],
        [
          637.6953125,
          220.703125
        ],
        [
          641.6015625,
          218.75
        ],
        [
          641.6015625,
          208.0078125
        ],
        [
          632.8125,
          207.03125
        ],
        [
          626.953125,
          212.890625
        ],
        [
          583.0078125,
          303.7109375
        ],
        [
          576.171875,
          307.6171875
        ],
        [
          560.546875,
          326.171875
        ],
        [
          506.8359375,
          406.25
        ],
        [
          506.8359375,
          413.0859375
        ],
        [
          514.6484375,
          415.0390625
        ],
        [
          517.578125,
          412.109375
        ],
        [
          527.34375,
          428.7109375
        ],
        [
          497.0703125,
          472.65625
        ],
        [
          488.28125,
          473.6328125
        ],
        [
          486.328125,
          480.46875
        ],
        [
          465.8203125,
          507.8125
        ],
        [
          453.125,
          488.28125
        ],
        [
          441.40625,
          487.3046875
        ],
        [
          441.40625,
          496.09375
        ],
        [
          458.0078125,
          518.5546875
        ],
        [
          448.2421875,
          531.25
        ],
        [
          441.40625,
          526.3671875
        ],
        [
          438.4765625,
          513.671875
        ],
        [
          435.546875,
          510.7421875
        ],
        [
          428.7109375,
          511.71875
        ],
        [
          429.6875,
          521.484375
        ],
        [
          437.5,
          527.34375
        ],
        [
          437.5,
          534.1796875
        ],
        [
          418.9453125,
          563.4765625
        ],
        [
          411.1328125,
          591.796875
        ],
        [
          406.25,
          578.125
        ],
        [
          402.34375,
          574.21875
        ],
        [
          395.5078125,
          575.1953125
        ],
        [
          395.5078125,
          584.9609375
        ],
        [
          400.390625,
          593.75
        ],
        [
          398.4375,
          623.046875
        ],
        [
          388.671875,
          632.8125
        ],
        [
          389.6484375,
          625.0
        ],
        [
          377.9296875,
          615.234375
        ],
        [
          371.09375,
          603.515625
        ],
        [
          360.3515625,
          603.515625
        ],
        [
          360.3515625,
          610.3515625
        ],
        [
          375.0,
          628.90625
        ],
        [
          374.0234375,
          639.6484375
        ],
        [
          381.8359375,
          640.625
        ],
        [
          387.6953125,
          634.765625
        ],
        [
          351.5625,
          685.546875
        ],
        [
          347.65625,
          678.7109375
        ],
        [
          345.703125,
          663.0859375
        ],
        [
          338.8671875,
          656.25
        ],
        [
          330.078125,
          657.2265625
        ],
        [
          310.546875,
          684.5703125
        ]
      ]
    },
    {
      "id": "P082",
      "area_px": 5075.0,
      "centroid_norm": [
        0.8195726216133005,
        0.4470231681034482
      ],
      "polygon": [
        [
          803.7109375,
          503.90625
        ],
        [
          790.0390625,
          405.2734375
        ],
        [
          827.1484375,
          385.7421875
        ],
        [
          853.515625,
          484.375
        ]
      ]
    },
    {
      "id": "P087",
      "area_px": 6189.0,
      "centroid_norm": [
        0.6278825082808208,
        0.399040573497334
      ],