{
  "site": {
    "width_m": 1000.0,
    "height_m": 1000.0
  },
  "parcels": [
    {
      "id": "P007",
      "area_px": 2827.0,
      "centroid_norm": [
        0.8766097563671736,
        0.6452204053546162
      ],
      "polygon": [
        [
          868.1640625,
          710.9375
        ],
        [
          863.28125,
          708.0078125
        ],
        [
          860.3515625,
          695.3125
        ],
        [
          870.1171875,
          697.265625
        ],
        [
          871.09375,
          684.5703125
        ],
        [
          857.421875,
          679.6875
        ],
        [
          852.5390625,
          652.34375
        ],
        [
          858.3984375,
          656.25
        ],
        [
          866.2109375,
          656.25
        ],
        [
          868.1640625,
          653.3203125
        ],
        [
          867.1875,
          644.53125
        ],
        [
          855.46875,
          634.765625
        ],
        [
          864.2578125,
          585.9375
        ],
        [
          868.1640625,
          587.890625
        ],
        [
          861.328125,
          622.0703125
        ],
        [
          863.28125,
          634.765625
        ],
        [
          870.1171875,
          634.765625
        ],
        [
          877.9296875,
          596.6796875
        ],
        [
          901.3671875,
          614.2578125
        ],
        [
          889.6484375,
          673.828125
        ],
        [
          876.953125,
          662.109375
        ],
        [
          868.1640625,
          664.0625
        ],
        [
          869.140625,
          675.78125
        ],
        [
          884.765625,
          688.4765625
        ],
        [
          874.0234375,
          698.2421875
        ],
        [
          873.046875,
          705.078125
        ]
      ]
    },
    {
      "id": "P032",
      "area_px": 1996.0,
      "centroid_norm": [
        0.5088556018286573,
        0.6197928082727956
      ],
      "polygon": [
        [
          522.4609375,
          650.390625
        ],
        [
          481.4453125,
          639.6484375
        ],
        [
          513.671875,
          576.171875
        ],
        [
          536.1328125,
          625.9765625
        ],
        [
          533.203125,
          628.90625
        ],
        [
          525.390625,
          611.328125
        ],
        [
          517.578125,
          612.3046875
        ],
        [
          517.578125,
          623.046875
        ],
        [
          526.3671875,
          642.578125
        ]
      ]
    },
    {
      "id": "P037",
      "area_px": 118801.0,
      "centroid_norm": [
        0.28081201376145826,
        0.44626265114561325
      ],
      "polygon": [
        [
          30.2734375,
          420.8984375
        ],
        [
          275.390625,
          285.15625
        ],
        [
          321.2890625,
          265.625
        ],
        [
          535.15625,
          350.5859375
        ],
        [
          508.7890625,
          402.34375
        ],
        [
          452.1484375,
          490.234375
        ],
        [
          414.0625,
          558.59375
        ],
        [
          386.71875,
          615.234375
        ],
        [
          375.9765625,
          613.28125
        ],
        [
          319.3359375,
          562.5
        ],
        [
          313.4765625,
          562.5
        ],
        [
          221.6796875,
          642.578125
        ],
        [
          219.7265625,
          618.1640625
        ],
        [
          157.2265625,
          618.1640625
        ],
        [
          63.4765625,
          504.8828125
        ]
      ]
    },
    {
      "id": "P046",
      "area_px": 6830.0,
      "centroid_norm": [
        0.4792413982430454,
        0.49642846929904827
      ],
      "polygon": [
        [
          399.4140625,
          618.1640625
        ],
        [
          440.4296875,
          537.109375
        ],
        [
          466.796875,
          490.234375
        ],
        [
          516.6015625,
          413.0859375
        ],
        [
          546.875,
          354.4921875
        ],
        [
          597.65625,
          375.0
        ],
        [
          593.75,
          382.8125
        ],
        [
          580.078125,
          374.0234375
        ],
        [
          569.3359375,
          375.0
        ],
        [
          564.453125,
          370.1171875
        ],
        [
          558.59375,
          370.1171875
        ],
        [
          547.8515625,
          382.8125
        ],
        [
          528.3203125,
          423.828125
        ],
        [
          493.1640625,
          483.3984375
        ],
        [
          423.828125,
          624.0234375
        ]
      ]
    },
    {
      "id": "P050",
      "area_px": 2350.0,
      "centroid_norm": [
        0.9226870013297872,
        0.5718941156914894
      ],
      "polygon": [
        [
          934.5703125,
          618.1640625
        ],
        [
          932.6171875,
          612.3046875
        ],
        [
          938.4765625,
          586.9140625
        ],
        [
          936.5234375,
          572.265625
        ],
        [
          928.7109375,
          573.2421875
        ],
        [
          921.875,
          608.3984375
        ],
        [
          918.9453125,
          607.421875
        ],
        [
          924.8046875,
          575.1953125
        ],
        [
          922.8515625,
          561.5234375
        ],
        [
          915.0390625,
          563.4765625
        ],
        [
          908.203125,
          597.65625
        ],
        [
          893.5546875,
          585.9375
        ],
        [
          907.2265625,
          519.53125
        ],
        [
          913.0859375,
          525.390625
        ],
        [
          911.1328125,
          551.7578125
        ],
        [
          919.921875,
          550.78125
        ],
        [
          922.8515625,
          533.203125
        ],
        [
          925.78125,
          536.1328125
        ],
        [
          926.7578125,
          554.6875
        ],
        [
          932.6171875,
          554.6875
        ],
        [
          936.5234375,
          544.921875
        ],
        [
          933.59375,
          555.6640625
        ],
        [
          935.546875,
          569.3359375
        ],
        [
          942.3828125,
          568.359375
        ],
        [
          946.2890625,
          552.734375
        ],
        [
          946.2890625,
          580.078125
        ],
        [
          953.125,
          580.078125
        ],
        [
          957.03125,
          562.5
        ],
        [
          960.9375,
          565.4296875
        ],
        [
          952.1484375,
          593.75
        ]
      ]
    },
    {
      "id": "P052",
      "area_px": 2799.0,
      "centroid_norm": [
        0.548465272195427,
        0.552747633083244
      ],