{
  "site": {
    "width_m": 1000.0,
    "height_m": 1000.0
  },
  "parcels": [
    {
      "id": "P002",
      "area_px": 4505.0,
      "centroid_norm": [
        0.23651129821032185,
        0.9171773116675915
      ],
      "polygon": [
        [
          214.84375,
          955.078125
        ],
        [
          195.3125,
          905.2734375
        ],
        [
          199.21875,
          889.6484375
        ],
        [
          293.9453125,
          892.578125
        ],
        [
          234.375,
          960.9375
        ]
      ]
    },
    {
      "id": "P004",
      "area_px": 2240.0,
      "centroid_norm": [
        0.34502127511160713,
        0.8150303431919643
      ],
      "polygon": [
        [
          304.6875,
          843.75
        ],
        [
          359.375,
          779.296875
        ],
        [
          385.7421875,
          786.1328125
        ],
        [
          329.1015625,
          851.5625
        ]
      ]
    },
    {
      "id": "P005",
      "area_px": 13774.0,
      "centroid_norm": [
        0.2833767565930376,
        0.7731092377395818
      ],
      "polygon": [
        [
          216.796875,
          838.8671875
        ],
        [
          228.515625,
          805.6640625
        ],
        [
          228.515625,
          743.1640625
        ],
        [
          232.421875,
          713.8671875
        ],
        [
          357.421875,
          727.5390625
        ],
        [
          373.046875,
          735.3515625
        ],
        [
          374.0234375,
          739.2578125
        ],
        [
          286.1328125,
          840.8203125
        ]
      ]
    },
    {
      "id": "P006",
      "area_px": 2034.0,
      "centroid_norm": [
        0.40832795599803345,
        0.737769442908063
      ],
      "polygon": [
        [
          372.0703125,
          765.625
        ],
        [
          384.765625,
          750.0
        ],
        [
          395.5078125,
          748.046875
        ],
        [
          395.5078125,
          739.2578125
        ],
        [
          391.6015625,
          738.28125
        ],
        [
          390.625,
          734.375
        ],
        [
          407.2265625,
          733.3984375
        ],
        [
          405.2734375,
          723.6328125
        ],
        [
          394.53125,
          722.65625
        ],
        [
          397.4609375,
          709.9609375
        ],
        [
          447.265625,
          714.84375
        ],
        [
          421.875,
          744.140625
        ],
        [
          405.2734375,
          743.1640625
        ],
        [
          405.2734375,
          750.9765625
        ],
        [
          413.0859375,
          754.8828125
        ],
        [
          396.484375,
          773.4375
        ]
      ]
    },
    {
      "id": "P011",
      "area_px": 2010.0,
      "centroid_norm": [
        0.2789635805348259,
        0.6734477028917911
      ],
      "polygon": [
        [
          336.9140625,
          671.875
        ],
        [
          331.0546875,
          688.4765625
        ],
        [
          299.8046875,
          684.5703125
        ],
        [
          297.8515625,
          674.8046875
        ],
        [
          288.0859375,
          675.78125
        ],
        [
          285.15625,
          682.6171875
        ],
        [
          223.6328125,
          675.78125
        ],
        [
          227.5390625,
          659.1796875
        ]
      ]
    },
    {
      "id": "P020",
      "area_px": 1608.0,
      "centroid_norm": [
        0.5262117148631841,
        0.6016147290889303
      ],
      "polygon": [
        [
          495.1171875,
          623.046875
        ],
        [
          527.34375,
          583.0078125
        ],
        [
          543.9453125,
          582.03125
        ],
        [
          543.9453125,
          575.1953125
        ],
        [
          537.109375,
          572.265625
        ],
        [
          549.8046875,
          557.6171875
        ],
        [
          554.6875,
          562.5
        ],
        [
          549.8046875,
          567.3828125
        ],
        [
          549.8046875,
          575.1953125
        ],
        [
          552.734375,
          576.171875
        ],
        [
          532.2265625,
          617.1875
        ],
        [
          521.484375,
          629.8828125
        ]
      ]
    },
    {
      "id": "P021",
      "area_px": 1694.0,
      "centroid_norm": [
        0.3424091001328217,
        0.6063726756198347
      ],
      "polygon": [
        [
          402.34375,
          625.9765625
        ],
        [
          366.2109375,
          622.0703125
        ],
        [
          373.046875,
          617.1875
        ],
        [
          372.0703125,
          608.3984375
        ],
        [
          355.46875,
          608.3984375
        ],
        [
          351.5625,
          620.1171875
        ],
        [
          331.0546875,
          618.1640625
        ],
        [
          332.03125,
          606.4453125
        ],
        [
          329.1015625,
          604.4921875
        ],
        [
          264.6484375,
          595.703125
        ],
        [
          296.875,
          590.8203125
        ],
        [
          327.1484375,
          594.7265625
        ],
        [
          330.078125,
          602.5390625
        ],
        [
          339.84375,
          602.5390625
        ],
        [
          342.7734375,
          596.6796875
        ],
        [
          376.953125,
          600.5859375
        ]
      ]
    },
    {
      "id": "P050",
      "area_px": 3311.0,
      "centroid_norm": [
        0.5604023520084567,
        0.4874067384287224
      ],
      "polygon": [
        [
          581.0546875,
          522.4609375
        ],
        [
          545.8984375,
          494.140625
        ],
        [
          533.203125,
          495.1171875
        ],
        [
          533.203125,
          502.9296875
        ],
        [
          538.0859375,
          506.8359375
        ],
        [
          529.296875,
          511.71875
        ],
        [
          510.7421875,
          494.140625
        ],
        [
          510.7421875,
          490.234375
        ],
        [
          519.53125,
          481.4453125
        ],
        [
          536.1328125,
          473.6328125
        ],
        [
          544.921875,
          479.4921875
        ],
        [
          554.6875,
          479.4921875
        ],
        [
          557.6171875,
          476.5625
        ],
        [
          556.640625,
          468.75
        ],
        [
          534.1796875,
          456.0546875
        ],
        [
          558.59375,
          455.078125
        ],
        [
          593.75,
          473.6328125
        ],
        [
          596.6796875,
          480.46875
        ],
        [
          603.515625,
          482.421875
        ]
      ]
    },
    {
      "id": "P064",
      "area_px": 2913.0,
      "centroid_norm": [
        0.5992298800635084,
        0.4292181599725369
      ],