{
  "site": {
    "width_m": 1000.0,
    "height_m": 1000.0
  },
  "parcels": [
    {
      "id": "P001",
      "area_px": 59640.0,
      "centroid_norm": [
        0.8324252153546278,
        0.6914287646451627
      ],
      "polygon": [
        [
          704.1015625,
          839.84375
        ],
        [
          708.984375,
          760.7421875
        ],
        [
          720.703125,
          718.75
        ],
        [
          736.328125,
          685.546875
        ],
        [
          812.5,
          571.2890625
        ],
        [
          826.171875,
          539.0625
        ],
        [
          842.7734375,
          485.3515625
        ],
        [
          856.4453125,
          489.2578125
        ],
        [
          956.0546875,
          547.8515625
        ],
        [
          959.9609375,
          555.6640625
        ],
        [
          888.671875,
          795.8984375
        ],
        [
          869.140625,
          842.7734375
        ],
        [
          871.09375,
          862.3046875
        ]
      ]
    },
    {
      "id": "P004",
      "area_px": 1976.0,
      "centroid_norm": [
        0.6036184210526315,
        0.802733386576417
      ],
      "polygon": [
        [
          624.0234375,
          829.1015625
        ],
        [
          583.0078125,
          822.265625
        ],
        [
          588.8671875,
          764.6484375
        ],
        [
          626.953125,
          797.8515625
        ]
      ]
    },
    {
      "id": "P008",
      "area_px": 2225.0,
      "centroid_norm": [
        0.5296282478932585,
        0.7946352703651686
      ],
      "polygon": [
        [
          571.2890625,
          807.6171875
        ],
        [
          537.109375,
          802.734375
        ],
        [
          534.1796875,
          815.4296875
        ],
        [
          498.046875,
          809.5703125
        ],
        [
          496.09375,
          800.78125
        ],
        [
          499.0234375,
          773.4375
        ],
        [
          504.8828125,
          771.484375
        ],
        [
          522.4609375,
          775.390625
        ],
        [
          522.4609375,
          789.0625
        ],
        [
          525.390625,
          791.015625
        ],
        [
          533.203125,
          790.0390625
        ],
        [
          535.15625,
          778.3203125
        ],
        [
          542.96875,
          779.296875
        ],
        [
          544.921875,
          791.9921875
        ],
        [
          552.734375,
          791.9921875
        ],
        [
          555.6640625,
          781.25
        ],
        [
          572.265625,
          785.15625
        ]
      ]
    },
    {
      "id": "P009",
      "area_px": 79139.0,
      "centroid_norm": [
        0.6532775055993253,
        0.5743190728891571
      ],
      "polygon": [
        [
          683.59375,
          810.546875
        ],
        [
          653.3203125,
          789.0625
        ],
        [
          534.1796875,
          684.5703125
        ],
        [
          505.859375,
          663.0859375
        ],
        [
          517.578125,
          611.328125
        ],
        [
          593.75,
          375.9765625
        ],
        [
          823.2421875,
          475.5859375
        ],
        [
          797.8515625,
          550.78125
        ],
        [
          722.65625,
          664.0625
        ],
        [
          708.0078125,
          691.40625
        ],
        [
          692.3828125,
          738.28125
        ]
      ]
    },
    {
      "id": "P010",
      "area_px": 1969.0,
      "centroid_norm": [
        0.44315255602463177,
        0.7793494476891824
      ],
      "polygon": [
        [
          479.4921875,
          804.6875
        ],
        [
          456.0546875,
          801.7578125
        ],
        [
          455.078125,
          786.1328125
        ],
        [
          445.3125,
          788.0859375
        ],
        [
          444.3359375,
          798.828125
        ],
        [
          434.5703125,
          797.8515625
        ],
        [
          431.640625,
          794.921875
        ],
        [
          439.453125,
          792.96875
        ],
        [
          439.453125,
          783.203125
        ],
        [
          422.8515625,
          780.2734375
        ],
        [
          421.875,
          777.34375
        ],
        [
          412.109375,
          779.296875
        ],
        [
          411.1328125,
          792.96875
        ],
        [
          403.3203125,
          791.015625
        ],
        [
          406.25,
          752.9296875
        ],
        [
          416.9921875,
          753.90625
        ],
        [
          417.96875,
          773.4375
        ],
        [
          425.78125,
          773.4375
        ],
        [
          426.7578125,
          769.53125
        ],
        [
          433.59375,
          770.5078125
        ],
        [
          437.5,
          757.8125
        ],
        [
          441.40625,
          758.7890625
        ],
        [
          442.3828125,
          773.4375
        ],
        [
          451.171875,
          771.484375
        ],
        [
          452.1484375,
          760.7421875
        ],
        [
          464.84375,
          763.671875
        ],
        [
          466.796875,
          777.34375
        ],
        [
          474.609375,
          776.3671875
        ],
        [
          476.5625,
          765.625
        ],
        [
          482.421875,
          766.6015625
        ],
        [
          482.421875,
          780.2734375
        ],
        [
          463.8671875,
          779.296875
        ],
        [
          464.84375,
          790.0390625
        ],
        [
          480.46875,
          793.9453125
        ]
      ]
    },
    {
      "id": "P011",
      "area_px": 27171.0,
      "centroid_norm": [
        0.2463792321661882,
        0.7254896146741932
      ],
      "polygon": [
        [
          380.859375,
          792.96875
        ],
        [
          139.6484375,
          757.8125
        ],
        [
          131.8359375,
          742.1875
        ],
        [
          106.4453125,
          724.609375
        ],
        [
          108.3984375,
          657.2265625
        ],
        [
          111.328125,
          654.296875
        ],
        [
          134.765625,
          657.2265625
        ],
        [
          387.6953125,
          706.0546875
        ],
        [
          389.6484375,
          718.75
        ]
      ]
    },
    {
      "id": "P012",
      "area_px": 3063.0,
      "centroid_norm": [
        0.5329710200375449,
        0.7395342342066602
      ],
      "polygon": [
        [
          574.21875,
          768.5546875
        ],
        [
          502.9296875,
          755.859375
        ],
        [
          507.8125,
          695.3125
        ],
        [
          577.1484375,
          754.8828125
        ]
      ]
    },
    {
      "id": "P014",
      "area_px": 2429.0,
      "centroid_norm": [
        0.4518219785662824,
        0.7271462664676822
      ],