{
  "site": {
    "width_m": 1000.0,
    "height_m": 1000.0
  },
  "parcels": [
    {
      "id": "P001",
      "area_px": 1650.0,
      "centroid_norm": [
        0.1887198153409091,
        0.8745768229166666
      ],
      "polygon": [
        [
          178.7109375,
          914.0625
        ],
        [
          169.921875,
          859.375
        ],
        [
          205.078125,
          848.6328125
        ],
        [
          210.9375,
          871.09375
        ]
      ]
    },
    {
      "id": "P005",
      "area_px": 25238.0,
      "centroid_norm": [
        0.2388752436182542,
        0.6963647095277954
      ],
      "polygon": [
        [
          217.7734375,
          823.2421875
        ],
        [
          159.1796875,
          580.078125
        ],
        [
          230.46875,
          559.5703125
        ],
        [
          243.1640625,
          611.328125
        ],
        [
          251.953125,
          634.765625
        ],
        [
          263.671875,
          652.34375
        ],
        [
          312.5,
          704.1015625
        ],
        [
          339.84375,
          754.8828125
        ],
        [
          303.7109375,
          777.34375
        ],
        [
          263.671875,
          792.96875
        ],
        [
          262.6953125,
          810.546875
        ]
      ]
    },
    {
      "id": "P006",
      "area_px": 7378.0,
      "centroid_norm": [
        0.14717940477602331,
        0.6827335331814177
      ],
      "polygon": [
        [
          153.3203125,
          781.25
        ],
        [
          135.7421875,
          715.8203125
        ],
        [
          132.8125,
          689.453125
        ],
        [
          122.0703125,
          658.203125
        ],
        [
          108.3984375,
          600.5859375
        ],
        [
          110.3515625,
          592.7734375
        ],
        [
          141.6015625,
          584.9609375
        ],
        [
          186.5234375,
          769.53125
        ],
        [
          184.5703125,
          772.4609375
        ]
      ]
    },
    {
      "id": "P007",
      "area_px": 37458.0,
      "centroid_norm": [
        0.3764132495061135,
        0.6191240439292007
      ],
      "polygon": [
        [
          355.46875,
          745.1171875
        ],
        [
          327.1484375,
          692.3828125
        ],
        [
          278.3203125,
          640.625
        ],
        [
          268.5546875,
          625.9765625
        ],
        [
          259.765625,
          604.4921875
        ],
        [
          249.0234375,
          555.6640625
        ],
        [
          322.265625,
          535.15625
        ],
        [
          359.375,
          521.484375
        ],
        [
          394.53125,
          500.0
        ],
        [
          418.9453125,
          542.96875
        ],
        [
          471.6796875,
          584.9609375
        ],
        [
          484.375,
          599.609375
        ],
        [
          511.71875,
          655.2734375
        ],
        [
          464.84375,
          686.5234375
        ],
        [
          449.21875,
          687.5
        ]
      ]
    },
    {
      "id": "P008",
      "area_px": 4413.0,
      "centroid_norm": [
        0.5595935481815092,
        0.674112928067641
      ],
      "polygon": [
        [
          497.0703125,
          690.4296875
        ],
        [
          587.890625,
          629.8828125
        ],
        [
          606.4453125,
          665.0390625
        ],
        [
          606.4453125,
          671.875
        ],
        [
          549.8046875,
          709.9609375
        ]
      ]
    },
    {
      "id": "P009",
      "area_px": 7628.0,
      "centroid_norm": [
        0.6893632525727582,
        0.5875153884127556
      ],
      "polygon": [
        [
          628.90625,
          655.2734375
        ],
        [
          609.375,
          616.2109375
        ],
        [
          755.859375,
          519.53125
        ],
        [
          774.4140625,
          549.8046875
        ],
        [
          732.421875,
          579.1015625
        ],
        [
          726.5625,
          586.9140625
        ]
      ]
    },
    {
      "id": "P010",
      "area_px": 15487.0,
      "centroid_norm": [
        0.4981169312366824,
        0.5375450983082586
      ],
      "polygon": [
        [
          528.3203125,
          644.53125
        ],
        [
          496.09375,
          583.984375
        ],
        [
          479.4921875,
          566.40625
        ],
        [
          433.59375,
          531.25
        ],
        [
          411.1328125,
          492.1875
        ],
        [
          413.0859375,
          488.28125
        ],
        [
          492.1875,
          442.3828125
        ],
        [
          495.1171875,
          442.3828125
        ],
        [
          529.296875,
          509.765625
        ],
        [
          534.1796875,
          525.390625
        ],
        [
          579.1015625,
          610.3515625
        ]
      ]
    },
    {
      "id": "P011",
      "area_px": 13695.0,
      "centroid_norm": [
        0.5845652496349032,
        0.48808058940306687
      ],
      "polygon": [
        [
          599.609375,
          597.65625
        ],
        [
          559.5703125,
          518.5546875
        ],
        [
          552.734375,
          499.0234375
        ],
        [
          516.6015625,
          431.640625
        ],
        [
          524.4140625,
          423.828125
        ],
        [
          587.890625,
          387.6953125
        ],
        [
          606.4453125,
          426.7578125
        ],
        [
          615.234375,
          487.3046875
        ],
        [
          622.0703125,
          510.7421875
        ],
        [
          648.4375,
          564.453125
        ]
      ]
    },
    {
      "id": "P013",
      "area_px": 14738.0,
      "centroid_norm": [
        0.16838083048497082,
        0.45653183681215226
      ],
      "polygon": [
        [
          153.3203125,
          555.6640625
        ],
        [
          111.328125,
          377.9296875
        ],
        [
          183.59375,
          357.421875
        ],
        [
          225.5859375,
          535.15625
        ]
      ]
    },
    {
      "id": "P014",
      "area_px": 20044.0,
      "centroid_norm": [
        0.6761259506429604,
        0.43567101595240476
      ],
      "polygon": [
        [
          664.0625,
          554.6875
        ],
        [
          636.71875,
          498.046875
        ],
        [
          623.046875,
          418.9453125
        ],
        [
          604.4921875,
          377.9296875
        ],
        [
          655.2734375,
          347.65625
        ],
        [
          696.2890625,
          310.546875
        ],
        [
          711.9140625,
          353.515625
        ],
        [
          727.5390625,
          463.8671875
        ],
        [
          744.140625,
          501.953125
        ]
      ]
    },
    {
      "id": "P016",
      "area_px": 7488.0,
      "centroid_norm": [
        0.8685752673026843,
        0.46528208153879536
      ],