{
  "site": {
    "width_m": 1000.0,
    "height_m": 1000.0
  },
  "parcels": [
    {
      "id": "P001",
      "area_px": 198559.0,
      "centroid_norm": [
        0.4865408638380154,
        0.6030913031123621
      ],
      "polygon": [
        [
          214.84375,
          986.328125
        ],
        [
          187.5,
          950.1953125
        ],
        [
          104.4921875,
          802.734375
        ],
        [
          80.078125,
          766.6015625
        ],
        [
          79.1015625,
          760.7421875
        ],
        [
          543.9453125,
          432.6171875
        ],
        [
          539.0625,
          441.40625
        ],
        [
          539.0625,
          448.2421875
        ],
        [
          549.8046875,
          448.2421875
        ],
        [
          812.5,
          264.6484375
        ],
        [
          824.21875,
          259.765625
        ],
        [
          894.53125,
          210.9375
        ],
        [
          970.703125,
          319.3359375
        ],
        [
          820.3125,
          442.3828125
        ],
        [
          524.4140625,
          675.78125
        ],
        [
          449.21875,
          746.09375
        ],
        [
          351.5625,
          875.9765625
        ],
        [
          269.53125,
          946.2890625
        ]
      ]
    },
    {
      "id": "P002",
      "area_px": 13637.0,
      "centroid_norm": [
        0.11972175022457285,
        0.6683898957111167
      ],
      "polygon": [
        [
          71.2890625,
          746.09375
        ],
        [
          26.3671875,
          674.8046875
        ],
        [
          64.453125,
          653.3203125
        ],
        [
          100.5859375,
          625.0
        ],
        [
          117.1875,
          623.046875
        ],
        [
          136.71875,
          627.9296875
        ],
        [
          151.3671875,
          626.953125
        ],
        [
          174.8046875,
          616.2109375
        ],
        [
          198.2421875,
          600.5859375
        ],
        [
          225.5859375,
          637.6953125
        ]
      ]
    },
    {
      "id": "P003",
      "area_px": 70822.0,
      "centroid_norm": [
        0.377154209563236,
        0.4379414952715964
      ],
      "polygon": [
        [
          102.5390625,
          608.3984375
        ],
        [
          211.9140625,
          493.1640625
        ],
        [
          248.046875,
          526.3671875
        ],
        [
          257.8125,
          524.4140625
        ],
        [
          259.765625,
          514.6484375
        ],
        [
          224.609375,
          480.46875
        ],
        [
          284.1796875,
          419.921875
        ],
        [
          395.5078125,
          330.078125
        ],
        [
          558.59375,
          224.609375
        ],
        [
          578.125,
          256.8359375
        ],
        [
          582.03125,
          269.53125
        ],
        [
          582.03125,
          286.1328125
        ],
        [
          576.171875,
          286.1328125
        ],
        [
          569.3359375,
          292.96875
        ],
        [
          554.6875,
          377.9296875
        ],
        [
          545.8984375,
          403.3203125
        ],
        [
          533.203125,
          420.8984375
        ],
        [
          239.2578125,
          627.9296875
        ],
        [
          204.1015625,
          581.0546875
        ],
        [
          194.3359375,
          582.03125
        ],
        [
          166.9921875,
          601.5625
        ],
        [
          143.5546875,
          612.3046875
        ],
        [
          124.0234375,
          608.3984375
        ]
      ]
    },
    {
      "id": "P004",
      "area_px": 42572.0,
      "centroid_norm": [
        0.19764964813286903,
        0.3350566164013319
      ],
      "polygon": [
        [
          174.8046875,
          489.2578125
        ],
        [
          159.1796875,
          464.84375
        ],
        [
          162.109375,
          460.9375
        ],
        [
          161.1328125,
          452.1484375
        ],
        [
          148.4375,
          446.2890625
        ],
        [
          98.6328125,
          354.4921875
        ],
        [
          97.65625,
          338.8671875
        ],
        [
          87.890625,
          334.9609375
        ],
        [
          81.0546875,
          321.2890625
        ],
        [
          83.984375,
          319.3359375
        ],
        [
          83.984375,
          312.5
        ],
        [
          62.5,
          274.4140625
        ],
        [
          145.5078125,
          222.65625
        ],
        [
          164.0625,
          229.4921875
        ],
        [
          173.828125,
          237.3046875
        ],
        [
          180.6640625,
          260.7421875
        ],
        [
          187.5,
          272.4609375
        ],
        [
          196.2890625,
          271.484375
        ],
        [
          266.6015625,
          223.6328125
        ],
        [
          334.9609375,
          321.2890625
        ],
        [
          341.796875,
          334.9609375
        ],
        [
          259.765625,
          402.34375
        ]
      ]
    },
    {
      "id": "P005",
      "area_px": 41077.0,
      "centroid_norm": [
        0.411510033747596,
        0.17661547786778486
      ],
      "polygon": [
        [
          366.2109375,
          315.4296875
        ],
        [
          277.34375,
          186.5234375
        ],
        [
          338.8671875,
          145.5078125
        ],
        [
          359.375,
          170.8984375
        ],
        [
          367.1875,
          170.8984375
        ],
        [
          373.046875,
          166.9921875
        ],
        [
          374.0234375,
          157.2265625
        ],
        [
          368.1640625,
          155.2734375
        ],
        [
          330.078125,
          106.4453125
        ],
        [
          449.21875,
          30.2734375
        ],
        [
          454.1015625,
          30.2734375
        ],
        [
          458.984375,
          39.0625
        ],
        [
          447.265625,
          41.9921875
        ],
        [
          444.3359375,
          44.921875
        ],
        [
          444.3359375,
          51.7578125
        ],
        [
          447.265625,
          54.6875
        ],
        [
          455.078125,
          54.6875
        ],
        [
          461.9140625,
          44.921875
        ],
        [
          473.6328125,
          74.21875
        ],
        [
          541.9921875,
          200.1953125
        ]
      ]
    },
    {
      "id": "P007",
      "area_px": 1891.0,
      "centroid_norm": [
        0.20348443283976733,
        0.19956630503040718
      ],
      "polygon": [
        [
          161.1328125,
          212.890625
        ],
        [
          227.5390625,
          170.8984375
        ],
        [
          242.1875,
          187.5
        ],
        [
          183.59375,
          227.5390625
        ]
      ]
    },
    {
      "id": "P008",
      "area_px": 1759.0,
      "centroid_norm": [
        0.2914098031552018,
        0.14412485787379192
      ],
      "polygon": [
        [
          267.578125,
          172.8515625
        ],
        [
          255.859375,
          153.3203125
        ],
        [
          316.40625,
          115.234375
        ],
        [
          329.1015625,
          131.8359375
        ]
      ]
    }
  ]
}