{
  "site": {
    "width_m": 1000.0,
    "height_m": 1000.0
  },
  "parcels": [
    {
      "id": "P007",
      "area_px": 4057.0,
      "centroid_norm": [
        0.35625226267870347,
        0.8929478563285679
      ],
      "polygon": [
        [
          366.2109375,
          929.6875
        ],
        [
          311.5234375,
          915.0390625
        ],
        [
          348.6328125,
          853.515625
        ],
        [
          400.390625,
          873.046875
        ]
      ]
    },
    {
      "id": "P009",
      "area_px": 1550.0,
      "centroid_norm": [
        0.3011769153225806,
        0.8752520161290323
      ],
      "polygon": [
        [
          271.484375,
          904.296875
        ],
        [
          310.546875,
          839.84375
        ],
        [
          333.0078125,
          847.65625
        ],
        [
          330.078125,
          852.5390625
        ],
        [
          314.453125,
          852.5390625
        ],
        [
          314.453125,
          859.375
        ],
        [
          323.2421875,
          864.2578125
        ],
        [
          307.6171875,
          866.2109375
        ],
        [
          307.6171875,
          873.046875
        ],
        [
          314.453125,
          875.9765625
        ],
        [
          314.453125,
          878.90625
        ],
        [
          294.921875,
          910.15625
        ],
        [
          290.0390625,
          910.15625
        ],
        [
          290.0390625,
          897.4609375
        ],
        [
          283.203125,
          897.4609375
        ],
        [
          277.34375,
          906.25
        ]
      ]
    },
    {
      "id": "P014",
      "area_px": 2113.0,
      "centroid_norm": [
        0.415448081814955,
        0.8581835290463795
      ],
      "polygon": [
        [
          466.796875,
          881.8359375
        ],
        [
          451.171875,
          894.53125
        ],
        [
          411.1328125,
          863.28125
        ],
        [
          410.15625,
          852.5390625
        ],
        [
          402.34375,
          852.5390625
        ],
        [
          398.4375,
          857.421875
        ],
        [
          387.6953125,
          854.4921875
        ],
        [
          387.6953125,
          836.9140625
        ],
        [
          378.90625,
          837.890625
        ],
        [
          373.046875,
          847.65625
        ],
        [
          355.46875,
          841.796875
        ],
        [
          366.2109375,
          825.1953125
        ],
        [
          422.8515625,
          846.6796875
        ]
      ]
    },
    {
      "id": "P028",
      "area_px": 2067.0,
      "centroid_norm": [
        0.27282000257015,
        0.7970616193456701
      ],
      "polygon": [
        [
          350.5859375,
          819.3359375
        ],
        [
          343.75,
          828.125
        ],
        [
          269.53125,
          798.828125
        ],
        [
          258.7890625,
          798.828125
        ],
        [
          255.859375,
          803.7109375
        ],
        [
          230.46875,
          793.9453125
        ],
        [
          228.515625,
          783.203125
        ],
        [
          219.7265625,
          783.203125
        ],
        [
          216.796875,
          788.0859375
        ],
        [
          209.9609375,
          785.15625
        ],
        [
          214.84375,
          767.578125
        ]
      ]
    },
    {
      "id": "P039",
      "area_px": 2031.0,
      "centroid_norm": [
        0.26987600396971934,
        0.7604209941223535
      ],
      "polygon": [
        [
          333.984375,
          792.96875
        ],
        [
          218.75,
          750.0
        ],
        [
          223.6328125,
          722.65625
        ],
        [
          225.5859375,
          720.703125
        ],
        [
          240.234375,
          723.6328125
        ],
        [
          237.3046875,
          733.3984375
        ],
        [
          239.2578125,
          745.1171875
        ],
        [
          338.8671875,
          783.203125
        ]
      ]
    },
    {
      "id": "P043",
      "area_px": 1573.0,
      "centroid_norm": [
        0.5327735119993643,
        0.7325019618165924
      ],
      "polygon": [
        [
          545.8984375,
          767.578125
        ],
        [
          532.2265625,
          761.71875
        ],
        [
          542.96875,
          746.09375
        ],
        [
          542.96875,
          737.3046875
        ],
        [
          486.328125,
          714.84375
        ],
        [
          493.1640625,
          704.1015625
        ],
        [
          567.3828125,
          732.421875
        ]
      ]
    },
    {
      "id": "P052",
      "area_px": 8347.0,
      "centroid_norm": [
        0.59508889795735,
        0.6489991960060502
      ],
      "polygon": [
        [
          523.4375,
          682.6171875
        ],
        [
          547.8515625,
          639.6484375
        ],
        [
          558.59375,
          627.9296875
        ],
        [
          599.609375,
          643.5546875
        ],
        [
          607.421875,
          643.5546875
        ],
        [
          610.3515625,
          640.625
        ],
        [
          608.3984375,
          631.8359375
        ],
        [
          566.40625,
          617.1875
        ],
        [
          571.2890625,
          606.4453125
        ],
        [
          612.3046875,
          622.0703125
        ],
        [
          620.1171875,
          622.0703125
        ],
        [
          663.0859375,
          553.7109375
        ],
        [
          676.7578125,
          553.7109375
        ],
        [
          601.5625,
          711.9140625
        ]
      ]
    },
    {
      "id": "P093",
      "area_px": 1548.0,
      "centroid_norm": [
        0.5437118963985789,
        0.5502368227147933
      ],
      "polygon": [
        [
          514.6484375,
          581.0546875
        ],
        [
          555.6640625,
          512.6953125
        ],
        [
          571.2890625,
          518.5546875
        ],
        [
          571.2890625,
          522.4609375
        ],
        [
          531.25,
          587.890625
        ]
      ]
    },
    {
      "id": "P103",
      "area_px": 2322.0,
      "centroid_norm": [
        0.41966448643410853,
        0.5144213299418605
      ],
      "polygon": [
        [
          366.2109375,
          549.8046875
        ],
        [
          372.0703125,
          540.0390625
        ],
        [
          388.671875,
          546.875
        ],
        [
          399.4140625,
          546.875
        ],
        [
          435.546875,
          488.28125
        ],
        [
          435.546875,
          480.46875
        ],
        [
          414.0625,
          471.6796875
        ],
        [
          419.921875,
          460.9375
        ],
        [
          458.984375,
          475.5859375
        ],
        [
          405.2734375,
          563.4765625
        ]
      ]
    },
    {
      "id": "P122",
      "area_px": 1671.0,
      "centroid_norm": [
        0.33226735487731895,
        0.48210862694494316
      ],
      "polygon": [
        [
          298.828125,
          523.4375
        ],
        [
          350.5859375,
          437.5
        ],
        [
          353.515625,
          435.546875
        ],
        [
          365.234375,
          439.453125
        ],
        [
          314.453125,
          526.3671875
        ],
        [
          310.546875,
          528.3203125
        ]
      ]
    },
    {
      "id": "P126",
      "area_px": 3618.0,
      "centroid_norm": [
        0.2630807550787728,
        0.48215735558319517
      ],