{
  "site": {
    "width_m": 1000.0,
    "height_m": 1000.0
  },
  "parcels": [
    {
      "id": "P001",
      "area_px": 1852.0,
      "centroid_norm": [
        0.039016624763768895,
        0.8206125345909827
      ],
      "polygon": [
        [
          6.8359375,
          859.375
        ],
        [
          41.9921875,
          805.6640625
        ],
        [
          60.546875,
          730.46875
        ],
        [
          54.6875,
          793.9453125
        ],
        [
          41.9921875,
          859.375
        ]
      ]
    },
    {
      "id": "P002",
      "area_px": 292375.0,
      "centroid_norm": [
        0.6276966385207353,
        0.5806642528858487
      ],
      "polygon": [
        [
          55.6640625,
          859.375
        ],
        [
          67.3828125,
          802.734375
        ],
        [
          74.21875,
          728.515625
        ],
        [
          101.5625,
          683.59375
        ],
        [
          130.859375,
          678.7109375
        ],
        [
          138.671875,
          664.0625
        ],
        [
          138.671875,
          673.828125
        ],
        [
          145.5078125,
          692.3828125
        ],
        [
          157.2265625,
          705.078125
        ],
        [
          166.9921875,
          709.9609375
        ],
        [
          223.6328125,
          705.078125
        ],
        [
          266.6015625,
          695.3125
        ],
        [
          302.734375,
          681.640625
        ],
        [
          472.65625,
          593.75
        ],
        [
          508.7890625,
          570.3125
        ],
        [
          530.2734375,
          552.734375
        ],
        [
          583.0078125,
          497.0703125
        ],
        [
          794.921875,
          216.796875
        ],
        [
          805.6640625,
          192.3828125
        ],
        [
          806.640625,
          167.96875
        ],
        [
          994.140625,
          202.1484375
        ],
        [
          992.1875,
          447.265625
        ],
        [
          962.890625,
          511.71875
        ],
        [
          941.40625,
          544.921875
        ],
        [
          936.5234375,
          558.59375
        ],
        [
          872.0703125,
          657.2265625
        ],
        [
          745.1171875,
          759.765625
        ],
        [
          623.046875,
          833.0078125
        ],
        [
          569.3359375,
          855.46875
        ],
        [
          561.5234375,
          850.5859375
        ],
        [
          508.7890625,
          793.9453125
        ],
        [
          489.2578125,
          792.96875
        ],
        [
          438.4765625,
          813.4765625
        ],
        [
          402.34375,
          832.03125
        ],
        [
          395.5078125,
          837.890625
        ],
        [
          386.71875,
          859.375
        ]
      ]
    },
    {
      "id": "P003",
      "area_px": 27536.0,
      "centroid_norm": [
        0.23366509835987434,
        0.6029330424830222
      ],
      "polygon": [
        [
          356.4453125,
          635.7421875
        ],
        [
          277.34375,
          675.78125
        ],
        [
          244.140625,
          685.546875
        ],
        [
          172.8515625,
          695.3125
        ],
        [
          158.203125,
          684.5703125
        ],
        [
          151.3671875,
          669.921875
        ],
        [
          151.3671875,
          645.5078125
        ],
        [
          180.6640625,
          514.6484375
        ],
        [
          195.3125,
          462.890625
        ]
      ]
    },
    {
      "id": "P004",
      "area_px": 12200.0,
      "centroid_norm": [
        0.16576876280737704,
        0.46217669377561477
      ],
      "polygon": [
        [
          108.3984375,
          666.015625
        ],
        [
          106.4453125,
          657.2265625
        ],
        [
          113.28125,
          633.7890625
        ],
        [
          120.1171875,
          583.0078125
        ],
        [
          106.4453125,
          581.0546875
        ],
        [
          116.2109375,
          540.0390625
        ],
        [
          116.2109375,
          555.6640625
        ],
        [
          125.0,
          555.6640625
        ],
        [
          128.90625,
          509.765625
        ],
        [
          140.625,
          445.3125
        ],
        [
          196.2890625,
          337.890625
        ],
        [
          251.953125,
          260.7421875
        ],
        [
          259.765625,
          255.859375
        ],
        [
          193.359375,
          424.8046875
        ],
        [
          185.546875,
          425.78125
        ],
        [
          170.8984375,
          459.9609375
        ],
        [
          125.0,
          663.0859375
        ],
        [
          122.0703125,
          666.015625
        ]
      ]
    },
    {
      "id": "P018",
      "area_px": 16326.0,
      "centroid_norm": [
        0.39123129900159254,
        0.4111241391224121
      ],
      "polygon": [
        [
          494.140625,
          554.6875
        ],
        [
          261.71875,
          304.6875
        ],
        [
          279.296875,
          259.765625
        ],
        [
          528.3203125,
          527.34375
        ]
      ]
    },
    {
      "id": "P025",
      "area_px": 2959.0,
      "centroid_norm": [
        0.37887687721781005,
        0.47312225413991216
      ],
      "polygon": [
        [
          409.1796875,
          523.4375
        ],
        [
          335.9375,
          445.3125
        ],
        [
          348.6328125,
          421.875
        ],
        [
          421.875,
          501.953125
        ]
      ]
    },
    {
      "id": "P028",
      "area_px": 1537.0,
      "centroid_norm": [
        0.2733752338158751,
        0.4583642546356539
      ],
      "polygon": [
        [
          259.765625,
          498.046875
        ],
        [
          248.046875,
          484.375
        ],
        [
          286.1328125,
          417.96875
        ],
        [
          298.828125,
          432.6171875
        ]
      ]
    },
    {
      "id": "P029",
      "area_px": 2981.0,
      "centroid_norm": [
        0.56879704272895,
        0.44114056996393824
      ],
      "polygon": [
        [
          570.3125,
          482.421875
        ],
        [
          537.109375,
          446.2890625
        ],
        [
          563.4765625,
          398.4375
        ],
        [
          602.5390625,
          439.453125
        ]
      ]
    },
    {
      "id": "P031",
      "area_px": 2953.0,
      "centroid_norm": [
        0.5203679256264816,
        0.409680700770403
      ],
      "polygon": [
        [
          511.71875,
          458.0078125
        ],
        [
          488.28125,
          432.6171875
        ],
        [
          529.296875,
          361.328125
        ],
        [
          551.7578125,
          387.6953125
        ]
      ]
    },
    {
      "id": "P032",
      "area_px": 5225.0,
      "centroid_norm": [
        0.2557085451555024,
        0.38426379336124405
      ],
      "polygon": [
        [
          250.0,
          445.3125
        ],
        [
          218.75,
          408.203125
        ],
        [
          239.2578125,
          354.4921875
        ],
        [
          244.140625,
          351.5625
        ],
        [
          249.0234375,
          331.0546875
        ],
        [
          255.859375,
          324.21875
        ],
        [
          296.875,
          366.2109375
        ]
      ]
    },
    {
      "id": "P033",
      "area_px": 6772.0,