{
  "site": {
    "width_m": 1000.0,
    "height_m": 1000.0
  },
  "parcels": [
    {
      "id": "P001",
      "area_px": 9382.0,
      "centroid_norm": [
        0.658216032029418,
        0.8686382917421659
      ],
      "polygon": [
        [
          746.09375,
          993.1640625
        ],
        [
          583.0078125,
          815.4296875
        ],
        [
          583.0078125,
          808.59375
        ],
        [
          535.15625,
          756.8359375
        ],
        [
          625.0,
          811.5234375
        ],
        [
          629.8828125,
          821.2890625
        ],
        [
          718.75,
          875.9765625
        ],
        [
          717.7734375,
          953.125
        ],
        [
          749.0234375,
          981.4453125
        ]
      ]
    },
    {
      "id": "P003",
      "area_px": 11188.0,
      "centroid_norm": [
        0.6463002875569807,
        0.7377391129167412
      ],
      "polygon": [
        [
          711.9140625,
          799.8046875
        ],
        [
          704.1015625,
          800.78125
        ],
        [
          688.4765625,
          809.5703125
        ],
        [
          552.734375,
          726.5625
        ],
        [
          681.640625,
          667.96875
        ],
        [
          692.3828125,
          753.90625
        ]
      ]
    },
    {
      "id": "P007",
      "area_px": 1593.0,
      "centroid_norm": [
        0.6375947749921532,
        0.6549221692561205
      ],
      "polygon": [
        [
          580.078125,
          667.96875
        ],
        [
          657.2265625,
          632.8125
        ],
        [
          672.8515625,
          623.046875
        ],
        [
          675.78125,
          625.0
        ],
        [
          678.7109375,
          652.34375
        ],
        [
          608.3984375,
          685.546875
        ],
        [
          602.5390625,
          680.6640625
        ],
        [
          671.875,
          649.4140625
        ],
        [
          673.828125,
          641.6015625
        ],
        [
          668.9453125,
          636.71875
        ],
        [
          661.1328125,
          636.71875
        ],
        [
          586.9140625,
          671.875
        ]
      ]
    },
    {
      "id": "P023",
      "area_px": 26868.0,
      "centroid_norm": [
        0.5889497671486527,
        0.45714377930995975
      ],
      "polygon": [
        [
          671.875,
          594.7265625
        ],
        [
          593.75,
          547.8515625
        ],
        [
          638.671875,
          524.4140625
        ],
        [
          638.671875,
          513.671875
        ],
        [
          628.90625,
          513.671875
        ],
        [
          582.03125,
          539.0625
        ],
        [
          574.21875,
          536.1328125
        ],
        [
          543.9453125,
          512.6953125
        ],
        [
          515.625,
          477.5390625
        ],
        [
          509.765625,
          463.8671875
        ],
        [
          479.4921875,
          426.7578125
        ],
        [
          478.515625,
          420.8984375
        ],
        [
          468.75,
          407.2265625
        ],
        [
          512.6953125,
          390.625
        ],
        [
          612.3046875,
          363.28125
        ],
        [
          623.046875,
          363.28125
        ],
        [
          717.7734375,
          383.7890625
        ],
        [
          717.7734375,
          387.6953125
        ],
        [
          706.0546875,
          381.8359375
        ],
        [
          643.5546875,
          381.8359375
        ]
      ]
    },
    {
      "id": "P025",
      "area_px": 2685.0,
      "centroid_norm": [
        0.33156388209962756,
        0.5605927025139665
      ],
      "polygon": [
        [
          375.0,
          558.59375
        ],
        [
          349.609375,
          582.03125
        ],
        [
          304.6875,
          579.1015625
        ],
        [
          298.828125,
          561.5234375
        ],
        [
          298.828125,
          539.0625
        ],
        [
          347.65625,
          541.9921875
        ]
      ]
    },
    {
      "id": "P030",
      "area_px": 5878.0,
      "centroid_norm": [
        0.47663825918679825,
        0.5077997073302994
      ],
      "polygon": [
        [
          553.7109375,
          553.7109375
        ],
        [
          537.109375,
          559.5703125
        ],
        [
          513.671875,
          547.8515625
        ],
        [
          497.0703125,
          546.875
        ],
        [
          488.28125,
          550.78125
        ],
        [
          458.0078125,
          532.2265625
        ],
        [
          458.0078125,
          522.4609375
        ],
        [
          451.171875,
          515.625
        ],
        [
          448.2421875,
          504.8828125
        ],
        [
          440.4296875,
          497.0703125
        ],
        [
          421.875,
          487.3046875
        ],
        [
          408.203125,
          472.65625
        ],
        [
          466.796875,
          456.0546875
        ],
        [
          470.703125,
          466.796875
        ],
        [
          510.7421875,
          517.578125
        ],
        [
          540.0390625,
          544.921875
        ]
      ]
    },
    {
      "id": "P041",
      "area_px": 2415.0,
      "centroid_norm": [
        0.41326345755693583,
        0.43832977484472047
      ],
      "polygon": [
        [
          352.5390625,
          441.40625
        ],
        [
          397.4609375,
          425.78125
        ],
        [
          434.5703125,
          416.9921875
        ],
        [
          458.0078125,
          443.359375
        ],
        [
          404.296875,
          460.9375
        ],
        [
          399.4140625,
          451.171875
        ],
        [
          369.140625,
          441.40625
        ]
      ]
    },
    {
      "id": "P046",
      "area_px": 2944.0,
      "centroid_norm": [
        0.3718006299889606,
        0.3984302023182744
      ],
      "polygon": [
        [
          321.2890625,
          401.3671875
        ],
        [
          382.8125,
          371.09375
        ],
        [
          402.34375,
          383.7890625
        ],
        [
          420.8984375,
          402.34375
        ],
        [
          355.46875,
          422.8515625
        ]
      ]
    },
    {
      "id": "P049",
      "area_px": 2943.0,
      "centroid_norm": [
        0.315813941450051,
        0.36647042505521576
      ],
      "polygon": [
        [
          264.6484375,
          365.234375
        ],
        [
          290.0390625,
          361.328125
        ],
        [
          302.734375,
          351.5625
        ],
        [
          312.5,
          337.890625
        ],
        [
          368.1640625,
          362.3046875
        ],
        [
          307.6171875,
          393.5546875
        ],
        [
          278.3203125,
          380.859375
        ]
      ]
    },
    {
      "id": "P050",
      "area_px": 2317.0,
      "centroid_norm": [
        0.44777771970759606,
        0.36129187796719897
      ],
      "polygon": [
        [
          451.171875,
          388.671875
        ],
        [
          408.203125,
          358.3984375
        ],
        [
          458.0078125,
          329.1015625
        ],
        [
          477.5390625,
          380.859375
        ]
      ]
    },
    {
      "id": "P051",
      "area_px": 6600.0,
      "centroid_norm": [
        0.5291364820075758,
        0.33356785629734853
      ],