{
  "site": {
    "width_m": 1000.0,
    "height_m": 1000.0
  },
  "parcels": [
    {
      "id": "P001",
      "area_px": 35817.0,
      "centroid_norm": [
        0.7420349231859173,
        0.8195390369796465
      ],
      "polygon": [
        [
          961.9140625,
          887.6953125
        ],
        [
          951.171875,
          899.4140625
        ],
        [
          924.8046875,
          915.0390625
        ],
        [
          899.4140625,
          935.546875
        ],
        [
          891.6015625,
          936.5234375
        ],
        [
          852.5390625,
          959.9609375
        ],
        [
          834.9609375,
          974.609375
        ],
        [
          828.125,
          975.5859375
        ],
        [
          809.5703125,
          992.1875
        ],
        [
          778.3203125,
          982.421875
        ],
        [
          751.953125,
          959.9609375
        ],
        [
          758.7890625,
          942.3828125
        ],
        [
          758.7890625,
          925.78125
        ],
        [
          734.375,
          895.5078125
        ],
        [
          726.5625,
          894.53125
        ],
        [
          704.1015625,
          876.953125
        ],
        [
          690.4296875,
          875.0
        ],
        [
          658.203125,
          838.8671875
        ],
        [
          650.390625,
          797.8515625
        ],
        [
          636.71875,
          768.5546875
        ],
        [
          625.9765625,
          764.6484375
        ],
        [
          614.2578125,
          764.6484375
        ],
        [
          605.46875,
          757.8125
        ],
        [
          593.75,
          757.8125
        ],
        [
          576.171875,
          769.53125
        ],
        [
          569.3359375,
          766.6015625
        ],
        [
          554.6875,
          767.578125
        ],
        [
          551.7578125,
          771.484375
        ],
        [
          549.8046875,
          789.0625
        ],
        [
          543.9453125,
          799.8046875
        ],
        [
          530.2734375,
          816.40625
        ],
        [
          515.625,
          827.1484375
        ],
        [
          485.3515625,
          734.375
        ],
        [
          492.1875,
          733.3984375
        ],
        [
          499.0234375,
          752.9296875
        ],
        [
          526.3671875,
          748.046875
        ],
        [
          531.25,
          745.1171875
        ],
        [
          531.25,
          738.28125
        ],
        [
          518.5546875,
          697.265625
        ],
        [
          576.171875,
          694.3359375
        ],
        [
          601.5625,
          687.5
        ],
        [
          613.28125,
          712.890625
        ],
        [
          632.8125,
          734.375
        ],
        [
          675.78125,
          768.5546875
        ],
        [
          731.4453125,
          806.640625
        ],
        [
          714.84375,
          795.8984375
        ],
        [
          708.0078125,
          795.8984375
        ],
        [
          678.7109375,
          836.9140625
        ],
        [
          677.734375,
          847.65625
        ],
        [
          774.4140625,
          915.0390625
        ],
        [
          759.765625,
          952.1484375
        ],
        [
          759.765625,
          959.9609375
        ],
        [
          787.109375,
          978.515625
        ],
        [
          802.734375,
          978.515625
        ],
        [
          866.2109375,
          936.5234375
        ],
        [
          879.8828125,
          918.9453125
        ],
        [
          878.90625,
          910.15625
        ],
        [
          808.59375,
          861.328125
        ],
        [
          806.640625,
          846.6796875
        ],
        [
          802.734375,
          843.75
        ],
        [
          803.7109375,
          834.9609375
        ],
        [
          762.6953125,
          806.640625
        ],
        [
          798.828125,
          751.953125
        ],
        [
          967.7734375,
          869.140625
        ],
        [
          955.078125,
          875.0
        ],
        [
          956.0546875,
          883.7890625
        ]
      ]
    },
    {
      "id": "P007",
      "area_px": 145558.0,
      "centroid_norm": [
        0.34945590444401886,
        0.49249961382447205
      ],