{
  "site": {
    "width_m": 1000.0,
    "height_m": 1000.0
  },
  "parcels": [
    {
      "id": "P001",
      "area_px": 10331.0,
      "centroid_norm": [
        0.3389607696193495,
        0.8925618662883554
      ],
      "polygon": [
        [
          239.2578125,
          989.2578125
        ],
        [
          266.6015625,
          910.15625
        ],
        [
          290.0390625,
          891.6015625
        ],
        [
          365.234375,
          861.328125
        ],
        [
          397.4609375,
          822.265625
        ],
        [
          420.8984375,
          808.59375
        ],
        [
          426.7578125,
          800.78125
        ],
        [
          466.796875,
          777.34375
        ],
        [
          452.1484375,
          791.015625
        ],
        [
          450.1953125,
          798.828125
        ],
        [
          435.546875,
          815.4296875
        ],
        [
          421.875,
          849.609375
        ],
        [
          381.8359375,
          880.859375
        ],
        [
          372.0703125,
          896.484375
        ],
        [
          334.9609375,
          931.640625
        ],
        [
          315.4296875,
          941.40625
        ],
        [
          302.734375,
          954.1015625
        ],
        [
          281.25,
          961.9140625
        ],
        [
          262.6953125,
          964.84375
        ]
      ]
    },
    {
      "id": "P002",
      "area_px": 11595.0,
      "centroid_norm": [
        0.33049081635403194,
        0.7832244333495041
      ],
      "polygon": [
        [
          268.5546875,
          885.7421875
        ],
        [
          269.53125,
          876.953125
        ],
        [
          281.25,
          863.28125
        ],
        [
          292.96875,
          825.1953125
        ],
        [
          300.78125,
          812.5
        ],
        [
          303.7109375,
          793.9453125
        ],
        [
          314.453125,
          764.6484375
        ],
        [
          312.5,
          748.046875
        ],
        [
          308.59375,
          744.140625
        ],
        [
          276.3671875,
          734.375
        ],
        [
          274.4140625,
          728.515625
        ],
        [
          283.203125,
          708.0078125
        ],
        [
          282.2265625,
          695.3125
        ],
        [
          329.1015625,
          711.9140625
        ],
        [
          342.7734375,
          723.6328125
        ],
        [
          343.75,
          728.515625
        ],
        [
          363.28125,
          741.2109375
        ],
        [
          396.484375,
          756.8359375
        ],
        [
          407.2265625,
          758.7890625
        ],
        [
          409.1796875,
          762.6953125
        ],
        [
          398.4375,
          769.53125
        ],
        [
          395.5078125,
          778.3203125
        ],
        [
          382.8125,
          785.15625
        ],
        [
          381.8359375,
          792.96875
        ],
        [
          365.234375,
          810.546875
        ],
        [
          362.3046875,
          819.3359375
        ],
        [
          342.7734375,
          836.9140625
        ],
        [
          335.9375,
          853.515625
        ],
        [
          316.40625,
          856.4453125
        ],
        [
          287.109375,
          876.953125
        ]
      ]
    },
    {
      "id": "P008",
      "area_px": 1935.0,
      "centroid_norm": [
        0.42203145187338503,
        0.7001902656653747
      ],
      "polygon": [
        [
          430.6640625,
          740.234375
        ],
        [
          412.109375,
          733.3984375
        ],
        [
          413.0859375,
          693.359375
        ],
        [
          400.390625,
          662.109375
        ],
        [
          404.296875,
          659.1796875
        ],
        [
          423.828125,
          666.9921875
        ],
        [
          433.59375,
          678.7109375
        ],
        [
          437.5,
          725.5859375
        ],
        [
          436.5234375,
          734.375
        ]
      ]
    },
    {
      "id": "P010",
      "area_px": 1700.0,
      "centroid_norm": [
        0.37732192095588235,
        0.6924879365808824
      ],
      "polygon": [
        [
          395.5078125,
          724.609375
        ],
        [
          368.1640625,
          707.03125
        ],
        [
          354.4921875,
          694.3359375
        ],
        [
          354.4921875,
          684.5703125
        ],
        [
          367.1875,
          665.0390625
        ],
        [
          384.765625,
          667.96875
        ],
        [
          391.6015625,
          684.5703125
        ],
        [
          391.6015625,
          695.3125
        ],
        [
          397.4609375,
          701.171875
        ]
      ]
    },
    {
      "id": "P020",
      "area_px": 2540.0,
      "centroid_norm": [
        0.2808832123523622,
        0.606785187007874
      ],
      "polygon": [
        [
          264.6484375,
          662.109375
        ],
        [
          256.8359375,
          660.15625
        ],
        [
          274.4140625,
          628.90625
        ],
        [
          274.4140625,
          620.1171875
        ],
        [
          257.8125,
          589.84375
        ],
        [
          262.6953125,
          570.3125
        ],
        [
          314.453125,
          587.890625
        ],
        [
          271.484375,
          656.25
        ]
      ]
    },
    {
      "id": "P028",
      "area_px": 2202.0,
      "centroid_norm": [
        0.35889736248297005,
        0.5840384806425976
      ],
      "polygon": [
        [
          324.21875,
          614.2578125
        ],
        [
          366.2109375,
          548.828125
        ],
        [
          394.53125,
          553.7109375
        ],
        [
          352.5390625,
          619.140625
        ]
      ]
    },
    {
      "id": "P030",
      "area_px": 1925.0,
      "centroid_norm": [
        0.5913337053571428,
        0.5851369724025974
      ],
      "polygon": [
        [
          627.9296875,
          596.6796875
        ],
        [
          610.3515625,
          615.234375
        ],
        [
          552.734375,
          570.3125
        ],
        [
          576.171875,
          557.6171875
        ]
      ]
    },
    {
      "id": "P032",
      "area_px": 2295.0,
      "centroid_norm": [
        0.44575333605664486,
        0.5666283700980392
      ],
      "polygon": [
        [
          411.1328125,
          598.6328125
        ],
        [
          456.0546875,
          527.34375
        ],
        [
          461.9140625,
          527.34375
        ],
        [
          478.515625,
          540.0390625
        ],
        [
          438.4765625,
          602.5390625
        ]
      ]
    },
    {
      "id": "P036",
      "area_px": 2411.0,
      "centroid_norm": [
        0.5139375842492742,
        0.5263696177675239
      ],
      "polygon": [
        [
          560.546875,
          545.8984375
        ],
        [
          536.1328125,
          559.5703125
        ],
        [
          468.75,
          506.8359375
        ],
        [
          474.609375,
          498.046875
        ],
        [
          496.09375,
          497.0703125
        ]
      ]
    },
    {
      "id": "P040",
      "area_px": 5578.0,
      "centroid_norm": [
        0.322521933264611,
        0.49090560852904264
      ],