{
  "site": {
    "width_m": 1000.0,
    "height_m": 1000.0
  },
  "parcels": [
    {
      "id": "P001",
      "area_px": 4081.0,
      "centroid_norm": [
        0.8276746469921588,
        0.6985073262527567
      ],
      "polygon": [
        [
          883.7890625,
          723.6328125
        ],
        [
          875.0,
          723.6328125
        ],
        [
          873.046875,
          719.7265625
        ],
        [
          866.2109375,
          719.7265625
        ],
        [
          865.234375,
          723.6328125
        ],
        [
          777.34375,
          717.7734375
        ],
        [
          760.7421875,
          686.5234375
        ],
        [
          764.6484375,
          678.7109375
        ],
        [
          769.53125,
          678.7109375
        ],
        [
          774.4140625,
          686.5234375
        ],
        [
          788.0859375,
          690.4296875
        ],
        [
          791.015625,
          701.171875
        ],
        [
          781.25,
          703.125
        ],
        [
          780.2734375,
          715.8203125
        ],
        [
          801.7578125,
          716.796875
        ],
        [
          802.734375,
          698.2421875
        ],
        [
          832.03125,
          656.25
        ],
        [
          833.984375,
          660.15625
        ],
        [
          841.796875,
          659.1796875
        ],
        [
          845.703125,
          664.0625
        ],
        [
          845.703125,
          681.640625
        ],
        [
          853.515625,
          683.59375
        ],
        [
          855.46875,
          677.734375
        ],
        [
          859.375,
          681.640625
        ],
        [
          865.234375,
          681.640625
        ],
        [
          867.1875,
          685.546875
        ],
        [
          861.328125,
          686.5234375
        ],
        [
          860.3515625,
          696.2890625
        ],
        [
          862.3046875,
          699.21875
        ],
        [
          869.140625,
          699.21875
        ],
        [
          871.09375,
          695.3125
        ],
        [
          873.046875,
          707.03125
        ],
        [
          876.953125,
          708.984375
        ]
      ]
    },
    {
      "id": "P003",
      "area_px": 4265.0,
      "centroid_norm": [
        0.7064620274032826,
        0.6656696493991794
      ],
      "polygon": [
        [
          737.3046875,
          714.84375
        ],
        [
          712.890625,
          712.890625
        ],
        [
          708.984375,
          704.1015625
        ],
        [
          702.1484375,
          704.1015625
        ],
        [
          700.1953125,
          711.9140625
        ],
        [
          697.265625,
          711.9140625
        ],
        [
          681.640625,
          650.390625
        ],
        [
          673.828125,
          631.8359375
        ],
        [
          684.5703125,
          610.3515625
        ],
        [
          687.5,
          597.65625
        ],
        [
          743.1640625,
          691.40625
        ]
      ]
    },
    {
      "id": "P004",
      "area_px": 5563.0,
      "centroid_norm": [
        0.8891646326734676,
        0.623354607170142
      ],
      "polygon": [
        [
          895.5078125,
          713.8671875
        ],
        [
          871.09375,
          656.25
        ],
        [
          870.1171875,
          609.375
        ],
        [
          862.3046875,
          584.9609375
        ],
        [
          893.5546875,
          529.296875
        ],
        [
          914.0625,
          659.1796875
        ]
      ]
    },
    {
      "id": "P006",
      "area_px": 15663.0,
      "centroid_norm": [
        0.6058442742250846,
        0.6157610316709762
      ],
      "polygon": [
        [
          671.875,
          709.9609375
        ],
        [
          562.5,
          703.125
        ],
        [
          568.359375,
          645.5078125
        ],
        [
          564.453125,
          614.2578125
        ],
        [
          570.3125,
          611.328125
        ],
        [
          572.265625,
          637.6953125
        ],
        [
          580.078125,
          639.6484375
        ],
        [
          583.0078125,
          633.7890625
        ],
        [
          580.078125,
          579.1015625
        ],
        [
          572.265625,
          518.5546875
        ],
        [
          565.4296875,
          517.578125
        ],
        [
          562.5,
          525.390625
        ],
        [
          555.6640625,
          526.3671875
        ],
        [
          553.7109375,
          486.328125
        ],
        [
          543.9453125,
          473.6328125
        ],
        [
          543.9453125,
          467.7734375
        ],
        [
          564.453125,
          481.4453125
        ],
        [
          571.2890625,
          480.46875
        ],
        [
          577.1484375,
          489.2578125
        ],
        [
          581.0546875,
          489.2578125
        ],
        [
          587.890625,
          496.09375
        ],
        [
          595.703125,
          496.09375
        ],
        [
          598.6328125,
          493.1640625
        ],
        [
          601.5625,
          497.0703125
        ],
        [
          598.6328125,
          498.046875
        ],
        [
          598.6328125,
          506.8359375
        ],
        [
          624.0234375,
          547.8515625
        ],
        [
          625.0,
          552.734375
        ],
        [
          620.1171875,
          558.59375
        ],
        [
          621.09375,
          571.2890625
        ],
        [
          628.90625,
          572.265625
        ],
        [
          631.8359375,
          568.359375
        ]
      ]
    },
    {
      "id": "P008",
      "area_px": 18849.0,
      "centroid_norm": [
        0.2679282036679665,
        0.51825439802841
      ],