{
  "site": {
    "width_m": 1000.0,
    "height_m": 1000.0
  },
  "parcels": [
    {
      "id": "P001",
      "area_px": 277953.0,
      "centroid_norm": [
        0.46964409928342205,
        0.6105842204268797
      ],
      "polygon": [
        [
          122.0703125,
          751.953125
        ],
        [
          125.9765625,
          682.6171875
        ],
        [
          139.6484375,
          679.6875
        ],
        [
          136.71875,
          670.8984375
        ],
        [
          126.953125,
          670.8984375
        ],
        [
          129.8828125,
          649.4140625
        ],
        [
          126.953125,
          622.0703125
        ],
        [
          143.5546875,
          616.2109375
        ],
        [
          151.3671875,
          605.46875
        ],
        [
          160.15625,
          616.2109375
        ],
        [
          169.921875,
          616.2109375
        ],
        [
          174.8046875,
          623.046875
        ],
        [
          203.125,
          625.0
        ],
        [
          228.515625,
          611.328125
        ],
        [
          244.140625,
          583.0078125
        ],
        [
          245.1171875,
          552.734375
        ],
        [
          226.5625,
          521.484375
        ],
        [
          219.7265625,
          499.0234375
        ],
        [
          251.953125,
          465.8203125
        ],
        [
          255.859375,
          430.6640625
        ],
        [
          250.0,
          415.0390625
        ],
        [
          251.953125,
          403.3203125
        ],
        [
          249.0234375,
          397.4609375
        ],
        [
          254.8828125,
          386.71875
        ],
        [
          267.578125,
          386.71875
        ],
        [
          278.3203125,
          378.90625
        ],
        [
          325.1953125,
          380.859375
        ],
        [
          326.171875,
          386.71875
        ],
        [
          337.890625,
          386.71875
        ],
        [
          370.1171875,
          376.953125
        ],
        [
          431.640625,
          376.953125
        ],
        [
          469.7265625,
          374.0234375
        ],
        [
          471.6796875,
          370.1171875
        ],
        [
          488.28125,
          370.1171875
        ],
        [
          489.2578125,
          375.9765625
        ],
        [
          493.1640625,
          377.9296875
        ],
        [
          502.9296875,
          375.0
        ],
        [
          524.4140625,
          376.953125
        ],
        [
          541.015625,
          372.0703125
        ],
        [
          557.6171875,
          372.0703125
        ],
        [
          559.5703125,
          377.9296875
        ],
        [
          570.3125,
          377.9296875
        ],
        [
          603.515625,
          366.2109375
        ],
        [
          690.4296875,
          366.2109375
        ],
        [
          692.3828125,
          357.421875
        ],
        [
          804.6875,
          349.609375
        ],
        [
          875.0,
          405.2734375
        ],
        [
          840.8203125,
          447.265625
        ],
        [
          841.796875,
          456.0546875
        ],
        [
          791.9921875,
          526.3671875
        ],
        [
          777.34375,
          554.6875
        ],
        [
          763.671875,
          567.3828125
        ],
        [
          678.7109375,
          693.359375
        ],
        [
          655.2734375,
          720.703125
        ],
        [
          655.2734375,
          727.5390625
        ],
        [
          661.1328125,
          740.234375
        ],
        [
          531.25,
          778.3203125
        ],
        [
          508.7890625,
          782.2265625
        ],
        [
          484.375,
          782.2265625
        ],
        [
          453.125,
          778.3203125
        ],
        [
          333.0078125,
          736.328125
        ],
        [
          319.3359375,
          736.328125
        ],
        [
          320.3125,
          744.140625
        ],
        [
          472.65625,
          813.4765625
        ],
        [
          520.5078125,
          858.3984375
        ],
        [
          516.6015625,
          871.09375
        ],
        [
          516.6015625,
          884.765625
        ],
        [
          520.5078125,
          893.5546875
        ],
        [
          535.15625,
          910.15625
        ],
        [
          528.3203125,
          912.109375
        ],
        [
          513.671875,
          931.640625
        ],
        [
          513.671875,
          939.453125
        ],
        [
          522.4609375,
          945.3125
        ],
        [
          529.296875,
          945.3125
        ],
        [
          533.203125,
          939.453125
        ],
        [
          528.3203125,
          947.265625
        ],
        [
          430.6640625,
          988.28125
        ],
        [
          426.7578125,
          987.3046875
        ],
        [
          263.671875,
          846.6796875
        ],
        [
          190.4296875,
          803.7109375
        ]
      ]
    },
    {
      "id": "P002",
      "area_px": 3132.0,
      "centroid_norm": [
        0.558659851931673,
        0.8760305041706578
      ],
      "polygon": [
        [
          597.65625,
          889.6484375
        ],
        [
          572.265625,
          891.6015625
        ],
        [
          570.3125,
          909.1796875
        ],
        [
          550.78125,
          910.15625
        ],
        [
          528.3203125,
          881.8359375
        ],
        [
          530.2734375,
          867.1875
        ],
        [
          543.9453125,
          869.140625
        ],
        [
          545.8984375,
          861.328125
        ],
        [
          532.2265625,
          854.4921875
        ],
        [
          509.765625,
          833.0078125
        ],
        [
          547.8515625,
          846.6796875
        ],
        [
          594.7265625,
          869.140625
        ],
        [
          599.609375,
          874.0234375
        ]
      ]
    },
    {
      "id": "P005",
      "area_px": 9969.0,
      "centroid_norm": [
        0.31589088283052463,
        0.30951241818387
      ],
      "polygon": [
        [
          265.625,
          362.3046875
        ],
        [
          263.671875,
          273.4375
        ],
        [
          284.1796875,
          272.4609375
        ],
        [
          284.1796875,
          257.8125
        ],
        [
          331.0546875,
          268.5546875
        ],
        [
          376.953125,
          267.578125
        ],
        [
          379.8828125,
          314.453125
        ],
        [
          361.328125,
          318.359375
        ],
        [
          360.3515625,
          339.84375
        ],
        [
          335.9375,
          340.8203125
        ],
        [
          333.0078125,
          358.3984375
        ]
      ]
    },
    {
      "id": "P009",
      "area_px": 6703.0,
      "centroid_norm": [
        0.5931714635704163,
        0.2977536585763837
      ],