{
  "site": {
    "width_m": 1000.0,
    "height_m": 1000.0
  },
  "parcels": [
    {
      "id": "P029",
      "area_px": 3192.0,
      "centroid_norm": [
        0.582260705474624,
        0.9113561491619674
      ],
      "polygon": [
        [
          606.4453125,
          941.40625
        ],
        [
          555.6640625,
          933.59375
        ],
        [
          549.8046875,
          926.7578125
        ],
        [
          544.921875,
          926.7578125
        ],
        [
          544.921875,
          923.828125
        ],
        [
          551.7578125,
          921.875
        ],
        [
          555.6640625,
          916.015625
        ],
        [
          556.640625,
          893.5546875
        ],
        [
          552.734375,
          880.859375
        ],
        [
          563.4765625,
          877.9296875
        ],
        [
          569.3359375,
          887.6953125
        ],
        [
          578.125,
          887.6953125
        ],
        [
          583.0078125,
          883.7890625
        ],
        [
          614.2578125,
          892.578125
        ]
      ]
    },
    {
      "id": "P032",
      "area_px": 2292.0,
      "centroid_norm": [
        0.35248196853184993,
        0.9087161185645725
      ],
      "polygon": [
        [
          383.7890625,
          934.5703125
        ],
        [
          355.46875,
          930.6640625
        ],
        [
          312.5,
          897.4609375
        ],
        [
          337.890625,
          879.8828125
        ],
        [
          389.6484375,
          916.015625
        ]
      ]
    },
    {
      "id": "P054",
      "area_px": 301704.0,
      "centroid_norm": [
        0.5146550665138679,
        0.4902571136828232
      ],
      "polygon": [
        [
          655.2734375,
          824.21875
        ],
        [
          541.9921875,
          788.0859375
        ],
        [
          530.2734375,
          788.0859375
        ],
        [
          517.578125,
          799.8046875
        ],
        [
          490.234375,
          797.8515625
        ],
        [
          485.3515625,
          803.7109375
        ],
        [
          485.3515625,
          811.5234375
        ],
        [
          489.2578125,
          817.3828125
        ],
        [
          482.421875,
          817.3828125
        ],
        [
          480.46875,
          826.171875
        ],
        [
          499.0234375,
          831.0546875
        ],
        [
          482.421875,
          830.078125
        ],
        [
          480.46875,
          841.796875
        ],
        [
          507.8125,
          844.7265625
        ],
        [
          509.765625,
          847.65625
        ],
        [
          479.4921875,
          846.6796875
        ],
        [
          479.4921875,
          853.515625
        ],
        [
          489.2578125,
          856.4453125
        ],
        [
          486.328125,
          882.8125
        ],
        [
          474.609375,
          881.8359375
        ],
        [
          448.2421875,
          868.1640625
        ],
        [
          449.21875,
          860.3515625
        ],
        [
          446.2890625,
          857.421875
        ],
        [
          437.5,
          857.421875
        ],
        [
          432.6171875,
          867.1875
        ],
        [
          420.8984375,
          876.953125
        ],
        [
          382.8125,
          849.609375
        ],
        [
          386.71875,
          846.6796875
        ],
        [
          386.71875,
          837.890625
        ],
        [
          377.9296875,
          829.1015625
        ],
        [
          369.140625,
          829.1015625
        ],
        [
          368.1640625,
          836.9140625
        ],
        [
          357.421875,
          825.1953125
        ],
        [
          362.3046875,
          822.265625
        ],
        [
          360.3515625,
          814.453125
        ],
        [
          348.6328125,
          815.4296875
        ],
        [
          322.265625,
          793.9453125
        ],
        [
          330.078125,
          791.9921875
        ],
        [
          330.078125,
          783.203125
        ],
        [
          318.359375,
          783.203125
        ],
        [
          321.2890625,
          747.0703125
        ],
        [
          313.4765625,
          732.421875
        ],
        [
          325.1953125,
          703.125
        ],
        [
          328.125,
          682.6171875
        ],
        [
          361.328125,
          647.4609375
        ],
        [
          372.0703125,
          614.2578125
        ],
        [
          370.1171875,
          599.609375
        ],
        [
          396.484375,
          578.125
        ],
        [
          396.484375,
          569.3359375
        ],
        [
          382.8125,
          533.203125
        ],
        [
          379.8828125,
          515.625
        ],
        [
          357.421875,
          513.671875
        ],
        [
          336.9140625,
          503.90625
        ],
        [
          327.1484375,
          489.2578125
        ],
        [
          312.5,
          485.3515625
        ],
        [
          300.78125,
          466.796875
        ],
        [
          288.0859375,
          458.984375
        ],
        [
          274.4140625,
          421.875
        ],
        [
          251.953125,
          399.4140625
        ],
        [
          251.953125,
          383.7890625
        ],
        [
          232.421875,
          356.4453125
        ],
        [
          181.640625,
          311.5234375
        ],
        [
          189.453125,
          293.9453125
        ],
        [
          181.640625,
          247.0703125
        ],
        [
          210.9375,
          237.3046875
        ],
        [
          232.421875,
          174.8046875
        ],
        [
          243.1640625,
          127.9296875
        ],
        [
          258.7890625,
          105.46875
        ],
        [
          276.3671875,
          113.28125
        ],
        [
          299.8046875,
          144.53125
        ],
        [
          358.3984375,
          189.453125
        ],
        [
          501.953125,
          217.7734375
        ],
        [
          521.484375,
          234.375
        ],
        [
          535.15625,
          238.28125
        ],
        [
          595.703125,
          235.3515625
        ],
        [
          634.765625,
          240.234375
        ],
        [
          622.0703125,
          271.484375
        ],
        [
          623.046875,
          278.3203125
        ],
        [
          654.296875,
          275.390625
        ],
        [
          693.359375,
          285.15625
        ],
        [
          713.8671875,
          284.1796875
        ],
        [
          720.703125,
          288.0859375
        ],
        [
          759.765625,
          289.0625
        ],
        [
          769.53125,
          298.828125
        ],
        [
          817.3828125,
          323.2421875
        ],
        [
          794.921875,
          362.3046875
        ],
        [
          787.109375,
          390.625
        ],
        [
          788.0859375,
          425.78125
        ],
        [
          810.546875,
          533.203125
        ],
        [
          806.640625,
          541.015625
        ],
        [
          805.6640625,
          567.3828125
        ],
        [
          798.828125,
          604.4921875
        ],
        [
          780.2734375,
          648.4375
        ],
        [
          774.4140625,
          651.3671875
        ],
        [
          774.4140625,
          661.1328125
        ],
        [
          778.3203125,
          667.96875
        ],
        [
