{
  "site": {
    "width_m": 1000.0,
    "height_m": 1000.0
  },
  "parcels": [
    {
      "id": "P002",
      "area_px": 140308.0,
      "centroid_norm": [
        0.6329483200574807,
        0.6984879289558508
      ],
      "polygon": [
        [
          416.015625,
          909.1796875
        ],
        [
          416.9921875,
          900.390625
        ],
        [
          444.3359375,
          884.765625
        ],
        [
          445.3125,
          873.046875
        ],
        [
          440.4296875,
          867.1875
        ],
        [
          433.59375,
          867.1875
        ],
        [
          410.15625,
          879.8828125
        ],
        [
          406.25,
          876.953125
        ],
        [
          422.8515625,
          827.1484375
        ],
        [
          448.2421875,
          777.34375
        ],
        [
          453.125,
          749.0234375
        ],
        [
          469.7265625,
          720.703125
        ],
        [
          486.328125,
          713.8671875
        ],
        [
          491.2109375,
          689.453125
        ],
        [
          506.8359375,
          665.0390625
        ],
        [
          511.71875,
          651.3671875
        ],
        [
          528.3203125,
          634.765625
        ],
        [
          603.515625,
          529.296875
        ],
        [
          617.1875,
          528.3203125
        ],
        [
          620.1171875,
          525.390625
        ],
        [
          618.1640625,
          515.625
        ],
        [
          609.375,
          516.6015625
        ],
        [
          627.9296875,
          486.328125
        ],
        [
          632.8125,
          469.7265625
        ],
        [
          651.3671875,
          455.078125
        ],
        [
          663.0859375,
          428.7109375
        ],
        [
          679.6875,
          410.15625
        ],
        [
          704.1015625,
          370.1171875
        ],
        [
          753.90625,
          343.75
        ],
        [
          792.96875,
          334.9609375
        ],
        [
          814.453125,
          334.9609375
        ],
        [
          817.3828125,
          390.625
        ],
        [
          821.2890625,
          411.1328125
        ],
        [
          826.171875,
          413.0859375
        ],
        [
          827.1484375,
          440.4296875
        ],
        [
          816.40625,
          487.3046875
        ],
        [
          742.1875,
          543.9453125
        ],
        [
          726.5625,
          561.5234375
        ],
        [
          721.6796875,
          576.171875
        ],
        [
          722.65625,
          611.328125
        ],
        [
          728.515625,
          641.6015625
        ],
        [
          730.46875,
          706.0546875
        ],
        [
          724.609375,
          721.6796875
        ],
        [
          729.4921875,
          767.578125
        ],
        [
          733.3984375,
          773.4375
        ],
        [
          741.2109375,
          805.6640625
        ],
        [
          741.2109375,
          867.1875
        ],
        [
          735.3515625,
          894.53125
        ],
        [
          733.3984375,
          926.7578125
        ],
        [
          744.140625,
          978.515625
        ],
        [
          735.3515625,
          979.4921875
        ],
        [
          619.140625,
          955.078125
        ],
        [
          583.984375,
          944.3359375
        ],
        [
          554.6875,
          941.40625
        ],
        [
          452.1484375,
          918.9453125
        ],
        [
          449.21875,
          914.0625
        ],
        [
          440.4296875,
          916.015625
        ]
      ]
    },
    {
      "id": "P006",
      "area_px": 118564.0,
      "centroid_norm": [
        0.329586269071978,
        0.5992591224465268
      ],
      "polygon": [
        [
          171.875,
          878.90625
        ],
        [
          168.9453125,
          876.953125
        ],
        [
          168.9453125,
          839.84375
        ],
        [
          173.828125,
          820.3125
        ],
        [
          183.59375,
          800.78125
        ],
        [
          197.265625,
          785.15625
        ],
        [
          222.65625,
          743.1640625
        ],
        [
          262.6953125,
          748.046875
        ],
        [
          266.6015625,
          741.2109375
        ],
        [
          265.625,
          729.4921875
        ],
        [
          236.328125,
          723.6328125
        ],
        [
          252.9296875,
          670.8984375
        ],
        [
          254.8828125,
          649.4140625
        ],
        [
          183.59375,
          638.671875
        ],
        [
          215.8203125,
          461.9140625
        ],
        [
          257.8125,
          462.890625
        ],
        [
          294.921875,
          368.1640625
        ],
        [
          304.6875,
          333.984375
        ],
        [
          312.5,
          330.078125
        ],
        [
          420.8984375,
          349.609375
        ],
        [
          421.875,
          355.46875
        ],
        [
          431.640625,
          363.28125
        ],
        [
          458.984375,
          366.2109375
        ],
        [
          485.3515625,
          418.9453125
        ],
        [
          491.2109375,
          440.4296875
        ],
        [
          468.75,
          486.328125
        ],
        [
          466.796875,
          497.0703125
        ],
        [
          473.6328125,
          503.90625
        ],
        [
          500.9765625,
          512.6953125
        ],
        [
          415.0390625,
          682.6171875
        ],
        [
          333.984375,
          887.6953125
        ],
        [
          289.0625,
          879.8828125
        ]
      ]
    },
    {
      "id": "P009",
      "area_px": 3464.0,
      "centroid_norm": [
        0.17908024953088914,
        0.7191066257397518
      ],
      "polygon": [
        [
          139.6484375,
          810.546875
        ],
        [
          166.9921875,
          720.703125
        ],
        [
          177.734375,
          665.0390625
        ],
        [
          208.0078125,
          667.96875
        ],
        [
          212.890625,
          671.875
        ],
        [
          203.125,
          705.078125
        ],
        [
          189.453125,
          726.5625
        ],
        [
          186.5234375,
          737.3046875
        ],
        [
          151.3671875,
          791.9921875
        ],
        [
          144.53125,
          808.59375
        ]
      ]
    },
    {
      "id": "P011",
      "area_px": 4207.0,
      "centroid_norm": [
        0.2477000757665795,
        0.3720338684038508
      ],
      "polygon": [
        [
          220.703125,
          435.546875
        ],
        [
          239.2578125,
          317.3828125
        ],
        [
          275.390625,
          323.2421875
        ],
        [
          280.2734375,
          332.03125
        ],
        [
          245.1171875,
          428.7109375
        ],
        [
          240.234375,
          436.5234375
        ]
      ]
    },
    {
      "id": "P012",
      "area_px": 20142.0,
      "centroid_norm": [
        0.34584406766644327,
        0.27331212066204946
      ],