{
  "site": {
    "width_m": 1000.0,
    "height_m": 1000.0
  },
  "parcels": [
    {
      "id": "P003",
      "area_px": 126166.0,
      "centroid_norm": [
        0.33281772624954425,
        0.7479187575793003
      ],
      "polygon": [
        [
          664.0625,
          932.6171875
        ],
        [
          607.421875,
          863.28125
        ],
        [
          583.0078125,
          840.8203125
        ],
        [
          571.2890625,
          821.2890625
        ],
        [
          564.453125,
          821.2890625
        ],
        [
          551.7578125,
          826.171875
        ],
        [
          520.5078125,
          852.5390625
        ],
        [
          337.890625,
          981.4453125
        ],
        [
          254.8828125,
          875.0
        ],
        [
          75.1953125,
          717.7734375
        ],
        [
          292.96875,
          503.90625
        ],
        [
          309.5703125,
          517.578125
        ],
        [
          497.0703125,
          706.0546875
        ],
        [
          669.921875,
          922.8515625
        ]
      ]
    },
    {
      "id": "P005",
      "area_px": 6112.0,
      "centroid_norm": [
        0.6823989308941427,
        0.7663440005317408
      ],
      "polygon": [
        [
          732.421875,
          839.84375
        ],
        [
          598.6328125,
          715.8203125
        ],
        [
          601.5625,
          708.984375
        ],
        [
          645.5078125,
          735.3515625
        ],
        [
          654.296875,
          735.3515625
        ],
        [
          667.96875,
          718.75
        ],
        [
          708.0078125,
          743.1640625
        ],
        [
          738.28125,
          827.1484375
        ],
        [
          732.421875,
          829.1015625
        ]
      ]
    },
    {
      "id": "P017",
      "area_px": 23450.0,
      "centroid_norm": [
        0.7017001765724946,
        0.5700620918843284
      ],
      "polygon": [
        [
          770.5078125,
          702.1484375
        ],
        [
          729.4921875,
          714.84375
        ],
        [
          711.9140625,
          710.9375
        ],
        [
          611.328125,
          414.0625
        ],
        [
          637.6953125,
          404.296875
        ],
        [
          666.015625,
          401.3671875
        ],
        [
          677.734375,
          446.2890625
        ],
        [
          710.9375,
          514.6484375
        ],
        [
          700.1953125,
          517.578125
        ],
        [
          700.1953125,
          526.3671875
        ],
        [
          710.9375,
          528.3203125
        ],
        [
          721.6796875,
          525.390625
        ],
        [
          790.0390625,
          669.921875
        ],
        [
          791.015625,
          678.7109375
        ],
        [
          788.0859375,
          686.5234375
        ]
      ]
    },
    {
      "id": "P019",
      "area_px": 3352.0,
      "centroid_norm": [
        0.6521570028154833,
        0.6473272136970465
      ],
      "polygon": [
        [
          686.5234375,
          698.2421875
        ],
        [
          624.0234375,
          664.0625
        ],
        [
          633.7890625,
          642.578125
        ],
        [
          627.9296875,
          603.515625
        ],
        [
          653.3203125,
          597.65625
        ]
      ]
    },
    {
      "id": "P021",
      "area_px": 13929.0,
      "centroid_norm": [
        0.5904131134907388,
        0.5331809702329672
      ],
      "polygon": [
        [
          611.328125,
          657.2265625
        ],
        [
          564.453125,
          630.859375
        ],
        [
          583.0078125,
          541.9921875
        ],
        [
          519.53125,
          466.796875
        ],
        [
          590.8203125,
          421.875
        ],
        [
          593.75,
          421.875
        ],
        [
          647.4609375,
          584.9609375
        ],
        [
          623.046875,
          590.8203125
        ],
        [
          615.234375,
          595.703125
        ],
        [
          615.234375,
          614.2578125
        ],
        [
          621.09375,
          637.6953125
        ]
      ]
    },
    {
      "id": "P022",
      "area_px": 5175.0,
      "centroid_norm": [
        0.5282189764492754,
        0.5653940217391304
      ],
      "polygon": [
        [
          552.734375,
          622.0703125
        ],
        [
          518.5546875,
          595.703125
        ],
        [
          470.703125,
          545.8984375
        ],
        [
          548.828125,
          523.4375
        ],
        [
          569.3359375,
          547.8515625
        ],
        [
          567.3828125,
          553.7109375
        ],
        [
          554.6875,
          549.8046875
        ],
        [
          544.921875,
          552.734375
        ],
        [
          546.875,
          562.5
        ],
        [
          564.453125,
          566.40625
        ]
      ]
    },
    {
      "id": "P023",
      "area_px": 2731.0,
      "centroid_norm": [
        0.41138383662120104,
        0.5340366538127059
      ],
      "polygon": [
        [
          488.28125,
          605.46875
        ],
        [
          482.421875,
          609.375
        ],
        [
          344.7265625,
          482.421875
        ],
        [
          368.1640625,
          477.5390625
        ]
      ]
    },
    {
      "id": "P035",
      "area_px": 3104.0,
      "centroid_norm": [
        0.490337883074259,
        0.5070763027545103
      ],
      "polygon": [
        [
          441.40625,
          514.6484375
        ],
        [
          506.8359375,
          473.6328125
        ],
        [
          539.0625,
          511.71875
        ],
        [
          459.9609375,
          534.1796875
        ]
      ]
    },
    {
      "id": "P040",
      "area_px": 7314.0,
      "centroid_norm": [
        0.4298704218792726,
        0.4457270784198113
      ],
      "polygon": [
        [
          425.78125,
          499.0234375
        ],
        [
          367.1875,
          436.5234375
        ],
        [
          432.6171875,
          391.6015625
        ],
        [
          492.1875,
          458.0078125
        ]
      ]
    },
    {
      "id": "P045",
      "area_px": 11193.0,
      "centroid_norm": [
        0.5207405018761726,
        0.38269933984968285
      ],
      "polygon": [
        [
          504.8828125,
          449.21875
        ],
        [
          444.3359375,
          381.8359375
        ],
        [
          537.109375,
          316.40625
        ],
        [
          567.3828125,
          332.03125
        ],
        [
          582.03125,
          399.4140625
        ],
        [
          554.6875,
          419.921875
        ]
      ]
    },
    {
      "id": "P049",
      "area_px": 10390.0,
      "centroid_norm": [
        0.41553599088666987,
        0.34309460343479303
      ],