{
  "site": {
    "width_m": 1000.0,
    "height_m": 1000.0
  },
  "parcels": [
    {
      "id": "P001",
      "area_px": 192114.0,
      "centroid_norm": [
        0.43676337173989144,
        0.6718532996277601
      ],
      "polygon": [
        [
          616.2109375,
          985.3515625
        ],
        [
          471.6796875,
          917.96875
        ],
        [
          381.8359375,
          825.1953125
        ],
        [
          356.4453125,
          814.453125
        ],
        [
          309.5703125,
          749.0234375
        ],
        [
          295.8984375,
          735.3515625
        ],
        [
          104.4921875,
          483.3984375
        ],
        [
          250.0,
          363.28125
        ],
        [
          329.1015625,
          450.1953125
        ],
        [
          338.8671875,
          450.1953125
        ],
        [
          353.515625,
          434.5703125
        ],
        [
          363.28125,
          446.2890625
        ],
        [
          370.1171875,
          446.2890625
        ],
        [
          373.046875,
          442.3828125
        ],
        [
          403.3203125,
          461.9140625
        ],
        [
          446.2890625,
          482.421875
        ],
        [
          579.1015625,
          574.21875
        ],
        [
          599.609375,
          593.75
        ],
        [
          625.0,
          625.0
        ],
        [
          700.1953125,
          738.28125
        ],
        [
          706.0546875,
          743.1640625
        ],
        [
          744.140625,
          756.8359375
        ]
      ]
    },
    {
      "id": "P002",
      "area_px": 43330.0,
      "centroid_norm": [
        0.7611189517583083,
        0.5526842058764136
      ],
      "polygon": [
        [
          772.4609375,
          708.0078125
        ],
        [
          665.0390625,
          561.5234375
        ],
        [
          616.2109375,
          521.484375
        ],
        [
          695.3125,
          421.875
        ],
        [
          897.4609375,
          526.3671875
        ],
        [
          896.484375,
          551.7578125
        ],
        [
          878.90625,
          589.84375
        ],
        [
          805.6640625,
          666.9921875
        ]
      ]
    },
    {
      "id": "P003",
      "area_px": 21945.0,
      "centroid_norm": [
        0.5596073368791297,
        0.4173527301919572
      ],
      "polygon": [
        [
          677.734375,
          413.0859375
        ],
        [
          597.65625,
          513.671875
        ],
        [
          468.75,
          414.0625
        ],
        [
          428.7109375,
          376.953125
        ],
        [
          446.2890625,
          363.28125
        ],
        [
          543.9453125,
          347.65625
        ]
      ]
    },
    {
      "id": "P010",
      "area_px": 2404.0,
      "centroid_norm": [
        0.30323199940203827,
        0.382772690047837
      ],
      "polygon": [
        [
          333.984375,
          432.6171875
        ],
        [
          261.71875,
          352.5390625
        ],
        [
          282.2265625,
          335.9375
        ],
        [
          288.0859375,
          347.65625
        ],
        [
          307.6171875,
          369.140625
        ],
        [
          343.75,
          420.8984375
        ]
      ]
    },
    {
      "id": "P021",
      "area_px": 3181.0,
      "centroid_norm": [
        0.7842997239468721,
        0.35644961048019486
      ],
      "polygon": [
        [
          807.6171875,
          389.6484375
        ],
        [
          746.09375,
          358.3984375
        ],
        [
          750.9765625,
          319.3359375
        ],
        [
          831.0546875,
          360.3515625
        ]
      ]
    },
    {
      "id": "P061",
      "area_px": 1512.0,
      "centroid_norm": [
        0.8177580656828703,
        0.24397140583664023
      ],
      "polygon": [
        [
          848.6328125,
          236.328125
        ],
        [
          819.3359375,
          270.5078125
        ],
        [
          809.5703125,
          264.6484375
        ],
        [
          800.78125,
          245.1171875
        ],
        [
          789.0625,
          237.3046875
        ],
        [
          797.8515625,
          225.5859375
        ],
        [
          812.5,
          229.4921875
        ],
        [
          835.9375,
          229.4921875
        ]
      ]
    }
  ]
}