{
  "site": {
    "width_m": 1000.0,
    "height_m": 1000.0
  },
  "parcels": [
    {
      "id": "P001",
      "area_px": 323897.0,
      "centroid_norm": [
        0.3402514980167306,
        0.66493649685992
      ],
      "polygon": [
        [
          7.8125,
          456.0546875
        ],
        [
          38.0859375,
          387.6953125
        ],
        [
          39.0625,
          376.953125
        ],
        [
          36.1328125,
          374.0234375
        ],
        [
          68.359375,
          303.7109375
        ],
        [
          95.703125,
          315.4296875
        ],
        [
          111.328125,
          318.359375
        ],
        [
          304.6875,
          398.4375
        ],
        [
          286.1328125,
          444.3359375
        ],
        [
          281.25,
          448.2421875
        ],
        [
          281.25,
          454.1015625
        ],
        [
          288.0859375,
          462.890625
        ],
        [
          295.8984375,
          461.9140625
        ],
        [
          318.359375,
          405.2734375
        ],
        [
          434.5703125,
          452.1484375
        ],
        [
          438.4765625,
          454.1015625
        ],
        [
          439.453125,
          465.8203125
        ],
        [
          470.703125,
          469.7265625
        ],
        [
          508.7890625,
          496.09375
        ],
        [
          580.078125,
          521.484375
        ],
        [
          675.78125,
          565.4296875
        ],
        [
          713.8671875,
          579.1015625
        ],
        [
          735.3515625,
          581.0546875
        ],
        [
          822.265625,
          618.1640625
        ],
        [
          823.2421875,
          625.0
        ],
        [
          531.25,
          736.328125
        ],
        [
          423.828125,
          772.4609375
        ],
        [
          423.828125,
          785.15625
        ],
        [
          436.5234375,
          809.5703125
        ],
        [
          435.546875,
          833.984375
        ],
        [
          509.765625,
          833.984375
        ],
        [
          510.7421875,
          826.171875
        ],
        [
          483.3984375,
          795.8984375
        ],
        [
          509.765625,
          791.015625
        ],
        [
          616.2109375,
          757.8125
        ],
        [
          658.203125,
          740.234375
        ],
        [
          714.84375,
          721.6796875
        ],
        [
          755.859375,
          703.125
        ],
        [
          763.671875,
          715.8203125
        ],
        [
          769.53125,
          715.8203125
        ],
        [
          783.203125,
          704.1015625
        ],
        [
          868.1640625,
          664.0625
        ],
        [
          900.390625,
          666.9921875
        ],
        [
          903.3203125,
          648.4375
        ],
        [
          912.109375,
          650.390625
        ],
        [
          962.890625,
          681.640625
        ],
        [
          980.46875,
          688.4765625
        ],
        [
          635.7421875,
          810.546875
        ],
        [
          269.53125,
          964.84375
        ],
        [
          31.25,
          991.2109375
        ],
        [
          31.25,
          825.1953125
        ],
        [
          28.3203125,
          822.265625
        ],
        [
          44.921875,
          788.0859375
        ],
        [
          42.96875,
          776.3671875
        ],
        [
          63.4765625,
          720.703125
        ],
        [
          68.359375,
          684.5703125
        ],
        [
          73.2421875,
          687.5
        ],
        [
          75.1953125,
          695.3125
        ],
        [
          87.890625,
          698.2421875
        ],
        [
          89.84375,
          695.3125
        ],
        [
          92.7734375,
          639.6484375
        ],
        [
          83.984375,
          638.671875
        ],
        [
          81.0546875,
          589.84375
        ],
        [
          65.4296875,
          541.9921875
        ],
        [
          41.015625,
          500.9765625
        ]
      ]
    },
    {
      "id": "P002",
      "area_px": 24405.0,
      "centroid_norm": [
        0.3513704287031346,
        0.3102380803754353
      ],
      "polygon": [
        [
          396.484375,
          406.25
        ],
        [
          248.046875,
          345.703125
        ],
        [
          287.109375,
          246.09375
        ],
        [
          294.921875,
          233.3984375
        ],
        [
          369.140625,
          237.3046875
        ],
        [
          450.1953125,
          257.8125
        ],
        [
          450.1953125,
          264.6484375
        ]
      ]
    },
    {
      "id": "P003",
      "area_px": 7826.0,
      "centroid_norm": [
        0.35713986231791467,
        0.1994038052245719
      ],
      "polygon": [
        [
          467.7734375,
          210.9375
        ],
        [
          459.9609375,
          232.421875
        ],
        [
          455.078125,
          236.328125
        ],
        [
          376.953125,
          216.796875
        ],
        [
          291.015625,
          215.8203125
        ],
        [
          263.671875,
          200.1953125
        ],
        [
          292.96875,
          152.34375
        ],
        [
          337.890625,
          177.734375
        ],
        [
          463.8671875,
          206.0546875
        ]
      ]
    },
    {
      "id": "P004",
      "area_px": 16346.0,
      "centroid_norm": [
        0.3957002453773094,
        0.1298139883228313
      ],
      "polygon": [
        [
          475.5859375,
          188.4765625
        ],
        [
          462.890625,
          189.453125
        ],
        [
          421.875,
          178.7109375
        ],
        [
          403.3203125,
          177.734375
        ],
        [
          346.6796875,
          165.0390625
        ],
        [
          295.8984375,
          131.8359375
        ],
        [
          334.9609375,
          55.6640625
        ],
        [
          412.109375,
          92.7734375
        ],
        [
          497.0703125,
          125.0
        ],
        [
          500.0,
          129.8828125
        ]
      ]
    }
  ]
}