{
  "site": {
    "width_m": 1000.0,
    "height_m": 1000.0
  },
  "parcels": [
    {
      "id": "P001",
      "area_px": 6717.0,
      "centroid_norm": [
        0.7434330279049427,
        0.9110185385495757
      ],
      "polygon": [
        [
          797.8515625,
          984.375
        ],
        [
          758.7890625,
          996.09375
        ],
        [
          690.4296875,
          825.1953125
        ],
        [
          695.3125,
          820.3125
        ],
        [
          718.75,
          821.2890625
        ]
      ]
    },
    {
      "id": "P002",
      "area_px": 23881.0,
      "centroid_norm": [
        0.8053194174369792,
        0.8199972977995059
      ],
      "polygon": [
        [
          813.4765625,
          979.4921875
        ],
        [
          727.5390625,
          805.6640625
        ],
        [
          711.9140625,
          805.6640625
        ],
        [
          740.234375,
          788.0859375
        ],
        [
          756.8359375,
          773.4375
        ],
        [
          778.3203125,
          745.1171875
        ],
        [
          818.359375,
          676.7578125
        ],
        [
          858.3984375,
          659.1796875
        ],
        [
          857.421875,
          673.828125
        ],
        [
          852.5390625,
          685.546875
        ],
        [
          846.6796875,
          763.671875
        ],
        [
          841.796875,
          971.6796875
        ]
      ]
    },
    {
      "id": "P003",
      "area_px": 12070.0,
      "centroid_norm": [
        0.5353587633336785,
        0.7358137912955676
      ],
      "polygon": [
        [
          602.5390625,
          796.875
        ],
        [
          448.2421875,
          742.1875
        ],
        [
          484.375,
          673.828125
        ],
        [
          575.1953125,
          706.0546875
        ],
        [
          597.65625,
          724.609375
        ],
        [
          606.4453125,
          757.8125
        ],
        [
          619.140625,
          770.5078125
        ]
      ]
    },
    {
      "id": "P004",
      "area_px": 9028.0,
      "centroid_norm": [
        0.6481587448424346,
        0.6914862961065573
      ],
      "polygon": [
        [
          626.953125,
          758.7890625
        ],
        [
          618.1640625,
          749.0234375
        ],
        [
          610.3515625,
          717.7734375
        ],
        [
          585.9375,
          696.2890625
        ],
        [
          575.1953125,
          692.3828125
        ],
        [
          635.7421875,
          645.5078125
        ],
        [
          676.7578125,
          643.5546875
        ],
        [
          721.6796875,
          681.640625
        ],
        [
          646.484375,
          740.234375
        ]
      ]
    },
    {
      "id": "P005",
      "area_px": 2244.0,
      "centroid_norm": [
        0.42589613970588236,
        0.7086571134135473
      ],
      "polygon": [
        [
          434.5703125,
          737.3046875
        ],
        [
          394.53125,
          722.65625
        ],
        [
          416.9921875,
          680.6640625
        ],
        [
          457.03125,
          694.3359375
        ]
      ]
    },
    {
      "id": "P008",
      "area_px": 3031.0,
      "centroid_norm": [
        0.17624778332233587,
        0.6522039188799076
      ],
      "polygon": [
        [
          242.1875,
          687.5
        ],
        [
          138.671875,
          665.0390625
        ],
        [
          152.34375,
          612.3046875
        ],
        [
          164.0625,
          605.46875
        ],
        [
          182.6171875,
          625.0
        ],
        [
          173.828125,
          632.8125
        ],
        [
          169.921875,
          646.484375
        ],
        [
          171.875,
          655.2734375
        ],
        [
          216.796875,
          663.0859375
        ]
      ]
    },
    {
      "id": "P010",
      "area_px": 9698.0,
      "centroid_norm": [
        0.4926736666065168,
        0.6191952029413281
      ],
      "polygon": [
        [
          424.8046875,
          666.9921875
        ],
        [
          483.3984375,
          556.640625
        ],
        [
          500.0,
          555.6640625
        ],
        [
          487.3046875,
          566.40625
        ],
        [
          487.3046875,
          576.171875
        ],
        [
          498.046875,
          576.171875
        ],
        [
          525.390625,
          553.7109375
        ],
        [
          541.015625,
          553.7109375
        ],
        [
          557.6171875,
          560.546875
        ],
        [
          532.2265625,
          584.9609375
        ],
        [
          536.1328125,
          647.4609375
        ],
        [
          522.4609375,
          671.875
        ],
        [
          476.5625,
          658.203125
        ],
        [
          463.8671875,
          680.6640625
        ]
      ]
    },
    {
      "id": "P011",
      "area_px": 2346.0,
      "centroid_norm": [
        0.3463171188991901,
        0.6425185988118074
      ],
      "polygon": [
        [
          359.375,
          679.6875
        ],
        [
          305.6640625,
          623.046875
        ],
        [
          320.3125,
          615.234375
        ],
        [
          381.8359375,
          636.71875
        ]
      ]
    },
    {
      "id": "P027",
      "area_px": 2282.0,
      "centroid_norm": [
        0.7234967271034181,
        0.5993397718558282
      ],
      "polygon": [
        [
          776.3671875,
          623.046875
        ],
        [
          754.8828125,
          632.8125
        ],
        [
          721.6796875,
          606.4453125
        ],
        [
          700.1953125,
          599.609375
        ],
        [
          686.5234375,
          599.609375
        ],
        [
          684.5703125,
          571.2890625
        ],
        [
          693.359375,
          565.4296875
        ]
      ]
    },
    {
      "id": "P028",
      "area_px": 51590.0,
      "centroid_norm": [
        0.3315064730628513,
        0.48372233672344445
      ],