{
  "site": {
    "width_m": 1000.0,
    "height_m": 1000.0
  },
  "parcels": [
    {
      "id": "P090",
      "area_px": 2863.0,
      "centroid_norm": [
        0.5297242703239609,
        0.739525915233147
      ],
      "polygon": [
        [
          544.921875,
          773.4375
        ],
        [
          506.8359375,
          760.7421875
        ],
        [
          499.0234375,
          753.90625
        ],
        [
          518.5546875,
          703.125
        ],
        [
          539.0625,
          709.9609375
        ],
        [
          558.59375,
          732.421875
        ]
      ]
    },
    {
      "id": "P133",
      "area_px": 2346.0,
      "centroid_norm": [
        0.7627669104326513,
        0.6859577305786445
      ],
      "polygon": [
        [
          732.421875,
          706.0546875
        ],
        [
          753.90625,
          654.296875
        ],
        [
          769.53125,
          660.15625
        ],
        [
          769.53125,
          673.828125
        ],
        [
          776.3671875,
          673.828125
        ],
        [
          781.25,
          665.0390625
        ],
        [
          795.8984375,
          669.921875
        ],
        [
          785.15625,
          696.2890625
        ],
        [
          777.34375,
          706.0546875
        ],
        [
          756.8359375,
          710.9375
        ],
        [
          744.140625,
          710.9375
        ]
      ]
    },
    {
      "id": "P144",
      "area_px": 2795.0,
      "centroid_norm": [
        0.6939540474060822,
        0.6618095930232558
      ],
      "polygon": [
        [
          705.078125,
          696.2890625
        ],
        [
          685.546875,
          689.453125
        ],
        [
          662.109375,
          673.828125
        ],
        [
          681.640625,
          628.90625
        ],
        [
          725.5859375,
          645.5078125
        ]
      ]
    },
    {
      "id": "P171",
      "area_px": 6869.0,
      "centroid_norm": [
        0.231266178892488,
        0.57610349145618
      ],
      "polygon": [
        [
          222.65625,
          655.2734375
        ],
        [
          201.171875,
          629.8828125
        ],
        [
          211.9140625,
          603.515625
        ],
        [
          211.9140625,
          595.703125
        ],
        [
          194.3359375,
          561.5234375
        ],
        [
          215.8203125,
          506.8359375
        ],
        [
          240.234375,
          515.625
        ],
        [
          224.609375,
          552.734375
        ],
        [
          225.5859375,
          560.546875
        ],
        [
          236.328125,
          558.59375
        ],
        [
          250.9765625,
          519.53125
        ],
        [
          273.4375,
          528.3203125
        ],
        [
          255.859375,
          569.3359375
        ],
        [
          254.8828125,
          578.125
        ],
        [
          265.625,
          583.0078125
        ],
        [
          263.671875,
          598.6328125
        ],
        [
          281.25,
          607.421875
        ],
        [
          276.3671875,
          615.234375
        ],
        [
          262.6953125,
          610.3515625
        ],
        [
          259.765625,
          600.5859375
        ],
        [
          251.953125,
          600.5859375
        ],
        [
          234.375,
          632.8125
        ],
        [
          229.4921875,
          635.7421875
        ],
        [
          232.421875,
          648.4375
        ]
      ]
    },
    {
      "id": "P192",
      "area_px": 2055.0,
      "centroid_norm": [
        0.524497224756691,
        0.5948082991180048
      ],
      "polygon": [
        [
          535.15625,
          623.046875
        ],
        [
          496.09375,
          608.3984375
        ],
        [
          512.6953125,
          567.3828125
        ],
        [
          553.7109375,
          582.03125
        ]
      ]
    },
    {
      "id": "P242",
      "area_px": 1836.0,
      "centroid_norm": [
        0.28955290883714596,
        0.5014244195942266
      ],
      "polygon": [
        [
          313.4765625,
          528.3203125
        ],
        [
          304.6875,
          525.390625
        ],
        [
          312.5,
          506.8359375
        ],
        [
          310.546875,
          498.046875
        ],
        [
          303.7109375,
          498.046875
        ],
        [
          292.96875,
          520.5078125
        ],
        [
          256.8359375,
          507.8125
        ],
        [
          269.53125,
          477.5390625
        ],
        [
          326.171875,
          498.046875
        ]
      ]
    },
    {
      "id": "P244",
      "area_px": 1862.0,
      "centroid_norm": [
        0.49538466702470463,
        0.49832222156954886
      ],
      "polygon": [
        [
          503.90625,
          525.390625
        ],
        [
          468.75,
          513.671875
        ],
        [
          483.3984375,
          479.4921875
        ],
        [
          496.09375,
          472.65625
        ],
        [
          521.484375,
          480.46875
        ]
      ]
    },
    {
      "id": "P272",
      "area_px": 1562.0,
      "centroid_norm": [
        0.3388290502960947,
        0.43527866417253525
      ],
      "polygon": [
        [
          334.9609375,
          467.7734375
        ],
        [
          316.40625,
          459.9609375
        ],
        [
          339.84375,
          402.34375
        ],
        [
          361.328125,
          411.1328125
        ],
        [
          339.84375,
          463.8671875
        ]
      ]
    },
    {
      "id": "P294",
      "area_px": 1796.0,
      "centroid_norm": [
        0.33598534938752783,
        0.3471929809298441
      ],
      "polygon": [
        [
          332.03125,
          384.765625
        ],
        [
          311.5234375,
          375.9765625
        ],
        [
          337.890625,
          310.546875
        ],
        [
          360.3515625,
          320.3125
        ],
        [
          343.75,
          361.328125
        ],
        [
          333.984375,
          362.3046875
        ],
        [
          333.984375,
          369.140625
        ],
        [
          338.8671875,
          373.046875
        ]
      ]
    },
    {
      "id": "P329",
      "area_px": 8188.0,
      "centroid_norm": [
        0.5479639125091598,
        0.20698068056912555
      ],