{
  "site": {
    "width_m": 1000.0,
    "height_m": 1000.0
  },
  "parcels": [
    {
      "id": "P001",
      "area_px": 151629.0,
      "centroid_norm": [
        0.7030585536387334,
        0.7339037956645003
      ],
      "polygon": [
        [
          789.0625,
          958.0078125
        ],
        [
          440.4296875,
          829.1015625
        ],
        [
          454.1015625,
          785.15625
        ],
        [
          460.9375,
          779.296875
        ],
        [
          481.4453125,
          712.890625
        ],
        [
          490.234375,
          717.7734375
        ],
        [
          499.0234375,
          716.796875
        ],
        [
          499.0234375,
          709.9609375
        ],
        [
          483.3984375,
          699.21875
        ],
        [
          485.3515625,
          693.359375
        ],
        [
          495.1171875,
          685.546875
        ],
        [
          492.1875,
          673.828125
        ],
        [
          500.9765625,
          646.484375
        ],
        [
          519.53125,
          534.1796875
        ],
        [
          806.640625,
          589.84375
        ],
        [
          842.7734375,
          599.609375
        ],
        [
          883.7890625,
          604.4921875
        ],
        [
          969.7265625,
          601.5625
        ],
        [
          960.9375,
          602.5390625
        ],
        [
          958.0078125,
          611.328125
        ],
        [
          958.0078125,
          624.0234375
        ],
        [
          968.75,
          672.8515625
        ],
        [
          968.75,
          684.5703125
        ],
        [
          964.84375,
          690.4296875
        ],
        [
          965.8203125,
          699.21875
        ],
        [
          962.890625,
          704.1015625
        ],
        [
          962.890625,
          725.5859375
        ],
        [
          968.75,
          748.046875
        ],
        [
          861.328125,
          807.6171875
        ],
        [
          862.3046875,
          829.1015625
        ],
        [
          858.3984375,
          833.0078125
        ],
        [
          859.375,
          852.5390625
        ],
        [
          852.5390625,
          880.859375
        ],
        [
          802.734375,
          932.6171875
        ]
      ]
    },
    {
      "id": "P002",
      "area_px": 440510.0,
      "centroid_norm": [
        0.48436563807078725,
        0.3606492377088488
      ],
      "polygon": [
        [
          6.8359375,
          274.4140625
        ],
        [
          8.7890625,
          252.9296875
        ],
        [
          17.578125,
          227.5390625
        ],
        [
          31.25,
          208.0078125
        ],
        [
          61.5234375,
          182.6171875
        ],
        [
          83.984375,
          113.28125
        ],
        [
          148.4375,
          83.984375
        ],
        [
          161.1328125,
          71.2890625
        ],
        [
          189.453125,
          68.359375
        ],
        [
          196.2890625,
          62.5
        ],
        [
          243.1640625,
          41.9921875
        ],
        [
          264.6484375,
          53.7109375
        ],
        [
          273.4375,
          53.7109375
        ],
        [
          293.9453125,
          44.921875
        ],
        [
          412.109375,
          74.21875
        ],
        [
          458.984375,
          76.171875
        ],
        [
          479.4921875,
          88.8671875
        ],
        [
          512.6953125,
          83.984375
        ],
        [
          536.1328125,
          94.7265625
        ],
        [
          542.96875,
          94.7265625
        ],
        [
          560.546875,
          87.890625
        ],
        [
          591.796875,
          102.5390625
        ],
        [
          598.6328125,
          114.2578125
        ],
        [
          620.1171875,
          124.0234375
        ],
        [
          714.84375,
          119.140625
        ],
        [
          743.1640625,
          146.484375
        ],
        [
          765.625,
          143.5546875
        ],
        [
          781.25,
          178.7109375
        ],
        [
          857.421875,
          215.8203125
        ],
        [
          868.1640625,
          217.7734375
        ],
        [
          871.09375,
          208.984375
        ],
        [
          895.5078125,
          199.21875
        ],
        [
          934.5703125,
          208.984375
        ],
        [
          938.4765625,
          248.046875
        ],
        [
          952.1484375,
          255.859375
        ],
        [
          958.984375,
          277.34375
        ],
        [
          980.46875,
          307.6171875
        ],
        [
          964.84375,
          334.9609375
        ],
        [
          951.171875,
          334.9609375
        ],
        [
          945.3125,
          337.890625
        ],
        [
          948.2421875,
          358.3984375
        ],
        [
          962.890625,
          393.5546875
        ],
        [
          960.9375,
          397.4609375
        ],
        [
          911.1328125,
          386.71875
        ],
        [
          883.7890625,
          388.671875
        ],
        [
          862.3046875,
          400.390625
        ],
        [
          838.8671875,
          423.828125
        ],
        [
          821.2890625,
          435.546875
        ],
        [
          796.875,
          435.546875
        ],
        [
          786.1328125,
          429.6875
        ],
        [
          746.09375,
          392.578125
        ],
        [
          719.7265625,
          374.0234375
        ],
        [
          719.7265625,
          367.1875
        ],
        [
          714.84375,
          359.375
        ],
        [
          692.3828125,
          357.421875
        ],
        [
          689.453125,
          370.1171875
        ],
        [
          722.65625,
          397.4609375
        ],
        [
          723.6328125,
          405.2734375
        ],
        [
          734.375,
          407.2265625
        ],
        [
          768.5546875,
          439.453125
        ],
        [
          789.0625,
          450.1953125
        ],
        [
          830.078125,
          450.1953125
        ],
        [
          881.8359375,
          415.0390625
        ],
        [
          896.484375,
          409.1796875
        ],
        [
          941.40625,
          413.0859375
        ],
        [
          958.0078125,
          420.8984375
        ],
        [
          982.421875,
          458.984375
        ],
        [
          973.6328125,
          460.9375
        ],
        [
          973.6328125,
          470.703125
        ],
        [
          987.3046875,
          472.65625
        ],
        [
          989.2578125,
          478.515625
        ],
        [
          987.3046875,
          542.96875
        ],
        [
          973.6328125,
          543.9453125
        ],
        [
          973.6328125,
          556.640625
        ],
        [
          987.3046875,
          557.6171875
        ],
        [
          985.3515625,
          572.265625
        ],
        [
          957.03125,
          573.2421875
        ],
        [
          934.5703125,
          578.125
        ],
        [
          870.1171875,
          576.171875
        ],
        [
          583.984375,
          520.5078125
        ],
        [
          578.125,
          516.6015625
        ],
        [
          538.0859375,
          511.71875
        ],
        [
          454.1015625,
          495.1171875
        ],
        [
          428.7109375,
          487.3046875
        ],
        [
