{
  "site": {
    "width_m": 1000.0,
    "height_m": 1000.0
  },
  "parcels": [
    {
      "id": "P001",
      "area_px": 96017.0,
      "centroid_norm": [
        0.6698942207987908,
        0.5664632874256642
      ],
      "polygon": [
        [
          284.1796875,
          891.6015625
        ],
        [
          255.859375,
          773.4375
        ],
        [
          289.0625,
          761.71875
        ],
        [
          289.0625,
          747.0703125
        ],
        [
          504.8828125,
          666.9921875
        ],
        [
          543.9453125,
          647.4609375
        ],
        [
          569.3359375,
          627.9296875
        ],
        [
          583.0078125,
          613.28125
        ],
        [
          602.5390625,
          578.125
        ],
        [
          627.9296875,
          521.484375
        ],
        [
          637.6953125,
          506.8359375
        ],
        [
          666.015625,
          476.5625
        ],
        [
          708.0078125,
          438.4765625
        ],
        [
          713.8671875,
          428.7109375
        ],
        [
          726.5625,
          424.8046875
        ],
        [
          820.3125,
          342.7734375
        ],
        [
          820.3125,
          372.0703125
        ],
        [
          828.125,
          373.046875
        ],
        [
          881.8359375,
          329.1015625
        ],
        [
          894.53125,
          328.125
        ],
        [
          897.4609375,
          332.03125
        ],
        [
          903.3203125,
          332.03125
        ],
        [
          914.0625,
          318.359375
        ],
        [
          931.640625,
          317.3828125
        ],
        [
          991.2109375,
          465.8203125
        ],
        [
          918.9453125,
          509.765625
        ],
        [
          811.5234375,
          562.5
        ],
        [
          605.46875,
          643.5546875
        ],
        [
          470.703125,
          752.9296875
        ]
      ]
    },
    {
      "id": "P002",
      "area_px": 5734.0,
      "centroid_norm": [
        0.33946565987966515,
        0.6863539781893093
      ],
      "polygon": [
        [
          247.0703125,
          739.2578125
        ],
        [
          246.09375,
          734.375
        ],
        [
          280.2734375,
          720.703125
        ],
        [
          276.3671875,
          686.5234375
        ],
        [
          329.1015625,
          666.9921875
        ],
        [
          334.9609375,
          689.453125
        ],
        [
          344.7265625,
          690.4296875
        ],
        [
          345.703125,
          679.6875
        ],
        [
          340.8203125,
          662.109375
        ],
        [
          378.90625,
          648.4375
        ],
        [
          384.765625,
          671.875
        ],
        [
          393.5546875,
          672.8515625
        ],
        [
          395.5078125,
          663.0859375
        ],
        [
          390.625,
          643.5546875
        ],
        [
          407.2265625,
          637.6953125
        ],
        [
          415.0390625,
          677.734375
        ]
      ]
    },
    {
      "id": "P003",
      "area_px": 4798.0,
      "centroid_norm": [
        0.23513439030585662,
        0.6677554449770737
      ],
      "polygon": [
        [
          225.5859375,
          719.7265625
        ],
        [
          200.1953125,
          631.8359375
        ],
        [
          246.09375,
          613.28125
        ],
        [
          268.5546875,
          708.0078125
        ],
        [
          243.1640625,
          717.7734375
        ],
        [
          234.375,
          715.8203125
        ]
      ]
    },
    {
      "id": "P006",
      "area_px": 1923.0,
      "centroid_norm": [
        0.30717740428367135,
        0.6189466328653146
      ],
      "polygon": [
        [
          307.6171875,
          661.1328125
        ],
        [
          304.6875,
          660.15625
        ],
        [
          289.0625,
          590.8203125
        ],
        [
          305.6640625,
          569.3359375
        ],
        [
          326.171875,
          654.296875
        ]
      ]
    },
    {
      "id": "P017",
      "area_px": 1633.0,
      "centroid_norm": [
        0.5303900509032455,
        0.5812340927357624
      ],
      "polygon": [
        [
          563.4765625,
          593.75
        ],
        [
          540.0390625,
          606.4453125
        ],
        [
          500.0,
          571.2890625
        ],
        [
          517.578125,
          551.7578125
        ]
      ]
    },
    {
      "id": "P046",
      "area_px": 1596.0,
      "centroid_norm": [
        0.1082430196585213,
        0.47611276726973684
      ],
      "polygon": [
        [
          111.328125,
          522.4609375
        ],
        [
          89.84375,
          430.6640625
        ],
        [
          106.4453125,
          434.5703125
        ],
        [
          125.9765625,
          516.6015625
        ]
      ]
    },
    {
      "id": "P057",
      "area_px": 1780.0,
      "centroid_norm": [
        0.4751854371488764,
        0.47981807408707866
      ],
      "polygon": [
        [
          509.765625,
          499.0234375
        ],
        [
          448.2421875,
          486.328125
        ],
        [
          432.6171875,
          460.9375
        ],
        [
          511.71875,
          476.5625
        ]
      ]
    },
    {
      "id": "P072",
      "area_px": 1539.0,
      "centroid_norm": [
        0.5579014630035738,
        0.41622058256172845
      ],
      "polygon": [
        [
          528.3203125,
          442.3828125
        ],
        [
          532.2265625,
          419.921875
        ],
        [
          546.875,
          417.96875
        ],
        [
          559.5703125,
          407.2265625
        ],
        [
          570.3125,
          379.8828125
        ],
        [
          584.9609375,
          387.6953125
        ],
        [
          572.265625,
          419.921875
        ],
        [
          562.5,
          431.640625
        ],
        [
          543.9453125,
          442.3828125
        ]
      ]
    },
    {
      "id": "P073",
      "area_px": 1871.0,
      "centroid_norm": [
        0.48108777892838056,
        0.4218243711584714
      ],
      "polygon": [
        [
          517.578125,
          440.4296875
        ],
        [
          438.4765625,
          424.8046875
        ],
        [
          438.4765625,
          417.96875
        ],
        [
          452.1484375,
          405.2734375
        ],
        [
          520.5078125,
          417.96875
        ]
      ]
    },
    {
      "id": "P074",
      "area_px": 14120.0,
      "centroid_norm": [
        0.7274755029435198,
        0.34216778892970967
      ],