{
  "site": {
    "width_m": 1000.0,
    "height_m": 1000.0
  },
  "parcels": [
    {
      "id": "P001",
      "area_px": 7385.0,
      "centroid_norm": [
        0.42069876121360866,
        0.6964745895396074
      ],
      "polygon": [
        [
          430.6640625,
          763.671875
        ],
        [
          397.4609375,
          737.3046875
        ],
        [
          381.8359375,
          699.21875
        ],
        [
          375.0,
          675.78125
        ],
        [
          398.4375,
          664.0625
        ],
        [
          397.4609375,
          652.34375
        ],
        [
          387.6953125,
          650.390625
        ],
        [
          380.859375,
          624.0234375
        ],
        [
          385.7421875,
          618.1640625
        ],
        [
          391.6015625,
          632.8125
        ],
        [
          419.921875,
          650.390625
        ],
        [
          434.5703125,
          647.4609375
        ],
        [
          448.2421875,
          666.015625
        ],
        [
          455.078125,
          690.4296875
        ],
        [
          473.6328125,
          708.984375
        ],
        [
          453.125,
          731.4453125
        ]
      ]
    },
    {
      "id": "P003",
      "area_px": 1518.0,
      "centroid_norm": [
        0.1050190680583004,
        0.6920251255764163
      ],
      "polygon": [
        [
          106.4453125,
          734.375
        ],
        [
          99.609375,
          730.46875
        ],
        [
          87.890625,
          675.78125
        ],
        [
          90.8203125,
          678.7109375
        ],
        [
          103.515625,
          677.734375
        ],
        [
          103.515625,
          667.96875
        ],
        [
          94.7265625,
          661.1328125
        ],
        [
          94.7265625,
          657.2265625
        ],
        [
          98.6328125,
          654.296875
        ],
        [
          102.5390625,
          662.109375
        ],
        [
          108.3984375,
          662.109375
        ],
        [
          109.375,
          644.53125
        ],
        [
          115.234375,
          640.625
        ],
        [
          118.1640625,
          654.296875
        ],
        [
          109.375,
          678.7109375
        ],
        [
          109.375,
          686.5234375
        ],
        [
          117.1875,
          703.125
        ],
        [
          114.2578125,
          722.65625
        ]
      ]
    },
    {
      "id": "P008",
      "area_px": 6265.0,
      "centroid_norm": [
        0.5207177773343974,
        0.6209816752294492
      ],
      "polygon": [
        [
          492.1875,
          691.40625
        ],
        [
          494.140625,
          651.3671875
        ],
        [
          486.328125,
          618.1640625
        ],
        [
          513.671875,
          540.0390625
        ],
        [
          568.359375,
          652.34375
        ],
        [
          561.5234375,
          660.15625
        ],
        [
          550.78125,
          662.109375
        ],
        [
          538.0859375,
          655.2734375
        ],
        [
          525.390625,
          654.296875
        ]
      ]
    },
    {
      "id": "P009",
      "area_px": 4641.0,
      "centroid_norm": [
        0.20795857405462184,
        0.6308082427682611
      ],
      "polygon": [
        [
          191.40625,
          687.5
        ],
        [
          175.78125,
          594.7265625
        ],
        [
          188.4765625,
          585.9375
        ],
        [
          208.0078125,
          592.7734375
        ],
        [
          229.4921875,
          592.7734375
        ],
        [
          241.2109375,
          661.1328125
        ],
        [
          235.3515625,
          661.1328125
        ],
        [
          227.5390625,
          670.8984375
        ],
        [
          210.9375,
          670.8984375
        ],
        [
          191.40625,
          675.78125
        ]
      ]
    },
    {
      "id": "P010",
      "area_px": 2680.0,
      "centroid_norm": [
        0.29826040694962686,
        0.6399880480410447
      ],
      "polygon": [
        [
          327.1484375,
          669.921875
        ],
        [
          313.4765625,
          673.828125
        ],
        [
          307.6171875,
          669.921875
        ],
        [
          294.921875,
          668.9453125
        ],
        [
          292.96875,
          644.53125
        ],
        [
          285.15625,
          645.5078125
        ],
        [
          283.203125,
          666.9921875
        ],
        [
          276.3671875,
          663.0859375
        ],
        [
          273.4375,
          634.765625
        ],
        [
          280.2734375,
          594.7265625
        ],
        [
          310.546875,
          618.1640625
        ],
        [
          307.6171875,
          636.71875
        ],
        [
          310.546875,
          640.625
        ],
        [
          318.359375,
          639.6484375
        ],
        [
          320.3125,
          633.7890625
        ],
        [
          331.0546875,
          665.0390625
        ]
      ]
    },
    {
      "id": "P011",
      "area_px": 64759.0,
      "centroid_norm": [
        0.7749600170198351,
        0.4994977471760682
      ],