{
  "site": {
    "width_m": 1000.0,
    "height_m": 1000.0
  },
  "parcels": [
    {
      "id": "P002",
      "area_px": 10017.0,
      "centroid_norm": [
        0.271408819850005,
        0.8910776484663572
      ],
      "polygon": [
        [
          203.125,
          871.09375
        ],
        [
          222.65625,
          860.3515625
        ],
        [
          236.328125,
          886.71875
        ],
        [
          246.09375,
          887.6953125
        ],
        [
          248.046875,
          878.90625
        ],
        [
          235.3515625,
          853.515625
        ],
        [
          290.0390625,
          823.2421875
        ],
        [
          331.0546875,
          903.3203125
        ],
        [
          338.8671875,
          903.3203125
        ],
        [
          367.1875,
          887.6953125
        ],
        [
          370.1171875,
          889.6484375
        ],
        [
          369.140625,
          892.578125
        ],
        [
          245.1171875,
          956.0546875
        ]
      ]
    },
    {
      "id": "P008",
      "area_px": 4792.0,
      "centroid_norm": [
        0.38624758712437396,
        0.8168009915614566
      ],
      "polygon": [
        [
          379.8828125,
          865.234375
        ],
        [
          343.75,
          794.921875
        ],
        [
          393.5546875,
          768.5546875
        ],
        [
          428.7109375,
          839.84375
        ]
      ]
    },
    {
      "id": "P017",
      "area_px": 3411.0,
      "centroid_norm": [
        0.23656346196130168,
        0.7772970834249486
      ],
      "polygon": [
        [
          215.8203125,
          813.4765625
        ],
        [
          196.2890625,
          773.4375
        ],
        [
          256.8359375,
          741.2109375
        ],
        [
          277.34375,
          781.25
        ]
      ]
    },
    {
      "id": "P018",
      "area_px": 8715.0,
      "centroid_norm": [
        0.5667147384179575,
        0.7341125663367757
      ],
      "polygon": [
        [
          503.90625,
          810.546875
        ],
        [
          483.3984375,
          768.5546875
        ],
        [
          511.71875,
          811.5234375
        ],
        [
          518.5546875,
          811.5234375
        ],
        [
          528.3203125,
          781.25
        ],
        [
          528.3203125,
          769.53125
        ],
        [
          516.6015625,
          750.0
        ],
        [
          545.8984375,
          733.3984375
        ],
        [
          554.6875,
          733.3984375
        ],
        [
          557.6171875,
          730.46875
        ],
        [
          557.6171875,
          721.6796875
        ],
        [
          540.0390625,
          688.4765625
        ],
        [
          606.4453125,
          648.4375
        ],
        [
          606.4453125,
          683.59375
        ],
        [
          599.609375,
          770.5078125
        ],
        [
          515.625,
          813.4765625
        ]
      ]
    },
    {
      "id": "P019",
      "area_px": 2232.0,
      "centroid_norm": [
        0.43493389826948925,
        0.7790474840389785
      ],
      "polygon": [
        [
          431.640625,
          812.5
        ],
        [
          406.25,
          761.71875
        ],
        [
          437.5,
          746.09375
        ],
        [
          463.8671875,
          796.875
        ]
      ]
    },
    {
      "id": "P022",
      "area_px": 19476.0,
      "centroid_norm": [
        0.15062874860405115,
        0.6772885638895307
      ],
      "polygon": [
        [
          129.8828125,
          784.1796875
        ],
        [
          123.046875,
          780.2734375
        ],
        [
          67.3828125,
          666.015625
        ],
        [
          176.7578125,
          574.21875
        ],
        [
          243.1640625,
          664.0625
        ],
        [
          170.8984375,
          703.125
        ],
        [
          170.8984375,
          711.9140625
        ],
        [
          191.40625,
          750.9765625
        ]
      ]
    },
    {
      "id": "P027",
      "area_px": 13935.0,
      "centroid_norm": [
        0.6778849765653032,
        0.6791239179673484
      ],
      "polygon": [
        [
          616.2109375,
          762.6953125
        ],
        [
          623.046875,
          679.6875
        ],
        [
          623.046875,
          639.6484375
        ],
        [
          698.2421875,
          599.609375
        ],
        [
          713.8671875,
          651.3671875
        ],
        [
          724.609375,
          652.34375
        ],
        [
          750.0,
          644.53125
        ],
        [
          763.671875,
          688.4765625
        ]
      ]
    },
    {
      "id": "P049",
      "area_px": 20003.0,
      "centroid_norm": [
        0.863169645646903,
        0.5544980264679048
      ],
      "polygon": [
        [
          794.921875,
          683.59375
        ],
        [
          790.0390625,
          678.7109375
        ],
        [
          777.34375,
          636.71875
        ],
        [
          780.2734375,
          634.765625
        ],
        [
          779.296875,
          622.0703125
        ],
        [
          772.4609375,
          616.2109375
        ],
        [
          757.8125,
          572.265625
        ],
        [
          786.1328125,
          556.640625
        ],
        [
          809.5703125,
          549.8046875
        ],
        [
          811.5234375,
          573.2421875
        ],
        [
          807.6171875,
          577.1484375
        ],
        [
          806.640625,
          585.9375
        ],
        [
          813.4765625,
          592.7734375
        ],
        [
          823.2421875,
          590.8203125
        ],
        [
          826.171875,
          585.9375
        ],
        [
          823.2421875,
          541.015625
        ],
        [
          889.6484375,
          518.5546875
        ],
        [
          882.8125,
          494.140625
        ],
        [
          900.390625,
          487.3046875
        ],
        [
          900.390625,
          477.5390625
        ],
        [
          889.6484375,
          448.2421875
        ],
        [
          889.6484375,
          436.5234375
        ],
        [
          925.78125,
          405.2734375
        ],
        [
          951.171875,
          469.7265625
        ],
        [
          936.5234375,
          489.2578125
        ],
        [
          936.5234375,
          497.0703125
        ],
        [
          963.8671875,
          532.2265625
        ],
        [
          962.890625,
          538.0859375
        ],
        [
          904.296875,
          567.3828125
        ],
        [
          897.4609375,
          580.078125
        ],
        [
          855.46875,
          600.5859375
        ],
        [
          846.6796875,
          599.609375
        ],
        [
          842.7734375,
          604.4921875
        ],
        [
          842.7734375,
          619.140625
        ],
        [
          836.9140625,
          628.90625
        ],
        [
          827.1484375,
          631.8359375
        ],
        [
          827.1484375,
          639.6484375
        ],
        [
          832.03125,
          649.4140625
        ],
        [
          849.609375,
          668.9453125
        ]
      ]
    },
    {
      "id": "P056",
      "area_px": 10212.0,
      "centroid_norm": [
        0.0974510303442029,
        0.5711194168013122
      ],