{
  "site": {
    "width_m": 1000.0,
    "height_m": 1000.0
  },
  "parcels": [
    {
      "id": "P001",
      "area_px": 6585.0,
      "centroid_norm": [
        0.4561140079252088,
        0.954599854071754
      ],
      "polygon": [
        [
          535.15625,
          983.3984375
        ],
        [
          519.53125,
          984.375
        ],
        [
          356.4453125,
          959.9609375
        ],
        [
          345.703125,
          953.125
        ],
        [
          345.703125,
          938.4765625
        ],
        [
          393.5546875,
          936.5234375
        ],
        [
          395.5078125,
          959.9609375
        ],
        [
          408.203125,
          960.9375
        ],
        [
          409.1796875,
          935.546875
        ],
        [
          442.3828125,
          936.5234375
        ],
        [
          465.8203125,
          933.59375
        ],
        [
          467.7734375,
          970.703125
        ],
        [
          481.4453125,
          972.65625
        ],
        [
          480.46875,
          931.640625
        ],
        [
          531.25,
          929.6875
        ]
      ]
    },
    {
      "id": "P002",
      "area_px": 54746.0,
      "centroid_norm": [
        0.2268958398501717,
        0.7530625988942115
      ],
      "polygon": [
        [
          319.3359375,
          954.1015625
        ],
        [
          224.609375,
          939.453125
        ],
        [
          181.640625,
          938.4765625
        ],
        [
          135.7421875,
          560.546875
        ],
        [
          266.6015625,
          561.5234375
        ],
        [
          278.3203125,
          564.453125
        ],
        [
          289.0625,
          814.453125
        ],
        [
          292.96875,
          829.1015625
        ],
        [
          319.3359375,
          876.953125
        ]
      ]
    },
    {
      "id": "P003",
      "area_px": 4396.0,
      "centroid_norm": [
        0.3668584988483849,
        0.879658220896838
      ],
      "polygon": [
        [
          345.703125,
          923.828125
        ],
        [
          341.796875,
          836.9140625
        ],
        [
          386.71875,
          834.9609375
        ],
        [
          392.578125,
          921.875
        ]
      ]
    },
    {
      "id": "P004",
      "area_px": 1661.0,
      "centroid_norm": [
        0.4354722070665262,
        0.9058284495409392
      ],
      "polygon": [
        [
          408.203125,
          921.875
        ],
        [
          406.25,
          893.5546875
        ],
        [
          462.890625,
          891.6015625
        ],
        [
          463.8671875,
          918.9453125
        ],
        [
          439.453125,
          917.96875
        ]
      ]
    },
    {
      "id": "P006",
      "area_px": 1933.0,
      "centroid_norm": [
        0.5174154487842731,
        0.87284883438955
      ],
      "polygon": [
        [
          508.7890625,
          916.9921875
        ],
        [
          505.859375,
          889.6484375
        ],
        [
          517.578125,
          888.671875
        ],
        [
          519.53125,
          877.9296875
        ],
        [
          504.8828125,
          876.953125
        ],
        [
          504.8828125,
          869.140625
        ],
        [
          517.578125,
          869.140625
        ],
        [
          518.5546875,
          858.3984375
        ],
        [
          503.90625,
          857.421875
        ],
        [
          501.953125,
          831.0546875
        ],
        [
          525.390625,
          829.1015625
        ],
        [
          531.25,
          916.015625
        ]
      ]
    },
    {
      "id": "P009",
      "area_px": 1654.0,
      "centroid_norm": [
        0.43166483241384523,
        0.8470788146160823
      ],
      "polygon": [
        [
          404.296875,
          861.328125
        ],
        [
          403.3203125,
          833.984375
        ],
        [
          438.4765625,
          834.9609375
        ],
        [
          458.984375,
          831.0546875
        ],
        [
          460.9375,
          859.375
        ]
      ]
    },
    {
      "id": "P012",
      "area_px": 9034.0,
      "centroid_norm": [
        0.41446062704090103,
        0.7895446196313926
      ],
      "polygon": [
        [
          311.5234375,
          763.671875
        ],
        [
          315.4296875,
          759.765625
        ],
        [
          392.578125,
          754.8828125
        ],
        [
          396.484375,
          776.3671875
        ],
        [
          437.5,
          774.4140625
        ],
        [
          437.5,
          785.15625
        ],
        [
          391.6015625,
          787.109375
        ],
        [
          392.578125,
          798.828125
        ],
        [
          461.9140625,
          796.875
        ],
        [
          465.8203125,
          794.921875
        ],
        [
          465.8203125,
          786.1328125
        ],
        [
          461.9140625,
          783.203125
        ],
        [
          450.1953125,
          784.1796875
        ],
        [
          450.1953125,
          773.4375
        ],
        [
          489.2578125,
          772.4609375
        ],
        [
          492.1875,
          769.53125
        ],
        [
          490.234375,
          750.0
        ],
        [
          516.6015625,
          748.046875
        ],
        [
          521.484375,
          751.953125
        ],
        [
          525.390625,
          814.453125
        ],
        [
          473.6328125,
          816.40625
        ],
        [
          471.6796875,
          798.828125
        ],
        [
          459.9609375,
          796.875
        ],
        [
          457.03125,
          818.359375
        ],
        [
          424.8046875,
          816.40625
        ],
        [
          402.34375,
          820.3125
        ],
        [
          400.390625,
          808.59375
        ],
        [
          389.6484375,
          806.640625
        ],
        [
          386.71875,
          808.59375
        ],
        [
          385.7421875,
          821.2890625
        ],
        [
          338.8671875,
          823.2421875
        ],
        [
          315.4296875,
          782.2265625
        ]
      ]
    },
    {
      "id": "P015",
      "area_px": 38401.0,
      "centroid_norm": [
        0.4062965635253639,
        0.647595262208341
      ],
      "polygon": [
        [
          304.6875,
          736.328125
        ],
        [
          296.875,
          572.265625
        ],
        [
          298.828125,
          562.5
        ],
        [
          503.90625,
          562.5
        ],
        [
          508.7890625,
          566.40625
        ],
        [
          519.53125,
          722.65625
        ],
        [
          516.6015625,
          725.5859375
        ],
        [
          314.453125,
          738.28125
        ]
      ]
    },
    {
      "id": "P018",
      "area_px": 26349.0,
      "centroid_norm": [
        0.1981285535622794,
        0.46017801315989226
      ],
      "polygon": [
        [
          133.7890625,
          542.96875
        ],
        [
          126.953125,
          484.375
        ],
        [
          104.4921875,
          386.71875
        ],
        [
          269.53125,
          376.953125
        ],
        [
          278.3203125,
          541.015625
        ]
      ]
    },
    {
      "id": "P027",
      "area_px": 6305.0,
      "centroid_norm": [
        0.33245951253965106,
        0.4078225676546392
      ],