{
  "site": {
    "width_m": 1000.0,
    "height_m": 1000.0
  },
  "parcels": [
    {
      "id": "P002",
      "area_px": 191532.0,
      "centroid_norm": [
        0.5163279565392467,
        0.6724201520503101
      ],
      "polygon": [
        [
          629.8828125,
          955.078125
        ],
        [
          492.1875,
          890.625
        ],
        [
          425.78125,
          840.8203125
        ],
        [
          262.6953125,
          838.8671875
        ],
        [
          262.6953125,
          799.8046875
        ],
        [
          238.28125,
          733.3984375
        ],
        [
          238.28125,
          708.0078125
        ],
        [
          253.90625,
          708.0078125
        ],
        [
          255.859375,
          700.1953125
        ],
        [
          236.328125,
          698.2421875
        ],
        [
          236.328125,
          693.359375
        ],
        [
          260.7421875,
          690.4296875
        ],
        [
          267.578125,
          696.2890625
        ],
        [
          260.7421875,
          700.1953125
        ],
        [
          261.71875,
          708.0078125
        ],
        [
          298.828125,
          706.0546875
        ],
        [
          300.78125,
          693.359375
        ],
        [
          290.0390625,
          691.40625
        ],
        [
          284.1796875,
          694.3359375
        ],
        [
          282.2265625,
          687.5
        ],
        [
          273.4375,
          677.734375
        ],
        [
          248.046875,
          677.734375
        ],
        [
          235.3515625,
          667.96875
        ],
        [
          253.90625,
          653.3203125
        ],
        [
          253.90625,
          647.4609375
        ],
        [
          275.390625,
          645.5078125
        ],
        [
          314.453125,
          648.4375
        ],
        [
          335.9375,
          641.6015625
        ],
        [
          338.8671875,
          632.8125
        ],
        [
          328.125,
          630.859375
        ],
        [
          307.6171875,
          636.71875
        ],
        [
          286.1328125,
          635.7421875
        ],
        [
          250.9765625,
          612.3046875
        ],
        [
          246.09375,
          612.3046875
        ],
        [
          247.0703125,
          600.5859375
        ],
        [
          256.8359375,
          567.3828125
        ],
        [
          291.015625,
          541.015625
        ],
        [
          309.5703125,
          493.1640625
        ],
        [
          309.5703125,
          474.609375
        ],
        [
          331.0546875,
          477.5390625
        ],
        [
          343.75,
          468.75
        ],
        [
          340.8203125,
          448.2421875
        ],
        [
          358.3984375,
          433.59375
        ],
        [
          364.2578125,
          440.4296875
        ],
        [
          376.953125,
          446.2890625
        ],
        [
          387.6953125,
          457.03125
        ],
        [
          390.625,
          467.7734375
        ],
        [
          404.296875,
          479.4921875
        ],
        [
          404.296875,
          503.90625
        ],
        [
          395.5078125,
          522.4609375
        ],
        [
          395.5078125,
          529.296875
        ],
        [
          399.4140625,
          532.2265625
        ],
        [
          426.7578125,
          533.203125
        ],
        [
          426.7578125,
          537.109375
        ],
        [
          437.5,
          543.9453125
        ],
        [
          439.453125,
          549.8046875
        ],
        [
          454.1015625,
          546.875
        ],
        [
          454.1015625,
          538.0859375
        ],
        [
          446.2890625,
          532.2265625
        ],
        [
          458.0078125,
          532.2265625
        ],
        [
          476.5625,
          522.4609375
        ],
        [
          487.3046875,
          492.1875
        ],
        [
          522.4609375,
          490.234375
        ],
        [
          549.8046875,
          475.5859375
        ],
        [
          595.703125,
          475.5859375
        ],
        [
          616.2109375,
          480.46875
        ],
        [
          643.5546875,
          480.46875
        ],
        [
          666.9921875,
          473.6328125
        ],
        [
          679.6875,
          482.421875
        ],
        [
          694.3359375,
          479.4921875
        ],
        [
          702.1484375,
          484.375
        ],
        [
          719.7265625,
          480.46875
        ],
        [
          727.5390625,
          475.5859375
        ],
        [
          746.09375,
          475.5859375
        ],
        [
          763.671875,
          479.4921875
        ],
        [
          760.7421875,
          486.328125
        ],
        [
          761.71875,
          506.8359375
        ],
        [
          771.484375,
          506.8359375
        ],
        [
          797.8515625,
          498.046875
        ],
        [
          809.5703125,
          501.953125
        ],
        [
          809.5703125,
          507.8125
        ],
        [
          791.9921875,
          531.25
        ],
        [
          786.1328125,
          544.921875
        ],
        [
          786.1328125,
          552.734375
        ],
        [
          790.0390625,
          558.59375
        ],
        [
          787.109375,
          569.3359375
        ],
        [
          795.8984375,
          593.75
        ],
        [
          791.9921875,
          627.9296875
        ],
        [
          777.34375,
          646.484375
        ],
        [
          748.046875,
          672.8515625
        ],
        [
          760.7421875,
          713.8671875
        ],
        [
          783.203125,
          751.953125
        ],
        [
          781.25,
          778.3203125
        ],
        [
          773.4375,
          791.9921875
        ],
        [
          754.8828125,
          778.3203125
        ],
        [
          730.46875,
          774.4140625
        ],
        [
          717.7734375,
          775.390625
        ],
        [
          710.9375,
          787.109375
        ],
        [
          703.125,
          780.2734375
        ],
        [
          640.625,
          757.8125
        ],
        [
          627.9296875,
          758.7890625
        ],
        [
          627.9296875,
          769.53125
        ],
        [
          632.8125,
          769.53125
        ],
        [
          636.71875,
          776.3671875
        ],
        [
          649.4140625,
          778.3203125
        ],
        [
          635.7421875,
          778.3203125
        ],
        [
          626.953125,
          805.6640625
        ],
        [
          636.71875,
          855.46875
        ]
      ]
    },
    {
      "id": "P006",
      "area_px": 4240.0,
      "centroid_norm": [
        0.43929535487912735,
        0.48387289946933965
      ],