{
  "site": {
    "width_m": 1000.0,
    "height_m": 1000.0
  },
  "parcels": [
    {
      "id": "P002",
      "area_px": 369131.0,
      "centroid_norm": [
        0.5173621246589964,
        0.5001137860356486
      ],
      "polygon": [
        [
          937.5,
          971.6796875
        ],
        [
          772.4609375,
          913.0859375
        ],
        [
          520.5078125,
          780.2734375
        ],
        [
          470.703125,
          736.328125
        ],
        [
          398.4375,
          663.0859375
        ],
        [
          293.9453125,
          581.0546875
        ],
        [
          222.65625,
          489.2578125
        ],
        [
          160.15625,
          305.6640625
        ],
        [
          59.5703125,
          127.9296875
        ],
        [
          172.8515625,
          122.0703125
        ],
        [
          305.6640625,
          110.3515625
        ],
        [
          371.09375,
          96.6796875
        ],
        [
          453.125,
          92.7734375
        ],
        [
          471.6796875,
          87.890625
        ],
        [
          507.8125,
          148.4375
        ],
        [
          514.6484375,
          152.34375
        ],
        [
          557.6171875,
          289.0625
        ],
        [
          535.15625,
          274.4140625
        ],
        [
          526.3671875,
          274.4140625
        ],
        [
          525.390625,
          282.2265625
        ],
        [
          553.7109375,
          302.734375
        ],
        [
          578.125,
          302.734375
        ],
        [
          622.0703125,
          415.0390625
        ],
        [
          631.8359375,
          430.6640625
        ],
        [
          610.3515625,
          426.7578125
        ],
        [
          585.9375,
          426.7578125
        ],
        [
          582.03125,
          429.6875
        ],
        [
          582.03125,
          436.5234375
        ],
        [
          602.5390625,
          435.546875
        ],
        [
          621.09375,
          441.40625
        ],
        [
          647.4609375,
          440.4296875
        ],
        [
          703.125,
          423.828125
        ],
        [
          749.0234375,
          397.4609375
        ],
        [
          770.5078125,
          390.625
        ],
        [
          774.4140625,
          406.25
        ],
        [
          770.5078125,
          407.2265625
        ],
        [
          770.5078125,
          415.0390625
        ],
        [
          787.109375,
          472.65625
        ],
        [
          781.25,
          474.609375
        ],
        [
          777.34375,
          469.7265625
        ],
        [
          770.5078125,
          469.7265625
        ],
        [
          769.53125,
          479.4921875
        ],
        [
          757.8125,
          462.890625
        ],
        [
          750.9765625,
          462.890625
        ],
        [
          750.0,
          472.65625
        ],
        [
          755.859375,
          485.3515625
        ],
        [
          751.953125,
          486.328125
        ],
        [
          747.0703125,
          477.5390625
        ],
        [
          739.2578125,
          477.5390625
        ],
        [
          740.234375,
          491.2109375
        ],
        [
          735.3515625,
          493.1640625
        ],
        [
          731.4453125,
          480.46875
        ],
        [
          726.5625,
          476.5625
        ],
        [
          719.7265625,
          476.5625
        ],
        [
          714.84375,
          480.46875
        ],
        [
          715.8203125,
          487.3046875
        ],
        [
          706.0546875,
          492.1875
        ],
        [
          706.0546875,
          499.0234375
        ],
        [
          714.84375,
          500.9765625
        ],
        [
          722.65625,
          498.046875
        ],
        [
          739.2578125,
          527.34375
        ],
        [
          750.9765625,
          526.3671875
        ],
        [
          799.8046875,
          506.8359375
        ],
        [
          818.359375,
          569.3359375
        ],
        [
          842.7734375,
          623.046875
        ],
        [
          875.9765625,
          676.7578125
        ],
        [
          889.6484375,
          675.78125
        ],
        [
          907.2265625,
          728.515625
        ],
        [
          925.78125,
          729.4921875
        ],
        [
          927.734375,
          742.1875
        ],
        [
          917.96875,
          741.2109375
        ],
        [
          912.109375,
          745.1171875
        ],
        [
          912.109375,
          766.6015625
        ],
        [
          909.1796875,
          767.578125
        ],
        [
          909.1796875,
          774.4140625
        ],
        [
          915.0390625,
          787.109375
        ],
        [
          916.015625,
          807.6171875
        ],
        [
          919.921875,
          817.3828125
        ],
        [
          918.9453125,
          829.1015625
        ],
        [
          927.734375,
          861.328125
        ]
      ]
    },
    {
      "id": "P017",
      "area_px": 2405.0,
      "centroid_norm": [
        0.7065711895790021,
        0.3867431133056133
      ],
      "polygon": [
        [
          669.921875,
          394.53125
        ],
        [
          673.828125,
          390.625
        ],
        [
          709.9609375,
          377.9296875
        ],
        [
          709.9609375,
          371.09375
        ],
        [
          698.2421875,
          369.140625
        ],
        [
          695.3125,
          364.2578125
        ],
        [
          691.40625,
          364.2578125
        ],
        [
          690.4296875,
          356.4453125
        ],
        [
          676.7578125,
          356.4453125
        ],
        [
          712.890625,
          356.4453125
        ],
        [
          748.046875,
          383.7890625
        ],
        [
          716.796875,
          402.34375
        ],
        [
          682.6171875,
          417.96875
        ]
      ]
    },
    {
      "id": "P021",
      "area_px": 17920.0,
      "centroid_norm": [
        0.653396715436663,
        0.24162020002092632
      ],
      "polygon": [
        [
          735.3515625,
          336.9140625
        ],
        [
          712.890625,
          336.9140625
        ],
        [
          652.34375,
          296.875
        ],
        [
          602.5390625,
          292.96875
        ],
        [
          571.2890625,
          195.3125
        ],
        [
          674.8046875,
          146.484375
        ]
      ]
    },
    {
      "id": "P023",
      "area_px": 1666.0,
      "centroid_norm": [
        0.6392099808673469,
        0.32324394601590634
      ],
      "polygon": [
        [
          605.46875,
          305.6640625
        ],
        [
          646.484375,
          309.5703125
        ],
        [
          685.546875,
          335.9375
        ],
        [
          618.1640625,
          335.9375
        ]
      ]
    },
    {
      "id": "P037",
      "area_px": 2792.0,
      "centroid_norm": [
        0.5754674348585244,
        0.06931390188484954
      ],
      "polygon": [
        [
          567.3828125,
          108.3984375
        ],
        [
          546.875,
          42.96875
        ],
        [
          584.9609375,
          33.203125
        ],
        [
          603.515625,
          91.796875
        ]
      ]
    },
    {
      "id": "P039",
      "area_px": 2039.0,
      "centroid_norm": [
        0.6243261287702305,
        0.05108202550269736
      ],