{
  "site": {
    "width_m": 1000.0,
    "height_m": 1000.0
  },
  "parcels": [
    {
      "id": "P005",
      "area_px": 512333.0,
      "centroid_norm": [
        0.523448582117246,
        0.5269347523973665
      ],
      "polygon": [
        [
          269.53125,
          971.6796875
        ],
        [
          95.703125,
          385.7421875
        ],
        [
          187.5,
          333.984375
        ],
        [
          328.125,
          271.484375
        ],
        [
          333.0078125,
          267.578125
        ],
        [
          329.1015625,
          255.859375
        ],
        [
          376.953125,
          229.4921875
        ],
        [
          382.8125,
          216.796875
        ],
        [
          396.484375,
          211.9140625
        ],
        [
          408.203125,
          212.890625
        ],
        [
          461.9140625,
          182.6171875
        ],
        [
          550.78125,
          142.578125
        ],
        [
          510.7421875,
          171.875
        ],
        [
          490.234375,
          174.8046875
        ],
        [
          488.28125,
          194.3359375
        ],
        [
          501.953125,
          193.359375
        ],
        [
          593.75,
          151.3671875
        ],
        [
          593.75,
          127.9296875
        ],
        [
          587.890625,
          125.9765625
        ],
        [
          799.8046875,
          30.2734375
        ],
        [
          806.640625,
          44.921875
        ],
        [
          800.78125,
          44.921875
        ],
        [
          781.25,
          53.7109375
        ],
        [
          773.4375,
          60.546875
        ],
        [
          760.7421875,
          64.453125
        ],
        [
          749.0234375,
          75.1953125
        ],
        [
          747.0703125,
          84.9609375
        ],
        [
          755.859375,
          86.9140625
        ],
        [
          785.15625,
          68.359375
        ],
        [
          799.8046875,
          68.359375
        ],
        [
          801.7578125,
          60.546875
        ],
        [
          809.5703125,
          56.640625
        ],
        [
          817.3828125,
          72.265625
        ],
        [
          816.40625,
          98.6328125
        ],
        [
          821.2890625,
          132.8125
        ],
        [
          815.4296875,
          157.2265625
        ],
        [
          817.3828125,
          189.453125
        ],
        [
          813.4765625,
          237.3046875
        ],
        [
          825.1953125,
          277.34375
        ],
        [
          833.984375,
          295.8984375
        ],
        [
          846.6796875,
          344.7265625
        ],
        [
          870.1171875,
          398.4375
        ],
        [
          872.0703125,
          428.7109375
        ],
        [
          879.8828125,
          430.6640625
        ],
        [
          897.4609375,
          485.3515625
        ],
        [
          904.296875,
          525.390625
        ],
        [
          904.296875,
          543.9453125
        ],
        [
          889.6484375,
          570.3125
        ],
        [
          878.90625,
          584.9609375
        ],
        [
          862.3046875,
          598.6328125
        ],
        [
          857.421875,
          579.1015625
        ],
        [
          847.65625,
          570.3125
        ],
        [
          836.9140625,
          572.265625
        ],
        [
          836.9140625,
          578.125
        ],
        [
          848.6328125,
          593.75
        ],
        [
          850.5859375,
          606.4453125
        ],
        [
          830.078125,
          624.0234375
        ],
        [
          832.03125,
          633.7890625
        ],
        [
          840.8203125,
          632.8125
        ],
        [
          876.953125,
          604.4921875
        ],
        [
          893.5546875,
          587.890625
        ],
        [
          903.3203125,
          572.265625
        ],
        [
          902.34375,
          587.890625
        ],
        [
          885.7421875,
          635.7421875
        ],
        [
          809.5703125,
          806.640625
        ],
        [
          636.71875,
          868.1640625
        ],
        [
          587.890625,
          880.859375
        ],
        [
          585.9375,
          885.7421875
        ],
        [
          287.109375,
          970.703125
        ]
      ]
    },
    {
      "id": "P009",
      "area_px": 1543.0,
      "centroid_norm": [
        0.7294238344539857,
        0.0416130812540505
      ],
      "polygon": [
        [
          624.0234375,
          93.75
        ],
        [
          756.8359375,
          19.53125
        ],
        [
          833.984375,
          4.8828125
        ],
        [
          793.9453125,
          15.625
        ]
      ]
    }
  ]
}