{
  "site": {
    "width_m": 1000.0,
    "height_m": 1000.0
  },
  "parcels": [
    {
      "id": "P001",
      "area_px": 68007.0,
      "centroid_norm": [
        0.7074649714367639,
        0.8240251520523623
      ],
      "polygon": [
        [
          838.8671875,
          950.1953125
        ],
        [
          548.828125,
          906.25
        ],
        [
          555.6640625,
          855.46875
        ],
        [
          550.78125,
          803.7109375
        ],
        [
          535.15625,
          769.53125
        ],
        [
          528.3203125,
          744.140625
        ],
        [
          528.3203125,
          717.7734375
        ],
        [
          563.4765625,
          717.7734375
        ],
        [
          611.328125,
          723.6328125
        ],
        [
          727.5390625,
          726.5625
        ],
        [
          779.296875,
          732.421875
        ],
        [
          881.8359375,
          734.375
        ],
        [
          885.7421875,
          738.28125
        ],
        [
          876.953125,
          788.0859375
        ],
        [
          840.8203125,
          919.921875
        ]
      ]
    },
    {
      "id": "P002",
      "area_px": 185396.0,
      "centroid_norm": [
        0.2730654501041015,
        0.6656066819470214
      ],
      "polygon": [
        [
          516.6015625,
          901.3671875
        ],
        [
          59.5703125,
          820.3125
        ],
        [
          39.0625,
          387.6953125
        ],
        [
          64.453125,
          396.484375
        ],
        [
          68.359375,
          402.34375
        ],
        [
          83.984375,
          402.34375
        ],
        [
          126.953125,
          420.8984375
        ],
        [
          158.203125,
          428.7109375
        ],
        [
          179.6875,
          444.3359375
        ],
        [
          211.9140625,
          448.2421875
        ],
        [
          246.09375,
          464.84375
        ],
        [
          276.3671875,
          485.3515625
        ],
        [
          291.015625,
          500.0
        ],
        [
          294.921875,
          500.0
        ],
        [
          301.7578125,
          512.6953125
        ],
        [
          314.453125,
          523.4375
        ],
        [
          338.8671875,
          534.1796875
        ],
        [
          390.625,
          534.1796875
        ],
        [
          427.734375,
          521.484375
        ],
        [
          474.609375,
          497.0703125
        ],
        [
          496.09375,
          491.2109375
        ],
        [
          502.9296875,
          493.1640625
        ],
        [
          502.9296875,
          582.03125
        ],
        [
          505.859375,
          583.984375
        ],
        [
          504.8828125,
          623.046875
        ],
        [
          500.0,
          629.8828125
        ],
        [
          498.046875,
          708.0078125
        ],
        [
          501.953125,
          718.75
        ],
        [
          504.8828125,
          764.6484375
        ],
        [
          522.4609375,
          800.78125
        ],
        [
          529.296875,
          824.21875
        ],
        [
          529.296875,
          852.5390625
        ],
        [
          522.4609375,
          861.328125
        ]
      ]
    },
    {
      "id": "P003",
      "area_px": 43896.0,
      "centroid_norm": [
        0.7973182751916461,
        0.6058531368888964
      ],
      "polygon": [
        [
          886.71875,
          709.9609375
        ],
        [
          863.28125,
          711.9140625
        ],
        [
          854.4921875,
          708.0078125
        ],
        [
          698.2421875,
          700.1953125
        ],
        [
          692.3828125,
          694.3359375
        ],
        [
          693.359375,
          558.59375
        ],
        [
          710.9375,
          486.328125
        ],
        [
          755.859375,
          495.1171875
        ],
        [
          762.6953125,
          500.9765625
        ],
        [
          800.78125,
          507.8125
        ],
        [
          814.453125,
          513.671875
        ],
        [
          872.0703125,
          525.390625
        ],
        [
          896.484375,
          525.390625
        ],
        [
          913.0859375,
          529.296875
        ],
        [
          917.96875,
          541.9921875
        ],
        [
          892.578125,
          699.21875
        ]
      ]
    },
    {
      "id": "P004",
      "area_px": 32888.0,
      "centroid_norm": [
        0.6060423706024994,
        0.5901173169640141
      ],
      "polygon": [
        [
          673.828125,
          700.1953125
        ],
        [
          534.1796875,
          692.3828125
        ],
        [
          529.296875,
          686.5234375
        ],
        [
          533.203125,
          496.09375
        ],
        [
          539.0625,
          489.2578125
        ],
        [
          623.046875,
          487.3046875
        ],
        [
          655.2734375,
          481.4453125
        ],
        [
          678.7109375,
          481.4453125
        ],
        [
          692.3828125,
          485.3515625
        ],
        [
          678.7109375,
          541.9921875
        ],
        [
          675.78125,
          567.3828125
        ],
        [
          676.7578125,
          696.2890625
        ]
      ]
    },
    {
      "id": "P005",
      "area_px": 178878.0,
      "centroid_norm": [
        0.32515428527928253,
        0.29075563307289043
      ],