{
  "site": {
    "width_m": 1000.0,
    "height_m": 1000.0
  },
  "parcels": [
    {
      "id": "P002",
      "area_px": 214139.0,
      "centroid_norm": [
        0.32267939136495455,
        0.6002569264297957
      ],
      "polygon": [
        [
          180.6640625,
          874.0234375
        ],
        [
          25.390625,
          555.6640625
        ],
        [
          18.5546875,
          530.2734375
        ],
        [
          23.4375,
          523.4375
        ],
        [
          178.7109375,
          439.453125
        ],
        [
          187.5,
          438.4765625
        ],
        [
          219.7265625,
          416.9921875
        ],
        [
          232.421875,
          415.0390625
        ],
        [
          242.1875,
          405.2734375
        ],
        [
          254.8828125,
          402.34375
        ],
        [
          298.828125,
          380.859375
        ],
        [
          310.546875,
          377.9296875
        ],
        [
          314.453125,
          385.7421875
        ],
        [
          322.265625,
          385.7421875
        ],
        [
          469.7265625,
          309.5703125
        ],
        [
          468.75,
          296.875
        ],
        [
          603.515625,
          604.4921875
        ],
        [
          617.1875,
          646.484375
        ],
        [
          622.0703125,
          672.8515625
        ],
        [
          592.7734375,
          688.4765625
        ],
        [
          585.9375,
          677.734375
        ],
        [
          576.171875,
          673.828125
        ],
        [
          487.3046875,
          659.1796875
        ],
        [
          486.328125,
          669.921875
        ],
        [
          490.234375,
          672.8515625
        ],
        [
          572.265625,
          689.453125
        ],
        [
          580.078125,
          696.2890625
        ],
        [
          235.3515625,
          886.71875
        ],
        [
          206.0546875,
          875.9765625
        ]
      ]
    },
    {
      "id": "P003",
      "area_px": 121739.0,
      "centroid_norm": [
        0.7073735630760274,
        0.40593034040806564
      ],
      "polygon": [
        [
          647.4609375,
          658.203125
        ],
        [
          631.8359375,
          598.6328125
        ],
        [
          578.125,
          478.515625
        ],
        [
          573.2421875,
          458.0078125
        ],
        [
          557.6171875,
          431.640625
        ],
        [
          494.140625,
          283.203125
        ],
        [
          655.2734375,
          200.1953125
        ],
        [
          657.2265625,
          186.5234375
        ],
        [
          668.9453125,
          179.6875
        ],
        [
          698.2421875,
          208.984375
        ],
        [
          709.9609375,
          234.375
        ],
        [
          719.7265625,
          242.1875
        ],
        [
          730.46875,
          242.1875
        ],
        [
          732.421875,
          234.375
        ],
        [
          720.703125,
          229.4921875
        ],
        [
          710.9375,
          206.0546875
        ],
        [
          681.640625,
          174.8046875
        ],
        [
          734.375,
          146.484375
        ],
        [
          741.2109375,
          217.7734375
        ],
        [
          737.3046875,
          239.2578125
        ],
        [
          725.5859375,
          255.859375
        ],
        [
          725.5859375,
          263.671875
        ],
        [
          733.3984375,
          264.6484375
        ],
        [
          739.2578125,
          257.8125
        ],
        [
          739.2578125,
          273.4375
        ],
        [
          734.375,
          288.0859375
        ],
        [
          734.375,
          330.078125
        ],
        [
          743.1640625,
          339.84375
        ],
        [
          739.2578125,
          359.375
        ],
        [
          748.046875,
          360.3515625
        ],
        [
          751.953125,
          353.515625
        ],
        [
          751.953125,
          333.0078125
        ],
        [
          745.1171875,
          325.1953125
        ],
        [
          743.1640625,
          300.78125
        ],
        [
          749.0234375,
          279.296875
        ],
        [
          750.0,
          262.6953125
        ],
        [
          776.3671875,
          281.25
        ],
        [
          825.1953125,
          281.25
        ],
        [
          841.796875,
          285.15625
        ],
        [
          865.234375,
          283.203125
        ],
        [
          871.09375,
          318.359375
        ],
        [
          875.9765625,
          322.265625
        ],
        [
          895.5078125,
          325.1953125
        ],
        [
          902.34375,
          352.5390625
        ],
        [
          889.6484375,
          355.46875
        ],
        [
          870.1171875,
          367.1875
        ],
        [
          836.9140625,
          374.0234375
        ],
        [
          831.0546875,
          378.90625
        ],
        [
          830.078125,
          387.6953125
        ],
        [
          836.9140625,
          388.671875
        ],
        [
          856.4453125,
          378.90625
        ],
        [
          876.953125,
          376.953125
        ],
        [
          896.484375,
          364.2578125
        ],
        [
          908.203125,
          364.2578125
        ],
        [
          889.6484375,
          381.8359375
        ],
        [
          865.234375,
          396.484375
        ],
        [
          845.703125,
          420.8984375
        ],
        [
          847.65625,
          442.3828125
        ],
        [
          869.140625,
          442.3828125
        ],
        [
          882.8125,
          446.2890625
        ],
        [
          926.7578125,
          444.3359375
        ],
        [
          934.5703125,
          481.4453125
        ],
        [
          913.0859375,
          499.0234375
        ],
        [
          790.0390625,
          580.078125
        ],
        [
          775.390625,
          583.0078125
        ],
        [
          769.53125,
          590.8203125
        ]
      ]
    },
    {
      "id": "P007",
      "area_px": 13555.0,
      "centroid_norm": [
        0.7984284223994836,
        0.2012504754933604
      ],