{
  "site": {
    "width_m": 1000.0,
    "height_m": 1000.0
  },
  "parcels": [
    {
      "id": "P001",
      "area_px": 120843.0,
      "centroid_norm": [
        0.7758700451593183,
        0.782573918870973
      ],
      "polygon": [
        [
          859.375,
          987.3046875
        ],
        [
          833.0078125,
          974.609375
        ],
        [
          828.125,
          968.75
        ],
        [
          770.5078125,
          942.3828125
        ],
        [
          721.6796875,
          934.5703125
        ],
        [
          672.8515625,
          905.2734375
        ],
        [
          623.046875,
          858.3984375
        ],
        [
          612.3046875,
          843.75
        ],
        [
          528.3203125,
          811.5234375
        ],
        [
          517.578125,
          804.6875
        ],
        [
          517.578125,
          797.8515625
        ],
        [
          528.3203125,
          794.921875
        ],
        [
          527.34375,
          783.203125
        ],
        [
          523.4375,
          778.3203125
        ],
        [
          538.0859375,
          765.625
        ],
        [
          543.9453125,
          750.9765625
        ],
        [
          551.7578125,
          748.046875
        ],
        [
          544.921875,
          720.703125
        ],
        [
          567.3828125,
          715.8203125
        ],
        [
          589.84375,
          724.609375
        ],
        [
          618.1640625,
          726.5625
        ],
        [
          620.1171875,
          718.75
        ],
        [
          617.1875,
          714.84375
        ],
        [
          584.9609375,
          708.984375
        ],
        [
          645.5078125,
          661.1328125
        ],
        [
          645.5078125,
          653.3203125
        ],
        [
          629.8828125,
          632.8125
        ],
        [
          637.6953125,
          626.953125
        ],
        [
          647.4609375,
          625.0
        ],
        [
          648.4375,
          622.0703125
        ],
        [
          661.1328125,
          623.046875
        ],
        [
          709.9609375,
          598.6328125
        ],
        [
          731.4453125,
          583.0078125
        ],
        [
          735.3515625,
          583.0078125
        ],
        [
          735.3515625,
          589.84375
        ],
        [
          741.2109375,
          597.65625
        ],
        [
          767.578125,
          614.2578125
        ],
        [
          781.25,
          614.2578125
        ],
        [
          792.96875,
          622.0703125
        ],
        [
          820.3125,
          629.8828125
        ],
        [
          837.890625,
          627.9296875
        ],
        [
          857.421875,
          614.2578125
        ],
        [
          879.8828125,
          636.71875
        ],
        [
          897.4609375,
          640.625
        ],
        [
          919.921875,
          676.7578125
        ],
        [
          931.640625,
          706.0546875
        ],
        [
          955.078125,
          727.5390625
        ],
        [
          974.609375,
          733.3984375
        ],
        [
          992.1875,
          817.3828125
        ],
        [
          978.515625,
          841.796875
        ],
        [
          964.84375,
          877.9296875
        ],
        [
          893.5546875,
          951.171875
        ],
        [
          883.7890625,
          973.6328125
        ],
        [
          869.140625,
          979.4921875
        ]
      ]
    },
    {
      "id": "P031",
      "area_px": 42072.0,
      "centroid_norm": [
        0.5911111086351968,
        0.43627110314609474
      ],
      "polygon": [
        [
          621.09375,
          622.0703125
        ],
        [
          592.7734375,
          585.9375
        ],
        [
          529.296875,
          566.40625
        ],
        [
          532.2265625,
          561.5234375
        ],
        [
          540.0390625,
          565.4296875
        ],
        [
          550.78125,
          564.453125
        ],
        [
          550.78125,
          555.6640625
        ],
        [
          541.9921875,
          550.78125
        ],
        [
          540.0390625,
          545.8984375
        ],
        [
          555.6640625,
          520.5078125
        ],
        [
          626.953125,
          436.5234375
        ],
        [
          627.9296875,
          423.828125
        ],
        [
          620.1171875,
          422.8515625
        ],
        [
          600.5859375,
          446.2890625
        ],
        [
          595.703125,
          426.7578125
        ],
        [
          583.984375,
          411.1328125
        ],
        [
          564.453125,
          398.4375
        ],
        [
          537.109375,
          386.71875
        ],
        [
          489.2578125,
          379.8828125
        ],
        [
          452.1484375,
          401.3671875
        ],
        [
          444.3359375,
          385.7421875
        ],
        [
          416.015625,
          392.578125
        ],
        [
          418.9453125,
          388.671875
        ],
        [
          442.3828125,
          381.8359375
        ],
        [
          444.3359375,
          374.0234375
        ],
        [
          442.3828125,
          371.09375
        ],
        [
          428.7109375,
          371.09375
        ],
        [
          410.15625,
          377.9296875
        ],
        [
          402.34375,
          357.421875
        ],
        [
          411.1328125,
          353.515625
        ],
        [
          413.0859375,
          356.4453125
        ],
        [
          421.875,
          356.4453125
        ],
        [
          424.8046875,
          353.515625
        ],
        [
          443.359375,
          360.3515625
        ],
        [
          445.3125,
          364.2578125
        ],
        [
          459.9609375,
          366.2109375
        ],
        [
          459.9609375,
          355.46875
        ],
        [
          432.6171875,
          343.75
        ],
        [
          653.3203125,
          247.0703125
        ],
        [
          628.90625,
          286.1328125
        ],
        [
          626.953125,
          293.9453125
        ],
        [
          630.859375,
          366.2109375
        ],
        [
          644.53125,
          375.0
        ],
        [
          653.3203125,
          404.296875
        ],
        [
          640.625,
          418.9453125
        ],
        [
          640.625,
          427.734375
        ],
        [
          678.7109375,
          473.6328125
        ],
        [
          692.3828125,
          480.46875
        ],
        [
          692.3828125,
          490.234375
        ],
        [
          678.7109375,
          527.34375
        ],
        [
          678.7109375,
          534.1796875
        ],
        [
          716.796875,
          570.3125
        ],
        [
          707.03125,
          580.078125
        ],
        [
          666.015625,
          603.515625
        ],
        [
          644.53125,
          612.3046875
        ],
        [
          643.5546875,
          615.234375
        ],
        [
          626.953125,
          617.1875
        ]
      ]
    },
    {
      "id": "P065",
      "area_px": 1868.0,
      "centroid_norm": [
        0.47550647417023556,
        0.4484403230393469
      ],