{
  "site": {
    "width_m": 1000.0,
    "height_m": 1000.0
  },
  "parcels": [
    {
      "id": "P001",
      "area_px": 14439.0,
      "centroid_norm": [
        0.3621914011098414,
        0.7877381651906296
      ],
      "polygon": [
        [
          327.1484375,
          995.1171875
        ],
        [
          302.734375,
          973.6328125
        ],
        [
          306.640625,
          965.8203125
        ],
        [
          306.640625,
          925.78125
        ],
        [
          301.7578125,
          920.8984375
        ],
        [
          290.0390625,
          888.671875
        ],
        [
          284.1796875,
          886.71875
        ],
        [
          279.296875,
          873.046875
        ],
        [
          290.0390625,
          864.2578125
        ],
        [
          385.7421875,
          730.46875
        ],
        [
          387.6953125,
          704.1015625
        ],
        [
          384.765625,
          685.546875
        ],
        [
          389.6484375,
          682.6171875
        ],
        [
          397.4609375,
          668.9453125
        ],
        [
          397.4609375,
          658.203125
        ],
        [
          383.7890625,
          647.4609375
        ],
        [
          407.2265625,
          613.28125
        ],
        [
          405.2734375,
          594.7265625
        ],
        [
          411.1328125,
          594.7265625
        ],
        [
          430.6640625,
          611.328125
        ],
        [
          437.5,
          652.34375
        ],
        [
          444.3359375,
          663.0859375
        ],
        [
          440.4296875,
          675.78125
        ],
        [
          424.8046875,
          685.546875
        ],
        [
          425.78125,
          710.9375
        ],
        [
          415.0390625,
          736.328125
        ],
        [
          393.5546875,
          760.7421875
        ],
        [
          368.1640625,
          778.3203125
        ],
        [
          353.515625,
          822.265625
        ],
        [
          352.5390625,
          848.6328125
        ],
        [
          333.0078125,
          881.8359375
        ],
        [
          327.1484375,
          938.4765625
        ],
        [
          333.984375,
          976.5625
        ]
      ]
    },
    {
      "id": "P004",
      "area_px": 1779.0,
      "centroid_norm": [
        0.3911953476320967,
        0.5336603911958966
      ],
      "polygon": [
        [
          423.828125,
          546.875
        ],
        [
          415.0390625,
          552.734375
        ],
        [
          383.7890625,
          552.734375
        ],
        [
          365.234375,
          528.3203125
        ],
        [
          361.328125,
          510.7421875
        ],
        [
          383.7890625,
          513.671875
        ],
        [
          415.0390625,
          531.25
        ]
      ]
    },
    {
      "id": "P006",
      "area_px": 18859.0,
      "centroid_norm": [
        0.43543005411872315,
        0.4130973296072167
      ],
      "polygon": [
        [
          390.625,
          499.0234375
        ],
        [
          353.515625,
          476.5625
        ],
        [
          371.09375,
          475.5859375
        ],
        [
          373.046875,
          466.796875
        ],
        [
          384.765625,
          463.8671875
        ],
        [
          408.203125,
          464.84375
        ],
        [
          409.1796875,
          458.0078125
        ],
        [
          400.390625,
          452.1484375
        ],
        [
          387.6953125,
          451.171875
        ],
        [
          383.7890625,
          445.3125
        ],
        [
          372.0703125,
          445.3125
        ],
        [
          372.0703125,
          429.6875
        ],
        [
          376.953125,
          423.828125
        ],
        [
          376.953125,
          417.96875
        ],
        [
          357.421875,
          408.203125
        ],
        [
          358.3984375,
          398.4375
        ],
        [
          349.609375,
          392.578125
        ],
        [
          349.609375,
          374.0234375
        ],
        [
          395.5078125,
          372.0703125
        ],
        [
          426.7578125,
          361.328125
        ],
        [
          432.6171875,
          357.421875
        ],
        [
          434.5703125,
          344.7265625
        ],
        [
          430.6640625,
          343.75
        ],
        [
          439.453125,
          342.7734375
        ],
        [
          439.453125,
          333.984375
        ],
        [
          429.6875,
          326.171875
        ],
        [
          475.5859375,
          316.40625
        ],
        [
          485.3515625,
          332.03125
        ],
        [
          507.8125,
          341.796875
        ],
        [
          491.2109375,
          352.5390625
        ],
        [
          491.2109375,
          362.3046875
        ],
        [
          505.859375,
          372.0703125
        ],
        [
          484.375,
          391.6015625
        ],
        [
          482.421875,
          402.34375
        ],
        [
          493.1640625,
          410.15625
        ],
        [
          525.390625,
          413.0859375
        ],
        [
          526.3671875,
          434.5703125
        ],
        [
          497.0703125,
          433.59375
        ],
        [
          482.421875,
          449.21875
        ],
        [
          458.0078125,
          462.890625
        ],
        [
          457.03125,
          472.65625
        ],
        [
          468.75,
          478.515625
        ],
        [
          464.84375,
          487.3046875
        ],
        [
          437.5,
          490.234375
        ],
        [
          434.5703125,
          492.1875
        ],
        [
          434.5703125,
          499.0234375
        ],
        [
          421.875,
          502.9296875
        ],
        [
          403.3203125,
          502.9296875
        ]
      ]
    },
    {
      "id": "P014",
      "area_px": 11094.0,
      "centroid_norm": [
        0.4037652848668199,
        0.29191868563525325
      ],