{
  "site": {
    "width_m": 1000.0,
    "height_m": 1000.0
  },
  "parcels": [
    {
      "id": "P019",
      "area_px": 177582.0,
      "centroid_norm": [
        0.33846651432507235,
        0.4932072423760573
      ],
      "polygon": [
        [
          610.3515625,
          705.078125
        ],
        [
          590.8203125,
          699.21875
        ],
        [
          567.3828125,
          698.2421875
        ],
        [
          542.96875,
          676.7578125
        ],
        [
          534.1796875,
          678.7109375
        ],
        [
          533.203125,
          692.3828125
        ],
        [
          493.1640625,
          678.7109375
        ],
        [
          418.9453125,
          670.8984375
        ],
        [
          406.25,
          691.40625
        ],
        [
          389.6484375,
          701.171875
        ],
        [
          370.1171875,
          703.125
        ],
        [
          359.375,
          684.5703125
        ],
        [
          347.65625,
          682.6171875
        ],
        [
          335.9375,
          672.8515625
        ],
        [
          315.4296875,
          669.921875
        ],
        [
          298.828125,
          671.875
        ],
        [
          249.0234375,
          658.203125
        ],
        [
          237.3046875,
          642.578125
        ],
        [
          222.65625,
          638.671875
        ],
        [
          206.0546875,
          627.9296875
        ],
        [
          186.5234375,
          600.5859375
        ],
        [
          163.0859375,
          593.75
        ],
        [
          160.15625,
          583.0078125
        ],
        [
          143.5546875,
          570.3125
        ],
        [
          115.234375,
          566.40625
        ],
        [
          84.9609375,
          544.921875
        ],
        [
          44.921875,
          525.390625
        ],
        [
          21.484375,
          507.8125
        ],
        [
          7.8125,
          488.28125
        ],
        [
          11.71875,
          480.46875
        ],
        [
          41.015625,
          452.1484375
        ],
        [
          50.78125,
          431.640625
        ],
        [
          75.1953125,
          407.2265625
        ],
        [
          102.5390625,
          368.1640625
        ],
        [
          122.0703125,
          362.3046875
        ],
        [
          135.7421875,
          351.5625
        ],
        [
          146.484375,
          347.65625
        ],
        [
          191.40625,
          343.75
        ],
        [
          205.078125,
          333.984375
        ],
        [
          235.3515625,
          327.1484375
        ],
        [
          254.8828125,
          310.546875
        ],
        [
          269.53125,
          278.3203125
        ],
        [
          291.9921875,
          272.4609375
        ],
        [
          300.78125,
          264.6484375
        ],
        [
          307.6171875,
          269.53125
        ],
        [
          315.4296875,
          269.53125
        ],
        [
          324.21875,
          264.6484375
        ],
        [
          332.03125,
          269.53125
        ],
        [
          382.8125,
          275.390625
        ],
        [
          406.25,
          271.484375
        ],
        [
          423.828125,
          293.9453125
        ],
        [
          426.7578125,
          302.734375
        ],
        [
          441.40625,
          316.40625
        ],
        [
          474.609375,
          324.21875
        ],
        [
          474.609375,
          366.2109375
        ],
        [
          477.5390625,
          386.71875
        ],
        [
          483.3984375,
          386.71875
        ],
        [
          486.328125,
          382.8125
        ],
        [
          486.328125,
          351.5625
        ],
        [
          500.9765625,
          365.234375
        ],
        [
          500.0,
          383.7890625
        ],
        [
          502.9296875,
          387.6953125
        ],
        [
          510.7421875,
          385.7421875
        ],
        [
          510.7421875,
          370.1171875
        ],
        [
          518.5546875,
          374.0234375
        ],
        [
          517.578125,
          386.71875
        ],
        [
          520.5078125,
          388.671875
        ],
        [
          528.3203125,
          386.71875
        ],
        [
          528.3203125,
          376.953125
        ],
        [
          531.25,
          376.953125
        ],
        [
          527.34375,
          392.578125
        ],
        [
          523.4375,
          394.53125
        ],
        [
          523.4375,
          404.296875
        ],
        [
          530.2734375,
          420.8984375
        ],
        [
          541.015625,
          435.546875
        ],
        [
          548.828125,
          434.5703125
        ],
        [
          561.5234375,
          400.390625
        ],
        [
          565.4296875,
          433.59375
        ],
        [
          585.9375,
          519.53125
        ],
        [
          570.3125,
          518.5546875
        ],
        [
          564.453125,
          523.4375
        ],
        [
          564.453125,
          531.25
        ],
        [
          572.265625,
          532.2265625
        ],
        [
          574.21875,
          528.3203125
        ],
        [
          584.9609375,
          528.3203125
        ],
        [
          586.9140625,
          523.4375
        ],
        [
          595.703125,
          565.4296875
        ],
        [
          572.265625,
          561.5234375
        ],
        [
          570.3125,
          574.21875
        ],
        [
          599.609375,
          585.9375
        ],
        [
          610.3515625,
          657.2265625
        ]
      ]
    },
    {
      "id": "P023",
      "area_px": 4891.0,
      "centroid_norm": [
        0.8542032719535883,
        0.633832988844306
      ],
      "polygon": [
        [
          866.2109375,
          698.2421875
        ],
        [
          826.171875,
          672.8515625
        ],
        [
          841.796875,
          568.359375
        ],
        [
          881.8359375,
          594.7265625
        ]
      ]
    },
    {
      "id": "P051",
      "area_px": 5845.0,
      "centroid_norm": [
        0.9239594471770745,
        0.575701387403764
      ],
      "polygon": [
        [
          977.5390625,
          634.765625
        ],
        [
          955.078125,
          620.1171875
        ],
        [
          942.3828125,
          599.609375
        ],
        [
          916.015625,
          584.9609375
        ],
        [
          889.6484375,
          577.1484375
        ],
        [
          801.7578125,
          519.53125
        ],
        [
          885.7421875,
          546.875
        ],
        [
          932.6171875,
          555.6640625
        ],
        [
          945.3125,
          565.4296875
        ],
        [
          993.1640625,
          580.078125
        ]
      ]
    },
    {
      "id": "P079",
      "area_px": 1650.0,
      "centroid_norm": [
        0.7198413825757576,
        0.5048354640151516
      ],