{
  "site": {
    "width_m": 1000.0,
    "height_m": 1000.0
  },
  "parcels": [
    {
      "id": "P002",
      "area_px": 389930.0,
      "centroid_norm": [
        0.5149257508959941,
        0.4692874988178968
      ],
      "polygon": [
        [
          658.203125,
          983.3984375
        ],
        [
          641.6015625,
          983.3984375
        ],
        [
          631.8359375,
          990.234375
        ],
        [
          625.9765625,
          990.234375
        ],
        [
          620.1171875,
          978.515625
        ],
        [
          611.328125,
          971.6796875
        ],
        [
          595.703125,
          970.703125
        ],
        [
          583.0078125,
          962.890625
        ],
        [
          564.453125,
          965.8203125
        ],
        [
          562.5,
          971.6796875
        ],
        [
          554.6875,
          964.84375
        ],
        [
          547.8515625,
          964.84375
        ],
        [
          542.96875,
          967.7734375
        ],
        [
          541.9921875,
          972.65625
        ],
        [
          502.9296875,
          968.75
        ],
        [
          470.703125,
          961.9140625
        ],
        [
          461.9140625,
          940.4296875
        ],
        [
          448.2421875,
          930.6640625
        ],
        [
          438.4765625,
          918.9453125
        ],
        [
          425.78125,
          914.0625
        ],
        [
          415.0390625,
          894.53125
        ],
        [
          384.765625,
          880.859375
        ],
        [
          396.484375,
          866.2109375
        ],
        [
          400.390625,
          848.6328125
        ],
        [
          399.4140625,
          802.734375
        ],
        [
          413.0859375,
          786.1328125
        ],
        [
          413.0859375,
          774.4140625
        ],
        [
          408.203125,
          761.71875
        ],
        [
          415.0390625,
          739.2578125
        ],
        [
          411.1328125,
          681.640625
        ],
        [
          419.921875,
          673.828125
        ],
        [
          419.921875,
          662.109375
        ],
        [
          407.2265625,
          628.90625
        ],
        [
          416.015625,
          615.234375
        ],
        [
          415.0390625,
          604.4921875
        ],
        [
          398.4375,
          586.9140625
        ],
        [
          393.5546875,
          577.1484375
        ],
        [
          383.7890625,
          569.3359375
        ],
        [
          362.3046875,
          562.5
        ],
        [
          344.7265625,
          552.734375
        ],
        [
          332.03125,
          553.7109375
        ],
        [
          314.453125,
          549.8046875
        ],
        [
          307.6171875,
          534.1796875
        ],
        [
          306.640625,
          513.671875
        ],
        [
          298.828125,
          485.3515625
        ],
        [
          298.828125,
          469.7265625
        ],
        [
          290.0390625,
          452.1484375
        ],
        [
          274.4140625,
          431.640625
        ],
        [
          254.8828125,
          419.921875
        ],
        [
          247.0703125,
          406.25
        ],
        [
          225.5859375,
          391.6015625
        ],
        [
          221.6796875,
          379.8828125
        ],
        [
          191.40625,
          379.8828125
        ],
        [
          168.9453125,
          371.09375
        ],
        [
          178.7109375,
          333.984375
        ],
        [
          191.40625,
          306.640625
        ],
        [
          203.125,
          295.8984375
        ],
        [
          206.0546875,
          283.203125
        ],
        [
          213.8671875,
          273.4375
        ],
        [
          216.796875,
          258.7890625
        ],
        [
          242.1875,
          236.328125
        ],
        [
          241.2109375,
          209.9609375
        ],
        [
          253.90625,
          193.359375
        ],
        [
          257.8125,
          163.0859375
        ],
        [
          271.484375,
          162.109375
        ],
        [
          271.484375,
          155.2734375
        ],
        [
          256.8359375,
          145.5078125
        ],
        [
          246.09375,
          122.0703125
        ],
        [
          231.4453125,
          107.421875
        ],
        [
          239.2578125,
          91.796875
        ],
        [
          240.234375,
          76.171875
        ],
        [
          248.046875,
          66.40625
        ],
        [
          263.671875,
          66.40625
        ],
        [
          265.625,
          56.640625
        ],
        [
          272.4609375,
          45.8984375
        ],
        [
          292.96875,
          43.9453125
        ],
        [
          333.0078125,
          19.53125
        ],
        [
          362.3046875,
          18.5546875
        ],
        [
          380.859375,
          9.765625
        ],
        [
          392.578125,
          14.6484375
        ],
        [
          433.59375,
          10.7421875
        ],
        [
          457.03125,
          23.4375
        ],
        [
          471.6796875,
          25.390625
        ],
        [
          479.4921875,
          30.2734375
        ],
        [
          479.4921875,
          35.15625
        ],
        [
          484.375,
          39.0625
        ],
        [
          506.8359375,
          46.875
        ],
        [
          501.953125,
          56.640625
        ],
        [
          503.90625,
          66.40625
        ],
        [
          527.34375,
          80.078125
        ],
        [
          552.734375,
          85.9375
        ],
        [
          565.4296875,
          105.46875
        ],
        [
          585.9375,
          124.0234375
        ],
        [
          635.7421875,
          139.6484375
        ],
        [
          648.4375,
          135.7421875
        ],
        [
          689.453125,
          156.25
        ],
        [
          691.40625,
          165.0390625
        ],
        [
          703.125,
          162.109375
        ],
        [
          719.7265625,
          169.921875
        ],
        [
          728.515625,
          169.921875
        ],
        [
          743.1640625,
          177.734375
        ],
        [
          736.328125,
          181.640625
        ],
        [
          736.328125,
          187.5
        ],
        [
          747.0703125,
          190.4296875
        ],
        [
          755.859375,
          199.21875
        ],
        [
          737.3046875,
          205.078125
        ],
        [
          736.328125,
          212.890625
        ],
        [
          750.9765625,
          211.9140625
        ],
        [
          747.0703125,
          222.65625
        ],
        [
          748.046875,
          230.46875
        ],
        [
          764.6484375,
          229.4921875
        ],
        [
          754.8828125,
          249.0234375
        ],
        [
          737.3046875,
          250.0
        ],
        [
          730.46875,
          257.8125
        ],
        [
          723.6328125,
          283.203125
        ],
        [
          723.6328125,
          296.875
        ],
        [
          749.0234375,
          440.4296875
        ],
        [
          759.765625,
          478.515625
        ],
        [
          710.9375,
          478.515625
        ],
        [
          694.3359375,
          460.9375
        ],
        [
          653.3203125,
          438.4765625
        ],
        [
          636.71875,
