{
  "site": {
    "width_m": 1000.0,
    "height_m": 1000.0
  },
  "parcels": [
    {
      "id": "P001",
      "area_px": 4533.0,
      "centroid_norm": [
        0.21421726781380984,
        0.8113560452514891
      ],
      "polygon": [
        [
          178.7109375,
          853.515625
        ],
        [
          165.0390625,
          837.890625
        ],
        [
          209.9609375,
          786.1328125
        ],
        [
          239.2578125,
          747.0703125
        ],
        [
          238.28125,
          755.859375
        ],
        [
          249.0234375,
          769.53125
        ],
        [
          250.0,
          784.1796875
        ],
        [
          229.4921875,
          839.84375
        ],
        [
          215.8203125,
          860.3515625
        ],
        [
          195.3125,
          842.7734375
        ],
        [
          187.5,
          842.7734375
        ]
      ]
    },
    {
      "id": "P002",
      "area_px": 4534.0,
      "centroid_norm": [
        0.1427728344177327,
        0.7701916250827084
      ],
      "polygon": [
        [
          147.4609375,
          826.171875
        ],
        [
          137.6953125,
          801.7578125
        ],
        [
          127.9296875,
          787.109375
        ],
        [
          99.609375,
          772.4609375
        ],
        [
          99.609375,
          766.6015625
        ],
        [
          113.28125,
          743.1640625
        ],
        [
          133.7890625,
          721.6796875
        ],
        [
          152.34375,
          735.3515625
        ],
        [
          170.8984375,
          767.578125
        ],
        [
          188.4765625,
          778.3203125
        ],
        [
          153.3203125,
          815.4296875
        ]
      ]
    },
    {
      "id": "P003",
      "area_px": 45139.0,
      "centroid_norm": [
        0.12456499385924588,
        0.626460852173287
      ],
      "polygon": [
        [
          199.21875,
          766.6015625
        ],
        [
          190.4296875,
          757.8125
        ],
        [
          179.6875,
          752.9296875
        ],
        [
          162.109375,
          722.65625
        ],
        [
          147.4609375,
          710.9375
        ],
        [
          145.5078125,
          702.1484375
        ],
        [
          135.7421875,
          702.1484375
        ],
        [
          125.9765625,
          707.03125
        ],
        [
          104.4921875,
          729.4921875
        ],
        [
          86.9140625,
          757.8125
        ],
        [
          86.9140625,
          773.4375
        ],
        [
          70.3125,
          759.765625
        ],
        [
          57.6171875,
          758.7890625
        ],
        [
          43.9453125,
          739.2578125
        ],
        [
          37.109375,
          723.6328125
        ],
        [
          40.0390625,
          692.3828125
        ],
        [
          22.4609375,
          673.828125
        ],
        [
          17.578125,
          663.0859375
        ],
        [
          20.5078125,
          658.203125
        ],
        [
          34.1796875,
          650.390625
        ],
        [
          38.0859375,
          622.0703125
        ],
        [
          36.1328125,
          540.0390625
        ],
        [
          26.3671875,
          490.234375
        ],
        [
          29.296875,
          475.5859375
        ],
        [
          40.0390625,
          464.84375
        ],
        [
          46.875,
          438.4765625
        ],
        [
          45.8984375,
          405.2734375
        ],
        [
          46.875,
          417.96875
        ],
        [
          53.7109375,
          424.8046875
        ],
        [
          66.40625,
          429.6875
        ],
        [
          66.40625,
          436.5234375
        ],
        [
          61.5234375,
          449.21875
        ],
        [
          53.7109375,
          449.21875
        ],
        [
          43.9453125,
          455.078125
        ],
        [
          44.921875,
          466.796875
        ],
        [
          70.3125,
          460.9375
        ],
        [
          77.1484375,
          433.59375
        ],
        [
          80.078125,
          434.5703125
        ],
        [
          82.03125,
          450.1953125
        ],
        [
          90.8203125,
          451.171875
        ],
        [
          91.796875,
          434.5703125
        ],
        [
          97.65625,
          429.6875
        ],
        [
          95.703125,
          449.21875
        ],
        [
          100.5859375,
          470.703125
        ],
        [
          80.078125,
          497.0703125
        ],
        [
          80.078125,
          502.9296875
        ],
        [
          73.2421875,
          512.6953125
        ],
        [
          73.2421875,
          519.53125
        ],
        [
          83.0078125,
          520.5078125
        ],
        [
          106.4453125,
          486.328125
        ],
        [
          121.09375,
          509.765625
        ],
        [
          133.7890625,
          521.484375
        ],
        [
          143.5546875,
          536.1328125
        ],
        [
          143.5546875,
          542.96875
        ],
        [
          161.1328125,
          566.40625
        ],
        [
          179.6875,
          583.984375
        ],
        [
          190.4296875,
          588.8671875
        ],
        [
          190.4296875,
          595.703125
        ],
        [
          185.546875,
          603.515625
        ],
        [
          188.4765625,
          614.2578125
        ],
        [
          198.2421875,
          614.2578125
        ],
        [
          206.0546875,
          597.65625
        ],
        [
          239.2578125,
          616.2109375
        ],
        [
          267.578125,
          645.5078125
        ],
        [
          262.6953125,
          647.4609375
        ],
        [
          262.6953125,
          662.109375
        ],
        [
          266.6015625,
          675.78125
        ],
        [
          259.765625,
          680.6640625
        ],
        [
          250.0,
          700.1953125
        ]
      ]
    },
    {
      "id": "P005",
      "area_px": 11900.0,
      "centroid_norm": [
        0.3712371980042017,
        0.5589604943539916
      ],