{
  "site": {
    "width_m": 1000.0,
    "height_m": 1000.0
  },
  "parcels": [
    {
      "id": "P001",
      "area_px": 9279.0,
      "centroid_norm": [
        0.9418743769533355,
        0.6390633840526996
      ],
      "polygon": [
        [
          977.5390625,
          702.1484375
        ],
        [
          886.71875,
          675.78125
        ],
        [
          927.734375,
          563.4765625
        ],
        [
          983.3984375,
          600.5859375
        ]
      ]
    },
    {
      "id": "P027",
      "area_px": 1859.0,
      "centroid_norm": [
        0.737724940324099,
        0.5450920773937601
      ],
      "polygon": [
        [
          748.046875,
          599.609375
        ],
        [
          746.09375,
          596.6796875
        ],
        [
          750.9765625,
          582.03125
        ],
        [
          750.9765625,
          569.3359375
        ],
        [
          744.140625,
          568.359375
        ],
        [
          737.3046875,
          582.03125
        ],
        [
          710.9375,
          535.15625
        ],
        [
          715.8203125,
          523.4375
        ],
        [
          726.5625,
          541.9921875
        ],
        [
          734.375,
          541.015625
        ],
        [
          734.375,
          530.2734375
        ],
        [
          720.703125,
          505.859375
        ],
        [
          722.65625,
          497.0703125
        ],
        [
          729.4921875,
          508.7890625
        ],
        [
          736.328125,
          508.7890625
        ],
        [
          740.234375,
          496.09375
        ],
        [
          748.046875,
          517.578125
        ],
        [
          746.09375,
          533.203125
        ],
        [
          734.375,
          532.2265625
        ],
        [
          735.3515625,
          544.921875
        ],
        [
          741.2109375,
          553.7109375
        ],
        [
          743.1640625,
          566.40625
        ],
        [
          752.9296875,
          566.40625
        ],
        [
          751.953125,
          550.78125
        ],
        [
          755.859375,
          541.9921875
        ],
        [
          763.671875,
          564.453125
        ]
      ]
    },
    {
      "id": "P041",
      "area_px": 2249.0,
      "centroid_norm": [
        0.47564325464095153,
        0.5268378828090262
      ],
      "polygon": [
        [
          538.0859375,
          562.5
        ],
        [
          445.3125,
          533.203125
        ],
        [
          442.3828125,
          525.390625
        ],
        [
          442.3828125,
          483.3984375
        ],
        [
          463.8671875,
          500.9765625
        ],
        [
          463.8671875,
          530.2734375
        ],
        [
          471.6796875,
          528.3203125
        ],
        [
          474.609375,
          508.7890625
        ],
        [
          494.140625,
          525.390625
        ],
        [
          495.1171875,
          543.9453125
        ],
        [
          500.9765625,
          543.9453125
        ],
        [
          502.9296875,
          534.1796875
        ],
        [
          506.8359375,
          534.1796875
        ],
        [
          538.0859375,
          559.5703125
        ]
      ]
    },
    {
      "id": "P076",
      "area_px": 3452.0,
      "centroid_norm": [
        0.35647416805475085,
        0.4451577550152086
      ],
      "polygon": [
        [
          386.71875,
          492.1875
        ],
        [
          312.5,
          436.5234375
        ],
        [
          338.8671875,
          409.1796875
        ],
        [
          360.3515625,
          412.109375
        ],
        [
          375.0,
          422.8515625
        ],
        [
          374.0234375,
          449.21875
        ],
        [
          381.8359375,
          448.2421875
        ],
        [
          385.7421875,
          430.6640625
        ],
        [
          384.765625,
          458.0078125
        ],
        [
          389.6484375,
          458.984375
        ]
      ]
    },
    {
      "id": "P080",
      "area_px": 19422.0,
      "centroid_norm": [
        0.12460861072495108,
        0.38473771890446395
      ],
      "polygon": [
        [
          317.3828125,
          482.421875
        ],
        [
          3.90625,
          381.8359375
        ],
        [
          10.7421875,
          354.4921875
        ],
        [
          10.7421875,
          321.2890625
        ],
        [
          5.859375,
          298.828125
        ],
        [
          133.7890625,
          339.84375
        ]
      ]
    },
    {
      "id": "P087",
      "area_px": 1785.0,
      "centroid_norm": [
        0.5255252100840336,
        0.4195104604341736
      ],
      "polygon": [
        [
          544.921875,
          463.8671875
        ],
        [
          541.9921875,
          462.890625
        ],
        [
          542.96875,
          448.2421875
        ],
        [
          536.1328125,
          445.3125
        ],
        [
          535.15625,
          424.8046875
        ],
        [
          529.296875,
          424.8046875
        ],
        [
          527.34375,
          429.6875
        ],
        [
          520.5078125,
          428.7109375
        ],
        [
          517.578125,
          442.3828125
        ],
        [
          500.0,
          428.7109375
        ],
        [
          501.953125,
          396.484375
        ],
        [
          505.859375,
          390.625
        ],
        [
          506.8359375,
          379.8828125
        ],
        [
          508.7890625,
          408.203125
        ],
        [
          516.6015625,
          407.2265625
        ],
        [
          519.53125,
          388.671875
        ],
        [
          542.96875,
          408.203125
        ],
        [
          539.0625,
          431.640625
        ],
        [
          541.015625,
          442.3828125
        ],
        [
          548.828125,
          441.40625
        ],
        [
          552.734375,
          416.015625
        ],
        [
          556.640625,
          417.96875
        ],
        [
          553.7109375,
          447.265625
        ],
        [
          546.875,
          448.2421875
        ]
      ]
    }
  ]
}