{
  "site": {
    "width_m": 1000.0,
    "height_m": 1000.0
  },
  "parcels": [
    {
      "id": "P001",
      "area_px": 23932.0,
      "centroid_norm": [
        0.4866127857053318,
        0.8555735798956419
      ],
      "polygon": [
        [
          411.1328125,
          928.7109375
        ],
        [
          428.7109375,
          782.2265625
        ],
        [
          454.1015625,
          768.5546875
        ],
        [
          466.796875,
          765.625
        ],
        [
          553.7109375,
          768.5546875
        ],
        [
          552.734375,
          811.5234375
        ],
        [
          560.546875,
          853.515625
        ],
        [
          559.5703125,
          868.1640625
        ],
        [
          540.0390625,
          901.3671875
        ],
        [
          532.2265625,
          926.7578125
        ],
        [
          511.71875,
          943.359375
        ],
        [
          493.1640625,
          964.84375
        ],
        [
          485.3515625,
          963.8671875
        ],
        [
          478.515625,
          954.1015625
        ],
        [
          472.65625,
          954.1015625
        ],
        [
          463.8671875,
          943.359375
        ],
        [
          454.1015625,
          941.40625
        ],
        [
          436.5234375,
          930.6640625
        ]
      ]
    },
    {
      "id": "P002",
      "area_px": 31434.0,
      "centroid_norm": [
        0.521352308855459,
        0.6423851984515174
      ],
      "polygon": [
        [
          430.6640625,
          758.7890625
        ],
        [
          441.40625,
          641.6015625
        ],
        [
          437.5,
          565.4296875
        ],
        [
          567.3828125,
          548.828125
        ],
        [
          583.984375,
          554.6875
        ],
        [
          596.6796875,
          563.4765625
        ],
        [
          597.65625,
          575.1953125
        ],
        [
          605.46875,
          583.0078125
        ],
        [
          618.1640625,
          589.84375
        ],
        [
          631.8359375,
          591.796875
        ],
        [
          634.765625,
          614.2578125
        ],
        [
          630.859375,
          633.7890625
        ],
        [
          617.1875,
          666.015625
        ],
        [
          600.5859375,
          671.875
        ],
        [
          587.890625,
          682.6171875
        ],
        [
          573.2421875,
          709.9609375
        ],
        [
          550.78125,
          711.9140625
        ],
        [
          528.3203125,
          722.65625
        ],
        [
          512.6953125,
          726.5625
        ],
        [
          477.5390625,
          750.9765625
        ],
        [
          450.1953125,
          751.953125
        ]
      ]
    },
    {
      "id": "P005",
      "area_px": 2006.0,
      "centroid_norm": [
        0.4732526054648554,
        0.5369652760468594
      ],
      "polygon": [
        [
          433.59375,
          526.3671875
        ],
        [
          477.5390625,
          522.4609375
        ],
        [
          535.15625,
          540.0390625
        ],
        [
          436.5234375,
          551.7578125
        ]
      ]
    },
    {
      "id": "P007",
      "area_px": 9887.0,
      "centroid_norm": [
        0.5243012644444726,
        0.4941060546677455
      ],
      "polygon": [
        [
          606.4453125,
          527.34375
        ],
        [
          564.453125,
          533.203125
        ],
        [
          530.2734375,
          525.390625
        ],
        [
          487.3046875,
          510.7421875
        ],
        [
          432.6171875,
          514.6484375
        ],
        [
          427.734375,
          473.6328125
        ],
        [
          592.7734375,
          458.0078125
        ],
        [
          598.6328125,
          514.6484375
        ]
      ]
    },
    {
      "id": "P008",
      "area_px": 1893.0,
      "centroid_norm": [
        0.5120303420496566,
        0.44939466537902795
      ],
      "polygon": [
        [
          424.8046875,
          455.078125
        ],
        [
          585.9375,
          434.5703125
        ],
        [
          590.8203125,
          447.265625
        ],
        [
          438.4765625,
          461.9140625
        ],
        [
          425.78125,
          460.9375
        ]
      ]
    },
    {
      "id": "P010",
      "area_px": 10680.0,
      "centroid_norm": [
        0.49692958874648874,
        0.38308562660931644
      ],
      "polygon": [
        [
          577.1484375,
          415.0390625
        ],
        [
          549.8046875,
          418.9453125
        ],
        [
          476.5625,
          417.96875
        ],
        [
          417.96875,
          407.2265625
        ],
        [
          411.1328125,
          358.3984375
        ],
        [
          452.1484375,
          356.4453125
        ],
        [
          559.5703125,
          339.84375
        ],
        [
          564.453125,
          375.0
        ]
      ]
    },
    {
      "id": "P011",
      "area_px": 8263.0,
      "centroid_norm": [
        0.46880011043204645,
        0.3115704751225342
      ],
      "polygon": [
        [
          401.3671875,
          287.109375
        ],
        [
          413.0859375,
          287.109375
        ],
        [
          476.5625,
          272.4609375
        ],
        [
          552.734375,
          311.5234375
        ],
        [
          556.640625,
          327.1484375
        ],
        [
          430.6640625,
          346.6796875
        ],
        [
          410.15625,
          346.6796875
        ]
      ]
    },
    {
      "id": "P019",
      "area_px": 8550.0,
      "centroid_norm": [
        0.4634859283625731,
        0.1295719115497076
      ],
      "polygon": [
        [
          520.5078125,
          206.0546875
        ],
        [
          500.0,
          184.5703125
        ],
        [
          463.8671875,
          169.921875
        ],
        [
          452.1484375,
          163.0859375
        ],
        [
          450.1953125,
          158.203125
        ],
        [
          438.4765625,
          154.296875
        ],
        [
          432.6171875,
          142.578125
        ],
        [
          421.875,
          133.7890625
        ],
        [
          417.96875,
          119.140625
        ],
        [
          413.0859375,
          116.2109375
        ],
        [
          383.7890625,
          114.2578125
        ],
        [
          378.90625,
          120.1171875
        ],
        [
          375.9765625,
          101.5625
        ],
        [
          392.578125,
          104.4921875
        ],
        [
          393.5546875,
          96.6796875
        ],
        [
          389.6484375,
          94.7265625
        ],
        [
          390.625,
          89.84375
        ],
        [
          502.9296875,
          88.8671875
        ],
        [
          507.8125,
          137.6953125
        ],
        [
          520.5078125,
          186.5234375
        ]
      ]
    },
    {
      "id": "P027",
      "area_px": 8515.0,
      "centroid_norm": [
        0.4426670076702877,
        0.04265198363182621
      ],