{
  "site": {
    "width_m": 1000.0,
    "height_m": 1000.0
  },
  "parcels": [
    {
      "id": "P001",
      "area_px": 401664.0,
      "centroid_norm": [
        0.5760653600941956,
        0.4825003546768879
      ],
      "polygon": [
        [
          704.1015625,
          963.8671875
        ],
        [
          632.8125,
          953.125
        ],
        [
          595.703125,
          967.7734375
        ],
        [
          565.4296875,
          972.65625
        ],
        [
          552.734375,
          945.3125
        ],
        [
          537.109375,
          925.78125
        ],
        [
          509.765625,
          856.4453125
        ],
        [
          520.5078125,
          856.4453125
        ],
        [
          521.484375,
          848.6328125
        ],
        [
          512.6953125,
          843.75
        ],
        [
          505.859375,
          843.75
        ],
        [
          500.0,
          825.1953125
        ],
        [
          500.0,
          813.4765625
        ],
        [
          496.09375,
          811.5234375
        ],
        [
          494.140625,
          800.78125
        ],
        [
          490.234375,
          796.875
        ],
        [
          490.234375,
          782.2265625
        ],
        [
          467.7734375,
          725.5859375
        ],
        [
          451.171875,
          705.078125
        ],
        [
          444.3359375,
          705.078125
        ],
        [
          436.5234375,
          698.2421875
        ],
        [
          427.734375,
          697.265625
        ],
        [
          427.734375,
          681.640625
        ],
        [
          439.453125,
          655.2734375
        ],
        [
          439.453125,
          648.4375
        ],
        [
          317.3828125,
          542.96875
        ],
        [
          296.875,
          484.375
        ],
        [
          294.921875,
          453.125
        ],
        [
          287.109375,
          426.7578125
        ],
        [
          264.6484375,
          375.0
        ],
        [
          229.4921875,
          316.40625
        ],
        [
          172.8515625,
          311.5234375
        ],
        [
          133.7890625,
          274.4140625
        ],
        [
          118.1640625,
          248.046875
        ],
        [
          119.140625,
          229.4921875
        ],
        [
          140.625,
          250.0
        ],
        [
          142.578125,
          255.859375
        ],
        [
          148.4375,
          255.859375
        ],
        [
          160.15625,
          244.140625
        ],
        [
          160.15625,
          235.3515625
        ],
        [
          154.296875,
          234.375
        ],
        [
          110.3515625,
          191.40625
        ],
        [
          148.4375,
          157.2265625
        ],
        [
          154.296875,
          156.25
        ],
        [
          154.296875,
          147.4609375
        ],
        [
          143.5546875,
          136.71875
        ],
        [
          136.71875,
          136.71875
        ],
        [
          127.9296875,
          147.4609375
        ],
        [
          75.1953125,
          192.3828125
        ],
        [
          69.3359375,
          185.546875
        ],
        [
          58.59375,
          161.1328125
        ],
        [
          44.921875,
          96.6796875
        ],
        [
          85.9375,
          59.5703125
        ],
        [
          141.6015625,
          55.6640625
        ],
        [
          162.109375,
          34.1796875
        ],
        [
          166.015625,
          17.578125
        ],
        [
          177.734375,
          39.0625
        ],
        [
          212.890625,
          60.546875
        ],
        [
          197.265625,
          137.6953125
        ],
        [
          200.1953125,
          141.6015625
        ],
        [
          225.5859375,
          139.6484375
        ],
        [
          233.3984375,
          149.4140625
        ],
        [
          239.2578125,
          149.4140625
        ],
        [
          239.2578125,
          190.4296875
        ],
        [
          246.09375,
          200.1953125
        ],
        [
          259.765625,
          207.03125
        ],
        [
          280.2734375,
          208.984375
        ],
        [
          287.109375,
          205.078125
        ],
        [
          298.828125,
          204.1015625
        ],
        [
          368.1640625,
          205.078125
        ],
        [
          371.09375,
          202.1484375
        ],
        [
          393.5546875,
          202.1484375
        ],
        [
          408.203125,
          195.3125
        ],
        [
          404.296875,
          161.1328125
        ],
        [
          412.109375,
          170.8984375
        ],
        [
          435.546875,
          173.828125
        ],
        [
          449.21875,
          182.6171875
        ],
        [
          465.8203125,
          184.5703125
        ],
        [
          472.65625,
          231.4453125
        ],
        [
          470.703125,
          259.765625
        ],
        [
          465.8203125,
          263.671875
        ],
        [
          465.8203125,
          269.53125
        ],
        [
          481.4453125,
          276.3671875
        ],
        [
          489.2578125,
          276.3671875
        ],
        [
          490.234375,
          215.8203125
        ],
        [
          486.328125,
          194.3359375
        ],
        [
          496.09375,
          195.3125
        ],
        [
          502.9296875,
          208.984375
        ],
        [
          511.71875,
          215.8203125
        ],
        [
          522.4609375,
          215.8203125
        ],
        [
          531.25,
          208.0078125
        ],
        [
          535.15625,
          197.265625
        ],
        [
          631.8359375,
          200.1953125
        ],
        [
          739.2578125,
          186.5234375
        ],
        [
          780.2734375,
          195.3125
        ],
        [
          797.8515625,
          222.65625
        ],
        [
          800.78125,
          239.2578125
        ],
        [
          842.7734375,
          267.578125
        ],
        [
          908.203125,
          287.109375
        ],
        [
          945.3125,
          337.890625
        ],
        [
          948.2421875,
          374.0234375
        ],
        [
          955.078125,
          399.4140625
        ],
        [
          927.734375,
          457.03125
        ],
        [
          930.6640625,
          505.859375
        ],
        [
          865.234375,
          523.4375
        ],
        [
          865.234375,
          530.2734375
        ],
        [
          875.0,
          542.96875
        ],
        [
          903.3203125,
          601.5625
        ],
        [
          930.6640625,
          622.0703125
        ],
        [
          930.6640625,
          683.59375
        ],
        [
          860.3515625,
          737.3046875
        ],
        [
          841.796875,
          744.140625
        ],
        [
          812.5,
          796.875
        ],
        [
          801.7578125,
          808.59375
        ],
        [
          792.96875,
          814.453125
        ],
        [
          761.71875,
          821.2890625
        ],
        [
          723.6328125,
          875.0
        ],
        [
          723.6328125,
          881.8359375
        ],
        [
          733.3984375,
          898.4375
        ],
        [
          728.515625,
          930.6640625
        ],
        [
          724.609375,
          940.4296875
        ],
        [
          708.0078125,
