{
  "site": {
    "width_m": 1000.0,
    "height_m": 1000.0
  },
  "parcels": [
    {
      "id": "P002",
      "area_px": 9990.0,
      "centroid_norm": [
        0.2634626814314314,
        0.9104780561811812
      ],
      "polygon": [
        [
          281.25,
          975.5859375
        ],
        [
          268.5546875,
          969.7265625
        ],
        [
          248.046875,
          966.796875
        ],
        [
          203.125,
          949.21875
        ],
        [
          244.140625,
          846.6796875
        ],
        [
          324.21875,
          871.09375
        ]
      ]
    },
    {
      "id": "P003",
      "area_px": 42517.0,
      "centroid_norm": [
        0.49135917783621846,
        0.5643491913896206
      ],
      "polygon": [
        [
          306.640625,
          966.796875
        ],
        [
          375.0,
          792.96875
        ],
        [
          382.8125,
          779.296875
        ],
        [
          386.71875,
          763.671875
        ],
        [
          407.2265625,
          768.5546875
        ],
        [
          414.0625,
          773.4375
        ],
        [
          420.8984375,
          773.4375
        ],
        [
          428.7109375,
          765.625
        ],
        [
          428.7109375,
          758.7890625
        ],
        [
          425.78125,
          755.859375
        ],
        [
          416.9921875,
          755.859375
        ],
        [
          393.5546875,
          747.0703125
        ],
        [
          467.7734375,
          560.546875
        ],
        [
          504.8828125,
          572.265625
        ],
        [
          512.6953125,
          572.265625
        ],
        [
          516.6015625,
          566.40625
        ],
        [
          515.625,
          552.734375
        ],
        [
          475.5859375,
          541.015625
        ],
        [
          651.3671875,
          97.65625
        ],
        [
          653.3203125,
          95.703125
        ],
        [
          682.6171875,
          105.46875
        ],
        [
          677.734375,
          118.1640625
        ],
        [
          672.8515625,
          118.1640625
        ],
        [
          594.7265625,
          340.8203125
        ],
        [
          594.7265625,
          349.609375
        ],
        [
          603.515625,
          350.5859375
        ],
        [
          584.9609375,
          393.5546875
        ],
        [
          577.1484375,
          422.8515625
        ],
        [
          439.453125,
          766.6015625
        ],
        [
          439.453125,
          774.4140625
        ],
        [
          443.359375,
          777.34375
        ],
        [
          441.40625,
          783.203125
        ],
        [
          429.6875,
          798.828125
        ],
        [
          405.2734375,
          863.28125
        ],
        [
          400.390625,
          867.1875
        ],
        [
          388.671875,
          891.6015625
        ],
        [
          371.09375,
          940.4296875
        ],
        [
          363.28125,
          952.1484375
        ],
        [
          351.5625,
          950.1953125
        ]
      ]
    },
    {
      "id": "P004",
      "area_px": 11040.0,
      "centroid_norm": [
        0.1611976512964221,
        0.8749363995980526
      ],
      "polygon": [
        [
          183.59375,
          943.359375
        ],
        [
          156.25,
          936.5234375
        ],
        [
          146.484375,
          930.6640625
        ],
        [
          136.71875,
          930.6640625
        ],
        [
          136.71875,
          925.78125
        ],
        [
          132.8125,
          921.875
        ],
        [
          105.46875,
          910.15625
        ],
        [
          105.46875,
          897.4609375
        ],
        [
          115.234375,
          891.6015625
        ],
        [
          115.234375,
          882.8125
        ],
        [
          109.375,
          875.0
        ],
        [
          109.375,
          866.2109375
        ],
        [
          129.8828125,
          810.546875
        ],
        [
          225.5859375,
          839.84375
        ]
      ]
    },
    {
      "id": "P009",
      "area_px": 2097.0,
      "centroid_norm": [
        0.4700255387160229,
        0.8526261474725798
      ],
      "polygon": [
        [
          439.453125,
          873.046875
        ],
        [
          443.359375,
          855.46875
        ],
        [
          435.546875,
          853.515625
        ],
        [
          442.3828125,
          837.890625
        ],
        [
          479.4921875,
          840.8203125
        ],
        [
          489.2578125,
          833.984375
        ],
        [
          500.0,
          834.9609375
        ],
        [
          512.6953125,
          824.21875
        ],
        [
          517.578125,
          836.9140625
        ],
        [
          488.28125,
          858.3984375
        ],
        [
          479.4921875,
          845.703125
        ],
        [
          470.703125,
          847.65625
        ],
        [
          470.703125,
          854.4921875
        ],
        [
          478.515625,
          865.234375
        ],
        [
          456.0546875,
          883.7890625
        ]
      ]
    },
    {
      "id": "P013",
      "area_px": 12885.0,
      "centroid_norm": [
        0.3188899095362825,
        0.7745893662689174
      ],
      "polygon": [
        [
          330.078125,
          855.46875
        ],
        [
          250.0,
          830.078125
        ],
        [
          289.0625,
          731.4453125
        ],
        [
          337.890625,
          721.6796875
        ],
        [
          337.890625,
          714.84375
        ],
        [
          323.2421875,
          704.1015625
        ],
        [
          298.828125,
          707.03125
        ],
        [
          306.640625,
          687.5
        ],
        [
          387.6953125,
          711.9140625
        ]
      ]
    },
    {
      "id": "P017",
      "area_px": 15976.0,
      "centroid_norm": [
        0.21292161631118553,
        0.738682853381635
      ],
      "polygon": [
        [
          231.4453125,
          825.1953125
        ],
        [
          136.71875,
          795.8984375
        ],
        [
          183.59375,
          679.6875
        ],
        [
          197.265625,
          652.34375
        ],
        [
          289.0625,
          681.640625
        ]
      ]
    },
    {
      "id": "P021",
      "area_px": 3091.0,
      "centroid_norm": [
        0.50160559386121,
        0.7708126920899385
      ],
      "polygon": [
        [
          532.2265625,
          797.8515625
        ],
        [
          517.578125,
          803.7109375
        ],
        [
          512.6953125,
          793.9453125
        ],
        [
          504.8828125,
          793.9453125
        ],
        [
          461.9140625,
          775.390625
        ],
        [
          463.8671875,
          758.7890625
        ],
        [
          470.703125,
          742.1875
        ],
        [
          541.9921875,
          763.671875
        ]
      ]
    },
    {
      "id": "P022",
      "area_px": 5050.0,
      "centroid_norm": [
        0.6214277150371287,
        0.6963855584777228
      ],