{
  "site": {
    "width_m": 1000.0,
    "height_m": 1000.0
  },
  "parcels": [
    {
      "id": "P001",
      "area_px": 265568.0,
      "centroid_norm": [
        0.45625810982850906,
        0.6066905011440102
      ],
      "polygon": [
        [
          787.109375,
          870.1171875
        ],
        [
          716.796875,
          826.171875
        ],
        [
          544.921875,
          762.6953125
        ],
        [
          496.09375,
          737.3046875
        ],
        [
          378.90625,
          715.8203125
        ],
        [
          273.4375,
          731.4453125
        ],
        [
          176.7578125,
          760.7421875
        ],
        [
          43.9453125,
          782.2265625
        ],
        [
          8.7890625,
          808.59375
        ],
        [
          13.671875,
          609.375
        ],
        [
          22.4609375,
          547.8515625
        ],
        [
          22.4609375,
          513.671875
        ],
        [
          32.2265625,
          387.6953125
        ],
        [
          56.640625,
          135.7421875
        ],
        [
          102.5390625,
          135.7421875
        ],
        [
          68.359375,
          465.8203125
        ],
        [
          59.5703125,
          483.3984375
        ],
        [
          59.5703125,
          490.234375
        ],
        [
          71.2890625,
          515.625
        ],
        [
          71.2890625,
          529.296875
        ],
        [
          83.0078125,
          557.6171875
        ],
        [
          103.515625,
          581.0546875
        ],
        [
          116.2109375,
          587.890625
        ],
        [
          140.625,
          589.84375
        ],
        [
          152.34375,
          585.9375
        ],
        [
          225.5859375,
          538.0859375
        ],
        [
          419.921875,
          466.796875
        ],
        [
          468.75,
          453.125
        ],
        [
          485.3515625,
          455.078125
        ],
        [
          558.59375,
          441.40625
        ],
        [
          661.1328125,
          443.359375
        ],
        [
          756.8359375,
          455.078125
        ],
        [
          824.21875,
          473.6328125
        ],
        [
          854.4921875,
          492.1875
        ],
        [
          892.578125,
          509.765625
        ],
        [
          828.125,
          746.09375
        ]
      ],
      "land_use": "Commercial"
    },
    {
      "id": "P002",
      "area_px": 87837.0,
      "centroid_norm": [
        0.23343230260667486,
        0.30909432208237986
      ],
      "polygon": [
        [
          106.4453125,
          472.65625
        ],
        [
          94.7265625,
          449.21875
        ],
        [
          91.796875,
          418.9453125
        ],
        [
          120.1171875,
          131.8359375
        ],
        [
          400.390625,
          191.40625
        ],
        [
          371.09375,
          408.203125
        ],
        [
          367.1875,
          413.0859375
        ],
        [
          300.78125,
          440.4296875
        ],
        [
          159.1796875,
          483.3984375
        ],
        [
          158.203125,
          498.046875
        ],
        [
          122.0703125,
          486.328125
        ]
      ],
      "land_use": "Residential"
    },
    {
      "id": "P004",
      "area_px": 51911.0,
      "centroid_norm": [
        0.8181091533164936,
        0.28578595230900006
      ],
      "polygon": [
        [
          904.296875,
          415.0390625
        ],
        [
          896.484375,
          415.0390625
        ],
        [
          859.375,
          401.3671875
        ],
        [
          805.6640625,
          387.6953125
        ],
        [
          691.40625,
          372.0703125
        ],
        [
          686.5234375,
          369.140625
        ],
        [
          683.59375,
          363.28125
        ],
        [
          710.9375,
          183.59375
        ],
        [
          835.9375,
          178.7109375
        ],
        [
          954.1015625,
          193.359375
        ],
        [
          908.203125,
          410.15625
        ]
      ],
      "land_use": "Residential"
    },
    {
      "id": "P005",
      "area_px": 2077.0,
      "centroid_norm": [
        0.5625747585158883,
        0.3956352311025517
      ],
      "polygon": [
        [
          441.40625,
          405.2734375
        ],
        [
          511.71875,
          393.5546875
        ],
        [
          595.703125,
          386.71875
        ],
        [
          664.0625,
          389.6484375
        ],
        [
          667.96875,
          399.4140625
        ],
        [
          645.5078125,
          396.484375
        ],
        [
          566.40625,
          396.484375
        ],
        [
          512.6953125,
          401.3671875
        ],
        [
          478.515625,
          408.203125
        ]
      ],
      "land_use": "Public"
    },
    {
      "id": "P006",
      "area_px": 49214.0,
      "centroid_norm": [
        0.5418691002242756,
        0.2822062827650669
      ],
      "polygon": [
        [
          401.3671875,
          383.7890625
        ],
        [
          426.7578125,
          197.265625
        ],
        [
          685.546875,
          185.546875
        ],
        [
          660.15625,
          358.3984375
        ],
        [
          654.296875,
          367.1875
        ],
        [
          555.6640625,
          367.1875
        ],
        [
          404.296875,
          387.6953125
        ]
      ],
      "land_use": "Public"
    }
  ],
  "target_share": {
    "Residential": 0.6,
    "Commercial": 0.2,
    "Public": 0.1,
    "Green": 0.1
  }
}