{
  "site": {
    "width_m": 1000.0,
    "height_m": 1000.0
  },
  "parcels": [
    {
      "id": "P001",
      "area_px": 3772.0,
      "centroid_norm": [
        0.3588566866052492,
        0.9376038180176299
      ],
      "polygon": [
        [
          299.8046875,
          968.75
        ],
        [
          451.171875,
          851.5625
        ],
        [
          325.1953125,
          994.140625
        ]
      ],
      "land_use": "Commercial"
    },
    {
      "id": "P002",
      "area_px": 91602.0,
      "centroid_norm": [
        0.3673777229720694,
        0.7517716333295125
      ],
      "polygon": [
        [
          166.9921875,
          838.8671875
        ],
        [
          301.7578125,
          609.375
        ],
        [
          318.359375,
          615.234375
        ],
        [
          328.125,
          614.2578125
        ],
        [
          346.6796875,
          561.5234375
        ],
        [
          450.1953125,
          605.46875
        ],
        [
          515.625,
          640.625
        ],
        [
          551.7578125,
          652.34375
        ],
        [
          601.5625,
          673.828125
        ],
        [
          580.078125,
          706.0546875
        ],
        [
          506.8359375,
          789.0625
        ],
        [
          289.0625,
          956.0546875
        ],
        [
          176.7578125,
          844.7265625
        ]
      ],
      "land_use": "Commercial"
    },
    {
      "id": "P004",
      "area_px": 7935.0,
      "centroid_norm": [
        0.6568280610034657,
        0.5348917720148079
      ],
      "polygon": [
        [
          590.8203125,
          594.7265625
        ],
        [
          704.1015625,
          435.546875
        ],
        [
          723.6328125,
          435.546875
        ],
        [
          692.3828125,
          509.765625
        ],
        [
          686.5234375,
          512.6953125
        ],
        [
          661.1328125,
          570.3125
        ],
        [
          654.296875,
          593.75
        ],
        [
          639.6484375,
          617.1875
        ],
        [
          635.7421875,
          618.1640625
        ]
      ],
      "land_use": "Public"
    },
    {
      "id": "P005",
      "area_px": 41777.0,
      "centroid_norm": [
        0.5268128433408334,
        0.46233748814389497
      ],
      "polygon": [
        [
          570.3125,
          583.0078125
        ],
        [
          375.9765625,
          489.2578125
        ],
        [
          437.5,
          387.6953125
        ],
        [
          462.890625,
          358.3984375
        ],
        [
          475.5859375,
          355.46875
        ],
        [
          513.671875,
          366.2109375
        ],
        [
          676.7578125,
          419.921875
        ],
        [
          680.6640625,
          424.8046875
        ],
        [
          678.7109375,
          432.6171875
        ]
      ],
      "land_use": "Commercial"
    },
    {
      "id": "P007",
      "area_px": 12500.0,
      "centroid_norm": [
        0.648523984375,
        0.35045875000000004
      ],
      "polygon": [
        [
          745.1171875,
          338.8671875
        ],
        [
          701.171875,
          401.3671875
        ],
        [
          692.3828125,
          404.296875
        ],
        [
          551.7578125,
          359.375
        ],
        [
          596.6796875,
          296.875
        ]
      ],
      "land_use": "Public"
    },
    {
      "id": "P008",
      "area_px": 8096.0,
      "centroid_norm": [
        0.5641211709486166,
        0.2885412887151062
      ],
      "polygon": [
        [
          479.4921875,
          333.0078125
        ],
        [
          512.6953125,
          293.9453125
        ],
        [
          524.4140625,
          287.109375
        ],
        [
          548.828125,
          258.7890625
        ],
        [
          560.546875,
          250.0
        ],
        [
          598.6328125,
          240.234375
        ],
        [
          612.3046875,
          240.234375
        ],
        [
          660.15625,
          253.90625
        ],
        [
          636.71875,
          288.0859375
        ],
        [
          601.5625,
          277.34375
        ],
        [
          583.0078125,
          277.34375
        ],
        [
          530.2734375,
          351.5625
        ],
        [
          491.2109375,
          339.84375
        ]
      ],
      "land_use": "Residential"
    },
    {
      "id": "P009",
      "area_px": 3802.0,
      "centroid_norm": [
        0.7152613961401894,
        0.2912804424480536
      ],
      "polygon": [
        [
          780.2734375,
          289.0625
        ],
        [
          773.4375,
          299.8046875
        ],
        [
          754.8828125,
          284.1796875
        ],
        [
          743.1640625,
          284.1796875
        ],
        [
          747.0703125,
          298.828125
        ],
        [
          763.671875,
          313.4765625
        ],
        [
          756.8359375,
          322.265625
        ],
        [
          661.1328125,
          294.921875
        ],
        [
          681.640625,
          260.7421875
        ]
      ],
      "land_use": "Residential"
    },
    {
      "id": "P010",
      "area_px": 16258.0,
      "centroid_norm": [
        0.7195977797468939,
        0.19556724237682988
      ],
      "polygon": [
        [
          821.2890625,
          189.453125
        ],
        [
          796.875,
          260.7421875
        ],
        [
          650.390625,
          218.75
        ],
        [
          627.9296875,
          208.0078125
        ],
        [
          614.2578125,
          191.40625
        ],
        [
          615.234375,
          186.5234375
        ],
        [
          643.5546875,
          156.25
        ],
        [
          648.4375,
          144.53125
        ],
        [
          660.15625,
          132.8125
        ],
        [
          674.8046875,
          130.859375
        ]
      ],
      "land_use": "Residential"
    },
    {
      "id": "P011",
      "area_px": 6628.0,
      "centroid_norm": [
        0.6443285116173808,
        0.09096264191686787
      ],
      "polygon": [
        [
          536.1328125,
          227.5390625
        ],
        [
          609.375,
          111.328125
        ],
        [
          685.546875,
          7.8125
        ],
        [
          718.75,
          40.0390625
        ],
        [
          645.5078125,
          108.3984375
        ]
      ],
      "land_use": "Green"
    },
    {
      "id": "P012",
      "area_px": 6943.0,
      "centroid_norm": [
        0.7575721218763503,
        0.1154650479799798
      ],
      "polygon": [
        [
          828.125,
          169.921875
        ],
        [
          681.640625,
          111.328125
        ],
        [
          738.28125,
          59.5703125
        ],
        [
          833.0078125,
          152.34375
        ]
      ],
      "land_use": "Residential"
    }
  ],
  "target_share": {
    "Residential": 0.6,
    "Commercial": 0.2,
    "Public": 0.1,
    "Green": 0.1
  }
}