{
  "site": {
    "width_m": 1000.0,
    "height_m": 1000.0
  },
  "parcels": [
    {
      "id": "P001",
      "area_px": 181725.0,
      "centroid_norm": [
        0.7653504232442564,
        0.47154590018400055
      ],
      "polygon": [
        [
          867.1875,
          774.4140625
        ],
        [
          856.4453125,
          772.4609375
        ],
        [
          841.796875,
          760.7421875
        ],
        [
          829.1015625,
          760.7421875
        ],
        [
          819.3359375,
          754.8828125
        ],
        [
          798.828125,
          758.7890625
        ],
        [
          771.484375,
          741.2109375
        ],
        [
          759.765625,
          737.3046875
        ],
        [
          741.2109375,
          723.6328125
        ],
        [
          724.609375,
          716.796875
        ],
        [
          678.7109375,
          716.796875
        ],
        [
          671.875,
          711.9140625
        ],
        [
          655.2734375,
          711.9140625
        ],
        [
          644.53125,
          721.6796875
        ],
        [
          639.6484375,
          719.7265625
        ],
        [
          632.8125,
          678.7109375
        ],
        [
          652.34375,
          641.6015625
        ],
        [
          650.390625,
          583.984375
        ],
        [
          641.6015625,
          582.03125
        ],
        [
          638.671875,
          584.9609375
        ],
        [
          640.625,
          620.1171875
        ],
        [
          628.90625,
          641.6015625
        ],
        [
          628.90625,
          655.2734375
        ],
        [
          625.9765625,
          660.15625
        ],
        [
          580.078125,
          438.4765625
        ],
        [
          581.0546875,
          422.8515625
        ],
        [
          569.3359375,
          408.203125
        ],
        [
          564.453125,
          407.2265625
        ],
        [
          547.8515625,
          381.8359375
        ],
        [
          541.9921875,
          381.8359375
        ],
        [
          538.0859375,
          372.0703125
        ],
        [
          528.3203125,
          361.328125
        ],
        [
          529.296875,
          351.5625
        ],
        [
          486.328125,
          275.390625
        ],
        [
          466.796875,
          259.765625
        ],
        [
          461.9140625,
          259.765625
        ],
        [
          487.3046875,
          221.6796875
        ],
        [
          532.2265625,
          222.65625
        ],
        [
          848.6328125,
          290.0390625
        ],
        [
          985.3515625,
          293.9453125
        ],
        [
          982.421875,
          438.4765625
        ],
        [
          971.6796875,
          554.6875
        ],
        [
          971.6796875,
          629.8828125
        ],
        [
          963.8671875,
          645.5078125
        ],
        [
          937.5,
          667.96875
        ],
        [
          898.4375,
          633.7890625
        ],
        [
          836.9140625,
          566.40625
        ],
        [
          753.90625,
          496.09375
        ],
        [
          662.109375,
          431.640625
        ],
        [
          649.4140625,
          416.9921875
        ],
        [
          635.7421875,
          408.203125
        ],
        [
          615.234375,
          402.34375
        ],
        [
          599.609375,
          392.578125
        ],
        [
          588.8671875,
          391.6015625
        ],
        [
          585.9375,
          395.5078125
        ],
        [
          589.84375,
          407.2265625
        ],
        [
          673.828125,
          456.0546875
        ],
        [
          725.5859375,
          493.1640625
        ],
        [
          803.7109375,
          556.640625
        ],
        [
          833.984375,
          583.984375
        ],
        [
          920.8984375,
          681.640625
        ],
        [
          907.2265625,
          693.359375
        ],
        [
          887.6953125,
          702.1484375
        ],
        [
          879.8828125,
          724.609375
        ],
        [
          882.8125,
          738.28125
        ],
        [
          880.859375,
          759.765625
        ]
      ],
      "land_use": "Commercial"
    },
    {
      "id": "P002",
      "area_px": 13116.0,
      "centroid_norm": [
        0.156946161891964,
        0.6688925977813358
      ],
      "polygon": [
        [
          112.3046875,
          744.140625
        ],
        [
          109.375,
          738.28125
        ],
        [
          115.234375,
          674.8046875
        ],
        [
          124.0234375,
          648.4375
        ],
        [
          124.0234375,
          623.046875
        ],
        [
          117.1875,
          603.515625
        ],
        [
          109.375,
          603.515625
        ],
        [
          105.46875,
          610.3515625
        ],
        [
          97.65625,
          600.5859375
        ],
        [
          96.6796875,
          571.2890625
        ],
        [
          102.5390625,
          575.1953125
        ],
        [
          109.375,
          575.1953125
        ],
        [
          102.5390625,
          577.1484375
        ],
        [
          100.5859375,
          586.9140625
        ],
        [
          101.5625,
          595.703125
        ],
        [
          109.375,
          602.5390625
        ],
        [
          120.1171875,
          601.5625
        ],
        [
          121.09375,
          586.9140625
        ],
        [
          125.0,
          590.8203125
        ],
        [
          132.8125,
          589.84375
        ],
        [
          137.6953125,
          574.21875
        ],
        [
          152.34375,
          574.21875
        ],
        [
          157.2265625,
          580.078125
        ],
        [
          163.0859375,
          581.0546875
        ],
        [
          166.015625,
          596.6796875
        ],
        [
          188.4765625,
          636.71875
        ],
        [
          195.3125,
          641.6015625
        ],
        [
          222.65625,
          694.3359375
        ],
        [
          214.84375,
          685.546875
        ],
        [
          208.984375,
          685.546875
        ],
        [
          206.0546875,
          689.453125
        ],
        [
          206.0546875,
          698.2421875
        ],
        [
          212.890625,
          706.0546875
        ],
        [
          217.7734375,
          731.4453125
        ],
        [
          202.1484375,
          729.4921875
        ],
        [
          180.6640625,
          734.375
        ],
        [
          134.765625,
          737.3046875
        ]
      ],
      "land_use": "Residential"
    },
    {
      "id": "P003",
      "area_px": 6232.0,
      "centroid_norm": [
        0.058949461950417205,
        0.6438354962291399
      ],