{
  "site": {
    "width_m": 1000.0,
    "height_m": 1000.0
  },
  "parcels": [
    {
      "id": "P002",
      "area_px": 6968.0,
      "centroid_norm": [
        0.30659507637593286,
        0.7090831804768226
      ],
      "polygon": [
        [
          237.3046875,
          858.3984375
        ],
        [
          248.046875,
          837.890625
        ],
        [
          333.984375,
          600.5859375
        ],
        [
          368.1640625,
          568.359375
        ],
        [
          374.0234375,
          566.40625
        ],
        [
          317.3828125,
          710.9375
        ],
        [
          281.25,
          813.4765625
        ],
        [
          276.3671875,
          819.3359375
        ],
        [
          270.5078125,
          813.4765625
        ],
        [
          263.671875,
          813.4765625
        ],
        [
          260.7421875,
          818.359375
        ],
        [
          260.7421875,
          829.1015625
        ],
        [
          269.53125,
          836.9140625
        ],
        [
          269.53125,
          840.8203125
        ]
      ],
      "land_use": "Residential"
    },
    {
      "id": "P044",
      "area_px": 154284.0,
      "centroid_norm": [
        0.6219140526257584,
        0.30053536239378353
      ],
      "polygon": [
        [
          536.1328125,
          598.6328125
        ],
        [
          497.0703125,
          467.7734375
        ],
        [
          487.3046875,
          466.796875
        ],
        [
          479.4921875,
          477.5390625
        ],
        [
          452.1484375,
          443.359375
        ],
        [
          443.359375,
          440.4296875
        ],
        [
          434.5703125,
          454.1015625
        ],
        [
          431.640625,
          469.7265625
        ],
        [
          425.78125,
          471.6796875
        ],
        [
          451.171875,
          405.2734375
        ],
        [
          455.078125,
          379.8828125
        ],
        [
          481.4453125,
          465.8203125
        ],
        [
          490.234375,
          466.796875
        ],
        [
          493.1640625,
          462.890625
        ],
        [
          490.234375,
          444.3359375
        ],
        [
          464.84375,
          364.2578125
        ],
        [
          456.0546875,
          358.3984375
        ],
        [
          443.359375,
          360.3515625
        ],
        [
          437.5,
          396.484375
        ],
        [
          431.640625,
          412.109375
        ],
        [
          430.6640625,
          405.2734375
        ],
        [
          423.828125,
          405.2734375
        ],
        [
          403.3203125,
          430.6640625
        ],
        [
          409.1796875,
          411.1328125
        ],
        [
          406.25,
          384.765625
        ],
        [
          402.34375,
          380.859375
        ],
        [
          415.0390625,
          371.09375
        ],
        [
          417.96875,
          333.984375
        ],
        [
          407.2265625,
          314.453125
        ],
        [
          399.4140625,
          307.6171875
        ],
        [
          402.34375,
          292.96875
        ],
        [
          401.3671875,
          254.8828125
        ],
        [
          388.671875,
          232.421875
        ],
        [
          372.0703125,
          213.8671875
        ],
        [
          353.515625,
          155.2734375
        ],
        [
          371.09375,
          150.390625
        ],
        [
          399.4140625,
          165.0390625
        ],
        [
          402.34375,
          171.875
        ],
        [
          411.1328125,
          171.875
        ],
        [
          686.5234375,
          72.265625
        ],
        [
          714.84375,
          77.1484375
        ],
        [
          741.2109375,
          91.796875
        ],
        [
          727.5390625,
          99.609375
        ],
        [
          726.5625,
          108.3984375
        ],
        [
          750.0,
          139.6484375
        ],
        [
          752.9296875,
          151.3671875
        ],
        [
          832.03125,
          289.0625
        ],
        [
          867.1875,
          284.1796875
        ],
        [
          882.8125,
          312.5
        ],
        [
          945.3125,
          390.625
        ],
        [
          938.4765625,
          392.578125
        ],
        [
          933.59375,
          398.4375
        ],
        [
          933.59375,
          405.2734375
        ],
        [
          943.359375,
          406.25
        ],
        [
          953.125,
          400.390625
        ],
        [
          986.328125,
          445.3125
        ],
        [
          965.8203125,
          456.0546875
        ],
        [
          957.03125,
          438.4765625
        ],
        [
          889.6484375,
          348.6328125
        ],
        [
          881.8359375,
          347.65625
        ],
        [
          767.578125,
          446.2890625
        ],
        [
          624.0234375,
          476.5625
        ],
        [
          614.2578125,
          464.84375
        ],
        [
          608.3984375,
          464.84375
        ],
        [
          609.375,
          480.46875
        ],
        [
          563.4765625,
          503.90625
        ],
        [
          563.4765625,
          510.7421875
        ],
        [
          579.1015625,
          552.734375
        ]
      ],
      "land_use": "Commercial"
    },
    {
      "id": "P083",
      "area_px": 2977.0,
      "centroid_norm": [
        0.8271500776788714,
        0.43632136746305006
      ],
      "polygon": [
        [
          779.296875,
          461.9140625
        ],
        [
          779.296875,
          453.125
        ],
        [
          841.796875,
          399.4140625
        ],
        [
          871.09375,
          444.3359375
        ],
        [
          788.0859375,
          462.890625
        ]
      ],
      "land_use": "Public"
    }
  ]
}