{
  "site": {
    "width_m": 1000.0,
    "height_m": 1000.0
  },
  "parcels": [
    {
      "id": "P001",
      "area_px": 5841.0,
      "centroid_norm": [
        0.5750644019645609,
        0.9312151239620784
      ],
      "polygon": [
        [
          587.890625,
          996.09375
        ],
        [
          561.5234375,
          993.1640625
        ],
        [
          556.640625,
          985.3515625
        ],
        [
          557.6171875,
          958.0078125
        ],
        [
          547.8515625,
          938.4765625
        ],
        [
          549.8046875,
          916.9921875
        ],
        [
          557.6171875,
          898.4375
        ],
        [
          557.6171875,
          890.625
        ],
        [
          545.8984375,
          864.2578125
        ],
        [
          568.359375,
          861.328125
        ],
        [
          583.0078125,
          871.09375
        ],
        [
          604.4921875,
          894.53125
        ],
        [
          590.8203125,
          913.0859375
        ],
        [
          587.890625,
          946.2890625
        ],
        [
          602.5390625,
          957.03125
        ],
        [
          606.4453125,
          962.890625
        ],
        [
          606.4453125,
          971.6796875
        ],
        [
          602.5390625,
          975.5859375
        ],
        [
          603.515625,
          989.2578125
        ]
      ],
      "land_use": "Residential"
    },
    {
      "id": "P002",
      "area_px": 21607.0,
      "centroid_norm": [
        0.6158193995290878,
        0.8623365058921877
      ],
      "polygon": [
        [
          727.5390625,
          895.5078125
        ],
        [
          718.75,
          917.96875
        ],
        [
          700.1953125,
          938.4765625
        ],
        [
          678.7109375,
          946.2890625
        ],
        [
          656.25,
          967.7734375
        ],
        [
          646.484375,
          981.4453125
        ],
        [
          634.765625,
          986.328125
        ],
        [
          625.0,
          985.3515625
        ],
        [
          625.9765625,
          956.0546875
        ],
        [
          617.1875,
          944.3359375
        ],
        [
          607.421875,
          938.4765625
        ],
        [
          611.328125,
          917.96875
        ],
        [
          625.9765625,
          901.3671875
        ],
        [
          625.9765625,
          889.6484375
        ],
        [
          597.65625,
          859.375
        ],
        [
          575.1953125,
          845.703125
        ],
        [
          560.546875,
          845.703125
        ],
        [
          547.8515625,
          850.5859375
        ],
        [
          538.0859375,
          850.5859375
        ],
        [
          534.1796875,
          847.65625
        ],
        [
          522.4609375,
          849.609375
        ],
        [
          498.046875,
          840.8203125
        ],
        [
          454.1015625,
          816.40625
        ],
        [
          483.3984375,
          808.59375
        ],
        [
          485.3515625,
          802.734375
        ],
        [
          511.71875,
          802.734375
        ],
        [
          514.6484375,
          800.78125
        ],
        [
          514.6484375,
          793.9453125
        ],
        [
          545.8984375,
          791.015625
        ],
        [
          560.546875,
          793.9453125
        ],
        [
          567.3828125,
          789.0625
        ],
        [
          604.4921875,
          785.15625
        ],
        [
          607.421875,
          776.3671875
        ],
        [
          595.703125,
          766.6015625
        ],
        [
          597.65625,
          750.9765625
        ],
        [
          603.515625,
          744.140625
        ],
        [
          622.0703125,
          748.046875
        ],
        [
          635.7421875,
          808.59375
        ],
        [
          677.734375,
          861.328125
        ]
      ],
      "land_use": "Commercial"
    },
    {
      "id": "P058",
      "area_px": 32462.0,
      "centroid_norm": [
        0.4051113489426098,
        0.5648001353024306
      ],
      "polygon": [
        [
          291.9921875,
          700.1953125
        ],
        [
          293.9453125,
          677.734375
        ],
        [
          289.0625,
          643.5546875
        ],
        [
          331.0546875,
          520.5078125
        ],
        [
          333.984375,
          482.421875
        ],
        [
          477.5390625,
          485.3515625
        ],
        [
          528.3203125,
          482.421875
        ],
        [
          526.3671875,
          497.0703125
        ],
        [
          533.203125,
          523.4375
        ],
        [
          519.53125,
          523.4375
        ],
        [
          518.5546875,
          538.0859375
        ],
        [
          536.1328125,
          539.0625
        ],
        [
          536.1328125,
          543.9453125
        ],
        [
          542.96875,
          553.7109375
        ],
        [
          552.734375,
          590.8203125
        ],
        [
          541.015625,
          592.7734375
        ],
        [
          520.5078125,
          588.8671875
        ],
        [
          454.1015625,
          591.796875
        ],
        [
          404.296875,
          589.84375
        ],
        [
          403.3203125,
          600.5859375
        ],
        [
          417.96875,
          602.5390625
        ],
        [
          400.390625,
          603.515625
        ],
        [
          379.8828125,
          625.0
        ],
        [
          358.3984375,
          657.2265625
        ],
        [
          359.375,
          670.8984375
        ],
        [
          344.7265625,
          676.7578125
        ],
        [
          344.7265625,
          683.59375
        ],
        [
          350.5859375,
          687.5
        ],
        [
          340.8203125,
          696.2890625
        ],
        [
          322.265625,
          696.2890625
        ],
        [
          320.3125,
          692.3828125
        ],
        [
          304.6875,
          691.40625
        ],
        [
          302.734375,
          700.1953125
        ]
      ],
      "land_use": "Green"
    },
    {
      "id": "P071",
      "area_px": 1945.0,
      "centroid_norm": [
        0.40764178984575833,
        0.6564980318123393
      ],
      "polygon": [
        [
          374.0234375,
          679.6875
        ],
        [
          376.953125,
          677.734375
        ],
        [
          376.953125,
          665.0390625
        ],
        [
          374.0234375,
          663.0859375
        ],
        [
          386.71875,
          642.578125
        ],
        [
          410.15625,
          643.5546875
        ],
        [
          413.0859375,
          636.71875
        ],
        [
          416.9921875,
          642.578125
        ],
        [
          434.5703125,
          638.671875
        ],
        [
          451.171875,
          647.4609375
        ],
        [
          452.1484375,
          651.3671875
        ],
        [
          399.4140625,
          670.8984375
        ],
        [
          386.71875,
          681.640625
        ]
      ],
      "land_use": "Public"
    },
    {
      "id": "P106",
      "area_px": 22840.0,
      "centroid_norm": [
        0.4323609039787653,
        0.4110186094160464
      ],