{
  "site": {
    "width_m": 1000.0,
    "height_m": 1000.0
  },
  "parcels": [
    {
      "id": "P007",
      "area_px": 6507.0,
      "centroid_norm": [
        0.3672972075745351,
        0.8738292355828339
      ],
      "polygon": [
        [
          334.9609375,
          915.0390625
        ],
        [
          332.03125,
          910.15625
        ],
        [
          333.0078125,
          903.3203125
        ],
        [
          327.1484375,
          897.4609375
        ],
        [
          327.1484375,
          890.625
        ],
        [
          322.265625,
          882.8125
        ],
        [
          323.2421875,
          875.9765625
        ],
        [
          332.03125,
          873.046875
        ],
        [
          330.078125,
          863.28125
        ],
        [
          315.4296875,
          859.375
        ],
        [
          306.640625,
          835.9375
        ],
        [
          410.15625,
          835.9375
        ],
        [
          411.1328125,
          863.28125
        ],
        [
          417.96875,
          867.1875
        ],
        [
          403.3203125,
          867.1875
        ],
        [
          400.390625,
          863.28125
        ],
        [
          375.9765625,
          863.28125
        ],
        [
          373.046875,
          867.1875
        ],
        [
          367.1875,
          854.4921875
        ],
        [
          350.5859375,
          854.4921875
        ],
        [
          348.6328125,
          861.328125
        ],
        [
          336.9140625,
          865.234375
        ],
        [
          336.9140625,
          875.9765625
        ],
        [
          418.9453125,
          877.9296875
        ],
        [
          417.96875,
          911.1328125
        ]
      ],
      "land_use": "Residential"
    },
    {
      "id": "P016",
      "area_px": 1551.0,
      "centroid_norm": [
        0.3240046744036106,
        0.8044047942859446
      ],
      "polygon": [
        [
          298.828125,
          817.3828125
        ],
        [
          304.6875,
          789.0625
        ],
        [
          345.703125,
          790.0390625
        ],
        [
          347.65625,
          818.359375
        ],
        [
          304.6875,
          820.3125
        ]
      ],
      "land_use": "Green"
    },
    {
      "id": "P038",
      "area_px": 2343.0,
      "centroid_norm": [
        0.41630446742957744,
        0.6696542893725992
      ],
      "polygon": [
        [
          456.0546875,
          699.21875
        ],
        [
          408.203125,
          688.4765625
        ],
        [
          406.25,
          684.5703125
        ],
        [
          392.578125,
          677.734375
        ],
        [
          387.6953125,
          665.0390625
        ],
        [
          376.953125,
          656.25
        ],
        [
          394.53125,
          652.34375
        ],
        [
          402.34375,
          645.5078125
        ],
        [
          436.5234375,
          648.4375
        ],
        [
          433.59375,
          651.3671875
        ],
        [
          433.59375,
          660.15625
        ],
        [
          441.40625,
          671.875
        ],
        [
          443.359375,
          684.5703125
        ]
      ],
      "land_use": "Public"
    },
    {
      "id": "P047",
      "area_px": 2075.0,
      "centroid_norm": [
        0.3976976656626506,
        0.594332172439759
      ],
      "polygon": [
        [
          345.703125,
          621.09375
        ],
        [
          346.6796875,
          605.46875
        ],
        [
          368.1640625,
          604.4921875
        ],
        [
          368.1640625,
          597.65625
        ],
        [
          364.2578125,
          594.7265625
        ],
        [
          352.5390625,
          594.7265625
        ],
        [
          357.421875,
          584.9609375
        ],
        [
          366.2109375,
          585.9375
        ],
        [
          368.1640625,
          579.1015625
        ],
        [
          379.8828125,
          584.9609375
        ],
        [
          389.6484375,
          583.984375
        ],
        [
          390.625,
          580.078125
        ],
        [
          401.3671875,
          582.03125
        ],
        [
          404.296875,
          580.078125
        ],
        [
          404.296875,
          574.21875
        ],
        [
          392.578125,
          567.3828125
        ],
        [
          397.4609375,
          565.4296875
        ],
        [
          426.7578125,
          577.1484375
        ],
        [
          421.875,
          581.0546875
        ],
        [
          402.34375,
          581.0546875
        ],
        [
          401.3671875,
          587.890625
        ],
        [
          398.4375,
          588.8671875
        ],
        [
          399.4140625,
          596.6796875
        ],
        [
          414.0625,
          596.6796875
        ],
        [
          427.734375,
          589.84375
        ],
        [
          430.6640625,
          595.703125
        ],
        [
          439.453125,
          595.703125
        ],
        [
          446.2890625,
          589.84375
        ],
        [
          479.4921875,
          598.6328125
        ],
        [
          444.3359375,
          599.609375
        ],
        [
          399.4140625,
          606.4453125
        ],
        [
          394.53125,
          598.6328125
        ],
        [
          381.8359375,
          596.6796875
        ],
        [
          379.8828125,
          604.4921875
        ],
        [
          383.7890625,
          608.3984375
        ],
        [
          375.0,
          611.328125
        ],
        [
          358.3984375,
          608.3984375
        ],
        [
          356.4453125,
          617.1875
        ]
      ],
      "land_use": "Public"
    },
    {
      "id": "P061",
      "area_px": 89509.0,
      "centroid_norm": [
        0.5609674201756248,
        0.3493463624293367
      ],
      "polygon": [
        [
          640.625,
          537.109375
        ],
        [
          458.0078125,
          523.4375
        ],
        [
          387.6953125,
          521.484375
        ],
        [
          404.296875,
          480.46875
        ],
        [
          487.3046875,
          305.6640625
        ],
        [
          487.3046875,
          297.8515625
        ],
        [
          385.7421875,
          286.1328125
        ],
        [
          388.671875,
          279.296875
        ],
        [
          392.578125,
          278.3203125
        ],
        [
          434.5703125,
          290.0390625
        ],
        [
          442.3828125,
          288.0859375
        ],
        [
          466.796875,
          168.9453125
        ],
        [
          715.8203125,
          173.828125
        ],
        [
          713.8671875,
          221.6796875
        ],
        [
          677.734375,
          335.9375
        ],
        [
          659.1796875,
          383.7890625
        ],
        [
          665.0390625,
          446.2890625
        ],
        [
          660.15625,
          460.9375
        ],
        [
          660.15625,
          483.3984375
        ]
      ],
      "land_use": "Commercial"
    },
    {
      "id": "P072",
      "area_px": 1775.0,
      "centroid_norm": [
        0.3925115536971831,
        0.3198591549295775
      ],
      "polygon": [
        [
          403.3203125,
          340.8203125
        ],
        [
          361.328125,
          336.9140625
        ],
        [
          380.859375,
          297.8515625
        ],
        [
          421.875,
          302.734375
        ]
      ],
      "land_use": "Residential"
    },
    {
      "id": "P074",