{
  "site": {
    "width_m": 1000.0,
    "height_m": 1000.0
  },
  "parcels": [
    {
      "id": "P001",
      "area_px": 56717.0,
      "centroid_norm": [
        0.7201488895800642,
        0.8211440855750921
      ],
      "polygon": [
        [
          830.078125,
          969.7265625
        ],
        [
          808.59375,
          969.7265625
        ],
        [
          736.328125,
          946.2890625
        ],
        [
          735.3515625,
          938.4765625
        ],
        [
          631.8359375,
          906.25
        ],
        [
          631.8359375,
          891.6015625
        ],
        [
          615.234375,
          889.6484375
        ],
        [
          613.28125,
          895.5078125
        ],
        [
          591.796875,
          892.578125
        ],
        [
          590.8203125,
          878.90625
        ],
        [
          583.0078125,
          878.90625
        ],
        [
          579.1015625,
          889.6484375
        ],
        [
          571.2890625,
          889.6484375
        ],
        [
          575.1953125,
          884.765625
        ],
        [
          578.125,
          865.234375
        ],
        [
          627.9296875,
          703.125
        ],
        [
          647.4609375,
          663.0859375
        ],
        [
          695.3125,
          685.546875
        ],
        [
          690.4296875,
          696.2890625
        ],
        [
          692.3828125,
          707.03125
        ],
        [
          707.03125,
          709.9609375
        ],
        [
          715.8203125,
          694.3359375
        ],
        [
          718.75,
          696.2890625
        ],
        [
          712.890625,
          713.8671875
        ],
        [
          721.6796875,
          716.796875
        ],
        [
          731.4453125,
          702.1484375
        ],
        [
          727.5390625,
          713.8671875
        ],
        [
          729.4921875,
          723.6328125
        ],
        [
          738.28125,
          722.65625
        ],
        [
          744.140625,
          708.0078125
        ],
        [
          860.3515625,
          753.90625
        ],
        [
          847.65625,
          801.7578125
        ],
        [
          830.078125,
          845.703125
        ],
        [
          825.1953125,
          875.0
        ],
        [
          822.265625,
          913.0859375
        ]
      ],
      "land_use": "Commercial"
    },
    {
      "id": "P003",
      "area_px": 4284.0,
      "centroid_norm": [
        0.8410895282592203,
        0.6915936296393557
      ],
      "polygon": [
        [
          863.28125,
          737.3046875
        ],
        [
          805.6640625,
          715.8203125
        ],
        [
          815.4296875,
          688.4765625
        ],
        [
          817.3828125,
          652.34375
        ],
        [
          870.1171875,
          657.2265625
        ]
      ],
      "land_use": "Residential"
    },
    {
      "id": "P004",
      "area_px": 2380.0,
      "centroid_norm": [
        0.9066246225052521,
        0.6803989955357144
      ],
      "polygon": [
        [
          915.0390625,
          711.9140625
        ],
        [
          879.8828125,
          698.2421875
        ],
        [
          883.7890625,
          657.2265625
        ],
        [
          938.4765625,
          662.109375
        ],
        [
          936.5234375,
          687.5
        ],
        [
          918.9453125,
          688.4765625
        ]
      ],
      "land_use": "Residential"
    },
    {
      "id": "P019",
      "area_px": 7562.0,
      "centroid_norm": [
        0.9159923796614652,
        0.5840126568285506
      ],
      "polygon": [
        [
          941.40625,
          648.4375
        ],
        [
          884.765625,
          643.5546875
        ],
        [
          896.484375,
          498.046875
        ],
        [
          949.21875,
          549.8046875
        ]
      ],
      "land_use": "Residential"
    },
    {
      "id": "P022",
      "area_px": 7212.0,
      "centroid_norm": [
        0.8498929193531614,
        0.5766598854339988
      ],
      "polygon": [
        [
          870.1171875,
          642.578125
        ],
        [
          819.3359375,
          637.6953125
        ],
        [
          829.1015625,
          510.7421875
        ],
        [
          880.859375,
          515.625
        ]
      ],
      "land_use": "Residential"
    },
    {
      "id": "P074",
      "area_px": 8787.0,
      "centroid_norm": [
        0.6630324805109822,
        0.46913853562080343
      ],
      "polygon": [
        [
          680.6640625,
          544.921875
        ],
        [
          629.8828125,
          512.6953125
        ],
        [
          649.4140625,
          479.4921875
        ],
        [
          649.4140625,
          472.65625
        ],
        [
          604.4921875,
          443.359375
        ],
        [
          627.9296875,
          402.34375
        ],
        [
          670.8984375,
          420.8984375
        ],
        [
          694.3359375,
          418.9453125
        ],
        [
          706.0546875,
          498.046875
        ],
        [
          703.125,
          507.8125
        ]
      ],
      "land_use": "Public"
    },
    {
      "id": "P088",
      "area_px": 219105.0,
      "centroid_norm": [
        0.40950922413768515,
        0.23813612391176608
      ],
      "polygon": [
        [
          990.234375,
          521.484375
        ],
        [
          958.0078125,
          522.4609375
        ],
        [
          911.1328125,
          476.5625
        ],
        [
          875.0,
          446.2890625
        ],
        [
          801.7578125,
          398.4375
        ],
        [
          818.359375,
          368.1640625
        ],
        [
          818.359375,
          360.3515625
        ],
        [
          802.734375,
          349.609375
        ],
        [
          792.96875,
          351.5625
        ],
        [
          774.4140625,
          383.7890625
        ],
        [
          738.28125,
          366.2109375
        ],
        [
          671.875,
          342.7734375
        ],
        [
          619.140625,
          330.078125
        ],
        [
          564.453125,
          322.265625
        ],
        [
          445.3125,
          322.265625
        ],
        [
          401.3671875,
          328.125
        ],
        [
          344.7265625,
          340.8203125
        ],
        [
          276.3671875,
          364.2578125
        ],
        [
          108.3984375,
          444.3359375
        ],
        [
          77.1484375,
          288.0859375
        ],
        [
          13.671875,
          76.171875
        ],
        [
          95.703125,
          50.78125
        ],
        [
          224.609375,
          29.296875
        ],
        [
          369.140625,
          55.6640625
        ],
        [
          432.6171875,
          87.890625
        ],
        [
          647.4609375,
          167.96875
        ],
        [
          869.140625,
          306.640625
        ],
        [
          908.203125,
          345.703125
        ],
        [
          930.6640625,
          373.046875
        ]
      ],
      "land_use": "Green"
    },
    {
      "id": "P092",
      "area_px": 2583.0,
      "centroid_norm": [
        0.15296341160956253,
        0.48458898930507166
      ],