{
  "site": {
    "width_m": 1000.0,
    "height_m": 1000.0
  },
  "parcels": [
    {
      "id": "P013",
      "area_px": 188314.0,
      "centroid_norm": [
        0.7012483191720345,
        0.5226820090049067
      ],
      "polygon": [
        [
          877.9296875,
          753.90625
        ],
        [
          855.46875,
          751.953125
        ],
        [
          828.125,
          763.671875
        ],
        [
          808.59375,
          763.671875
        ],
        [
          806.640625,
          759.765625
        ],
        [
          798.828125,
          760.7421875
        ],
        [
          790.0390625,
          730.46875
        ],
        [
          783.203125,
          730.46875
        ],
        [
          758.7890625,
          744.140625
        ],
        [
          751.953125,
          745.1171875
        ],
        [
          736.328125,
          727.5390625
        ],
        [
          741.2109375,
          722.65625
        ],
        [
          739.2578125,
          705.078125
        ],
        [
          658.203125,
          711.9140625
        ],
        [
          653.3203125,
          725.5859375
        ],
        [
          635.7421875,
          747.0703125
        ],
        [
          635.7421875,
          740.234375
        ],
        [
          627.9296875,
          738.28125
        ],
        [
          616.2109375,
          750.0
        ],
        [
          596.6796875,
          750.0
        ],
        [
          595.703125,
          748.046875
        ],
        [
          609.375,
          748.046875
        ],
        [
          607.421875,
          737.3046875
        ],
        [
          598.6328125,
          732.421875
        ],
        [
          614.2578125,
          731.4453125
        ],
        [
          618.1640625,
          725.5859375
        ],
        [
          619.140625,
          711.9140625
        ],
        [
          607.421875,
          710.9375
        ],
        [
          609.375,
          696.2890625
        ],
        [
          601.5625,
          695.3125
        ],
        [
          591.796875,
          716.796875
        ],
        [
          591.796875,
          704.1015625
        ],
        [
          595.703125,
          698.2421875
        ],
        [
          593.75,
          687.5
        ],
        [
          587.890625,
          687.5
        ],
        [
          581.0546875,
          701.171875
        ],
        [
          579.1015625,
          699.21875
        ],
        [
          584.9609375,
          679.6875
        ],
        [
          598.6328125,
          675.78125
        ],
        [
          602.5390625,
          670.8984375
        ],
        [
          602.5390625,
          664.0625
        ],
        [
          593.75,
          662.109375
        ],
        [
          589.84375,
          665.0390625
        ],
        [
          595.703125,
          655.2734375
        ],
        [
          595.703125,
          646.484375
        ],
        [
          593.75,
          643.5546875
        ],
        [
          584.9609375,
          646.484375
        ],
        [
          578.125,
          637.6953125
        ],
        [
          569.3359375,
          637.6953125
        ],
        [
          567.3828125,
          649.4140625
        ],
        [
          577.1484375,
          661.1328125
        ],
        [
          576.171875,
          664.0625
        ],
        [
          565.4296875,
          664.0625
        ],
        [
          565.4296875,
          674.8046875
        ],
        [
          570.3125,
          680.6640625
        ],
        [
          553.7109375,
          727.5390625
        ],
        [
          544.921875,
          708.0078125
        ],
        [
          553.7109375,
          694.3359375
        ],
        [
          562.5,
          665.0390625
        ],
        [
          562.5,
          658.203125
        ],
        [
          554.6875,
          656.25
        ],
        [
          538.0859375,
          692.3828125
        ],
        [
          528.3203125,
          671.875
        ],
        [
          519.53125,
          670.8984375
        ],
        [
          518.5546875,
          680.6640625
        ],
        [
          529.296875,
          704.1015625
        ],
        [
          519.53125,
          684.5703125
        ],
        [
          510.7421875,
          684.5703125
        ],
        [
          510.7421875,
          695.3125
        ],
        [
          520.5078125,
          716.796875
        ],
        [
          511.71875,
          702.1484375
        ],
        [
          503.90625,
          703.125
        ],
        [
          503.90625,
          711.9140625
        ],
        [
          511.71875,
          728.515625
        ],
        [
          503.90625,
          716.796875
        ],
        [
          497.0703125,
          717.7734375
        ],
        [
          497.0703125,
          729.4921875
        ],
        [
          502.9296875,
          741.2109375
        ],
        [
          500.9765625,
          743.1640625
        ],
        [
          411.1328125,
          537.109375
        ],
        [
          387.6953125,
          471.6796875
        ],
        [
          405.2734375,
          460.9375
        ],
        [
          415.0390625,
          474.609375
        ],
        [
          431.640625,
          477.5390625
        ],
        [
          434.5703125,
          511.71875
        ],
        [
          452.1484375,
          544.921875
        ],
        [
          462.890625,
          544.921875
        ],
        [
          471.6796875,
          501.953125
        ],
        [
          473.6328125,
          476.5625
        ],
        [
          511.71875,
          453.125
        ],
        [
          549.8046875,
          442.3828125
        ],
        [
          567.3828125,
          420.8984375
        ],
        [
          573.2421875,
          409.1796875
        ],
        [
          589.84375,
          395.5078125
        ],
        [
          607.421875,
          221.6796875
        ],
        [
          641.6015625,
          229.4921875
        ],
        [
          657.2265625,
          229.4921875
        ],
        [
          680.6640625,
          223.6328125
        ],
        [
          687.5,
          242.1875
        ],
        [
          690.4296875,
          261.71875
        ],
        [
          711.9140625,
          259.765625
        ],
        [
          754.8828125,
          292.96875
        ],
        [
          792.96875,
          314.453125
        ],
        [
          805.6640625,
          332.03125
        ],
        [
          845.703125,
          337.890625
        ],
        [
          907.2265625,
          393.5546875
        ],
        [
          905.2734375,
          424.8046875
        ],
        [
          916.9921875,
          456.0546875
        ],
        [
          913.0859375,
          527.34375
        ],
        [
          937.5,
          606.4453125
        ],
        [
          947.265625,
          666.015625
        ],
        [
          953.125,
          681.640625
        ],
        [
          907.2265625,
          703.125
        ],
        [
          876.953125,
          698.2421875
        ],
        [
          875.0,
          709.9609375
        ]
      ],
      "land_use": "Commercial"
    },
    {
      "id": "P023",
      "area_px": 1725.0,
      "centroid_norm": [
        0.44856657608695655,
        0.7081385869565218
      ],