{
  "site": {
    "width_m": 1000.0,
    "height_m": 1000.0
  },
  "parcels": [
    {
      "id": "P001",
      "area_px": 2513.0,
      "centroid_norm": [
        0.41538569749801035,
        0.9781806481297254
      ],
      "polygon": [
        [
          471.6796875,
          991.2109375
        ],
        [
          458.984375,
          995.1171875
        ],
        [
          365.234375,
          987.3046875
        ],
        [
          381.8359375,
          983.3984375
        ],
        [
          379.8828125,
          974.609375
        ],
        [
          367.1875,
          973.6328125
        ],
        [
          369.140625,
          958.984375
        ],
        [
          408.203125,
          960.9375
        ],
        [
          408.203125,
          973.6328125
        ],
        [
          418.9453125,
          974.609375
        ],
        [
          420.8984375,
          961.9140625
        ],
        [
          428.7109375,
          962.890625
        ],
        [
          427.734375,
          974.609375
        ],
        [
          438.4765625,
          976.5625
        ],
        [
          441.40625,
          963.8671875
        ],
        [
          445.3125,
          963.8671875
        ]
      ],
      "land_use": "Residential"
    },
    {
      "id": "P002",
      "area_px": 32497.0,
      "centroid_norm": [
        0.6182465520855771,
        0.8699057196625842
      ],
      "polygon": [
        [
          463.8671875,
          959.9609375
        ],
        [
          525.390625,
          864.2578125
        ],
        [
          556.640625,
          838.8671875
        ],
        [
          644.53125,
          782.2265625
        ],
        [
          697.265625,
          760.7421875
        ],
        [
          765.625,
          821.2890625
        ],
        [
          719.7265625,
          891.6015625
        ],
        [
          594.7265625,
          931.640625
        ],
        [
          591.796875,
          928.7109375
        ],
        [
          583.984375,
          928.7109375
        ],
        [
          583.0078125,
          934.5703125
        ],
        [
          569.3359375,
          939.453125
        ],
        [
          569.3359375,
          950.1953125
        ],
        [
          531.25,
          971.6796875
        ],
        [
          516.6015625,
          975.5859375
        ],
        [
          497.0703125,
          988.28125
        ],
        [
          488.28125,
          984.375
        ]
      ],
      "land_use": "Commercial"
    },
    {
      "id": "P015",
      "area_px": 1644.0,
      "centroid_norm": [
        0.17467459796989052,
        0.9342881548433698
      ],
      "polygon": [
        [
          234.375,
          948.2421875
        ],
        [
          195.3125,
          946.2890625
        ],
        [
          194.3359375,
          932.6171875
        ],
        [
          185.546875,
          932.6171875
        ],
        [
          182.6171875,
          944.3359375
        ],
        [
          169.921875,
          944.3359375
        ],
        [
          168.9453125,
          930.6640625
        ],
        [
          158.203125,
          932.6171875
        ],
        [
          157.2265625,
          943.359375
        ],
        [
          139.6484375,
          942.3828125
        ],
        [
          133.7890625,
          939.453125
        ],
        [
          123.046875,
          920.8984375
        ],
        [
          213.8671875,
          927.734375
        ],
        [
          217.7734375,
          930.6640625
        ],
        [
          211.9140625,
          932.6171875
        ],
        [
          211.9140625,
          940.4296875
        ],
        [
          229.4921875,
          941.40625
        ]
      ],
      "land_use": "Residential"
    },
    {
      "id": "P027",
      "area_px": 143381.0,
      "centroid_norm": [
        0.49470362590536754,
        0.6873433546917828
      ],