{
  "site": {
    "width_m": 1000.0,
    "height_m": 1000.0
  },
  "parcels": [
    {
      "id": "P001",
      "area_px": 65387.0,
      "centroid_norm": [
        0.3906323630127166,
        0.772561062524852
      ],
      "polygon": [
        [
          443.359375,
          938.4765625
        ],
        [
          249.0234375,
          919.921875
        ],
        [
          259.765625,
          791.9921875
        ],
        [
          291.015625,
          796.875
        ],
        [
          283.203125,
          885.7421875
        ],
        [
          286.1328125,
          888.671875
        ],
        [
          296.875,
          888.671875
        ],
        [
          296.875,
          879.8828125
        ],
        [
          310.546875,
          879.8828125
        ],
        [
          310.546875,
          871.09375
        ],
        [
          297.8515625,
          868.1640625
        ],
        [
          302.734375,
          800.78125
        ],
        [
          303.7109375,
          797.8515625
        ],
        [
          313.4765625,
          797.8515625
        ],
        [
          316.40625,
          794.921875
        ],
        [
          316.40625,
          784.1796875
        ],
        [
          299.8046875,
          782.2265625
        ],
        [
          298.828125,
          768.5546875
        ],
        [
          289.0625,
          770.5078125
        ],
        [
          288.0859375,
          780.2734375
        ],
        [
          263.671875,
          778.3203125
        ],
        [
          279.296875,
          741.2109375
        ],
        [
          291.9921875,
          741.2109375
        ],
        [
          292.96875,
          755.859375
        ],
        [
          302.734375,
          753.90625
        ],
        [
          303.7109375,
          743.1640625
        ],
        [
          325.1953125,
          744.140625
        ],
        [
          324.21875,
          731.4453125
        ],
        [
          285.15625,
          726.5625
        ],
        [
          300.78125,
          692.3828125
        ],
        [
          333.984375,
          693.359375
        ],
        [
          333.984375,
          683.59375
        ],
        [
          331.0546875,
          680.6640625
        ],
        [
          304.6875,
          678.7109375
        ],
        [
          325.1953125,
          674.8046875
        ],
        [
          323.2421875,
          666.015625
        ],
        [
          310.546875,
          665.0390625
        ],
        [
          317.3828125,
          648.4375
        ],
        [
          324.21875,
          646.484375
        ],
        [
          323.2421875,
          633.7890625
        ],
        [
          333.0078125,
          611.328125
        ],
        [
          386.71875,
          624.0234375
        ],
        [
          400.390625,
          629.8828125
        ],
        [
          433.59375,
          627.9296875
        ],
        [
          496.09375,
          633.7890625
        ],
        [
          508.7890625,
          643.5546875
        ],
        [
          542.96875,
          697.265625
        ],
        [
          558.59375,
          713.8671875
        ],
        [
          558.59375,
          717.7734375
        ],
        [
          461.9140625,
          821.2890625
        ],
        [
          447.265625,
          803.7109375
        ],
        [
          440.4296875,
          790.0390625
        ],
        [
          433.59375,
          790.0390625
        ],
        [
          430.6640625,
          792.96875
        ],
        [
          430.6640625,
          801.7578125
        ],
        [
          435.546875,
          812.5
        ],
        [
          455.078125,
          836.9140625
        ],
        [
          446.2890625,
          862.3046875
        ],
        [
          443.359375,
          881.8359375
        ]
      ],
      "land_use": "Commercial"
    },
    {
      "id": "P002",
      "area_px": 36754.0,
      "centroid_norm": [
        0.5996148750391114,
        0.8492402612640801
      ],
      "polygon": [
        [
          464.84375,
          938.4765625
        ],
        [
          464.84375,
          886.71875
        ],
        [
          469.7265625,
          863.28125
        ],
        [
          478.515625,
          841.796875
        ],
        [
          494.140625,
          819.3359375
        ],
        [
          576.171875,
          734.375
        ],
        [
          581.0546875,
          735.3515625
        ],
        [
          618.1640625,
          772.4609375
        ],
        [
          633.7890625,
          784.1796875
        ],
        [
          761.71875,
          833.0078125
        ],
        [
          739.2578125,
          911.1328125
        ],
        [
          699.21875,
          899.4140625
        ],
        [
          653.3203125,
          899.4140625
        ]
      ],
      "land_use": "Commercial"
    },
    {
      "id": "P003",
      "area_px": 28522.0,
      "centroid_norm": [
        0.8570379197417782,
        0.7369597303726071
      ],
      "polygon": [
        [
          825.1953125,
          935.546875
        ],
        [
          764.6484375,
          917.96875
        ],
        [
          836.9140625,
          677.734375
        ],
        [
          846.6796875,
          664.0625
        ],
        [
          863.28125,
          647.4609375
        ],
        [
          870.1171875,
          644.53125
        ],
        [
          871.09375,
          638.671875
        ],
        [
          882.8125,
          637.6953125
        ],
        [
          892.578125,
          629.8828125
        ],
        [
          890.625,
          622.0703125
        ],
        [
          882.8125,
          622.0703125
        ],
        [
          861.328125,
          630.859375
        ],
        [
          871.09375,
          622.0703125
        ],
        [
          870.1171875,
          581.0546875
        ],
        [
          867.1875,
          576.171875
        ],
        [
          880.859375,
          531.25
        ],
        [
          890.625,
          528.3203125
        ],
        [
          928.7109375,
          541.9921875
        ],
        [
          932.6171875,
          545.8984375
        ],
        [
          946.2890625,
          547.8515625
        ],
        [
          928.7109375,
          593.75
        ],
        [
          916.015625,
          594.7265625
        ],
        [
          905.2734375,
          606.4453125
        ],
        [
          905.2734375,
          613.28125
        ],
        [
          922.8515625,
          612.3046875
        ],
        [
          933.59375,
          601.5625
        ],
        [
          933.59375,
          597.65625
        ],
        [
          944.3359375,
          588.8671875
        ]
      ],
      "land_use": "Residential"
    },
    {
      "id": "P005",
      "area_px": 3274.0,
      "centroid_norm": [
        0.22215484451359194,
        0.8572202390042761
      ],