{
  "site": {
    "width_m": 1000.0,
    "height_m": 1000.0
  },
  "parcels": [
    {
      "id": "P001",
      "area_px": 622197.0,
      "centroid_norm": [
        0.4522761226423263,
        0.506409456066065
      ],
      "polygon": [
        [
          214.84375,
          993.1640625
        ],
        [
          203.125,
          960.9375
        ],
        [
          178.7109375,
          915.0390625
        ],
        [
          132.8125,
          868.1640625
        ],
        [
          72.265625,
          847.65625
        ],
        [
          73.2421875,
          742.1875
        ],
        [
          22.4609375,
          688.4765625
        ],
        [
          37.109375,
          646.484375
        ],
        [
          38.0859375,
          594.7265625
        ],
        [
          44.921875,
          562.5
        ],
        [
          41.9921875,
          489.2578125
        ],
        [
          46.875,
          469.7265625
        ],
        [
          46.875,
          445.3125
        ],
        [
          41.015625,
          424.8046875
        ],
        [
          54.6875,
          378.90625
        ],
        [
          52.734375,
          341.796875
        ],
        [
          64.453125,
          312.5
        ],
        [
          121.09375,
          300.78125
        ],
        [
          134.765625,
          294.921875
        ],
        [
          141.6015625,
          282.2265625
        ],
        [
          163.0859375,
          257.8125
        ],
        [
          179.6875,
          195.3125
        ],
        [
          178.7109375,
          173.828125
        ],
        [
          196.2890625,
          158.203125
        ],
        [
          204.1015625,
          143.5546875
        ],
        [
          237.3046875,
          131.8359375
        ],
        [
          248.046875,
          100.5859375
        ],
        [
          264.6484375,
          83.0078125
        ],
        [
          264.6484375,
          61.5234375
        ],
        [
          278.3203125,
          37.109375
        ],
        [
          290.0390625,
          49.8046875
        ],
        [
          300.78125,
          54.6875
        ],
        [
          310.546875,
          54.6875
        ],
        [
          321.2890625,
          66.40625
        ],
        [
          331.0546875,
          65.4296875
        ],
        [
          336.9140625,
          77.1484375
        ],
        [
          350.5859375,
          78.125
        ],
        [
          367.1875,
          70.3125
        ],
        [
          385.7421875,
          72.265625
        ],
        [
          391.6015625,
          69.3359375
        ],
        [
          396.484375,
          81.0546875
        ],
        [
          402.34375,
          83.984375
        ],
        [
          446.2890625,
          89.84375
        ],
        [
          451.171875,
          102.5390625
        ],
        [
          464.84375,
          108.3984375
        ],
        [
          468.75,
          117.1875
        ],
        [
          491.2109375,
          129.8828125
        ],
        [
          500.0,
          128.90625
        ],
        [
          509.765625,
          120.1171875
        ],
        [
          543.9453125,
          120.1171875
        ],
        [
          553.7109375,
          125.9765625
        ],
        [
          566.40625,
          141.6015625
        ],
        [
          588.8671875,
          135.7421875
        ],
        [
          596.6796875,
          160.15625
        ],
        [
          617.1875,
          175.78125
        ],
        [
          626.953125,
          175.78125
        ],
        [
          638.671875,
          157.2265625
        ],
        [
          649.4140625,
          153.3203125
        ],
        [
          655.2734375,
          132.8125
        ],
        [
          658.203125,
          131.8359375
        ],
        [
          668.9453125,
          144.53125
        ],
        [
          698.2421875,
          142.578125
        ],
        [
          712.890625,
          148.4375
        ],
        [
          738.28125,
          144.53125
        ],
        [
          749.0234375,
          109.375
        ],
        [
          749.0234375,
          100.5859375
        ],
        [
          746.09375,
          96.6796875
        ],
        [
          756.8359375,
          71.2890625
        ],
        [
          766.6015625,
          61.5234375
        ],
        [
          770.5078125,
          60.546875
        ],
        [
          786.1328125,
          74.21875
        ],
        [
          795.8984375,
          77.1484375
        ],
        [
          814.453125,
          76.171875
        ],
        [
          825.1953125,
          89.84375
        ],
        [
          812.5,
          90.8203125
        ],
        [
          813.4765625,
          100.5859375
        ],
        [
          832.03125,
          99.609375
        ],
        [
          844.7265625,
          113.28125
        ],
        [
          860.3515625,
          139.6484375
        ],
        [
          868.1640625,
          139.6484375
        ],
        [
          904.296875,
          157.2265625
        ],
        [
          900.390625,
          171.875
        ],
        [
          908.203125,
          173.828125
        ],
        [
          905.2734375,
          186.5234375
        ],
        [
          918.9453125,
          186.5234375
        ],
        [
          920.8984375,
          189.453125
        ],
        [
          911.1328125,
          191.40625
        ],
        [
          910.15625,
          200.1953125
        ],
        [
          921.875,
          200.1953125
        ],
        [
          921.875,
          205.078125
        ],
        [
          929.6875,
          208.0078125
        ],
        [
          922.8515625,
          219.7265625
        ],
        [
          913.0859375,
          219.7265625
        ],
        [
          912.109375,
          225.5859375
        ],
        [
          907.2265625,
          226.5625
        ],
        [
          909.1796875,
          236.328125
        ],
        [
          895.5078125,
          248.046875
        ],
        [
          886.71875,
          248.046875
        ],
        [
          861.328125,
          259.765625
        ],
        [
          851.5625,
          268.5546875
        ],
        [
          851.5625,
          275.390625
        ],
        [
          839.84375,
          275.390625
        ],
        [
          838.8671875,
          268.5546875
        ],
        [
          800.78125,
          270.5078125
        ],
        [
          817.3828125,
          267.578125
        ],
        [
          817.3828125,
          257.8125
        ],
        [
          795.8984375,
          258.7890625
        ],
        [
          781.25,
          263.671875
        ],
        [
          780.2734375,
          273.4375
        ],
        [
          766.6015625,
          270.5078125
        ],
        [
          724.609375,
          250.0
        ],
        [
          725.5859375,
          241.2109375
        ],
        [
          699.21875,
          234.375
        ],
        [
          698.2421875,
          241.2109375
        ],
        [
          692.3828125,
          237.3046875
        ],
        [
          683.59375,
          238.28125
        ],
        [
          683.59375,
          246.09375
        ],
        [
          695.3125,
          251.953125
        ],
        [
          693.359375,
          253.90625
        ],
        [
          670.8984375,
          252.9296875
        ],
        [
          660.15625,
          265.625
        ],
        [
          652.34375,
          265.625
        ],
        [
