{
  "site": {
    "width_m": 1000,
    "height_m": 1000
  },
  "parcels": [
    {
      "id": "P002",
      "area_px": 1993,
      "centroid_norm": [
        0.16131215112267938,
        0.9650652282990466
      ],
      "polygon": [
        [
          253.90625,
          974.609375
        ],
        [
          241.2109375,
          974.609375
        ],
        [
          237.3046875,
          981.4453125
        ],
        [
          238.28125,
          990.234375
        ],
        [
          221.6796875,
          986.328125
        ],
        [
          226.5625,
          980.46875
        ],
        [
          225.5859375,
          972.65625
        ],
        [
          213.8671875,
          971.6796875
        ],
        [
          201.171875,
          981.4453125
        ],
        [
          83.0078125,
          953.125
        ],
        [
          82.03125,
          943.359375
        ],
        [
          210.9375,
          969.7265625
        ]
      ],
      "land_use": "Green"
    },
    {
      "id": "P006",
      "area_px": 21372,
      "centroid_norm": [
        0.28655086276728897,
        0.8849574922065085
      ],
      "polygon": [
        [
          203.125,
          952.1484375
        ],
        [
          201.171875,
          947.265625
        ],
        [
          221.6796875,
          870.1171875
        ],
        [
          244.140625,
          828.125
        ],
        [
          256.8359375,
          812.5
        ],
        [
          258.7890625,
          803.7109375
        ],
        [
          275.390625,
          774.4140625
        ],
        [
          280.2734375,
          775.390625
        ],
        [
          288.0859375,
          791.9921875
        ],
        [
          301.7578125,
          807.6171875
        ],
        [
          317.3828125,
          817.3828125
        ],
        [
          329.1015625,
          820.3125
        ],
        [
          325.1953125,
          830.078125
        ],
        [
          328.125,
          838.8671875
        ],
        [
          342.7734375,
          840.8203125
        ],
        [
          350.5859375,
          826.171875
        ],
        [
          379.8828125,
          834.9609375
        ],
        [
          375,
          845.703125
        ],
        [
          375,
          853.515625
        ],
        [
          329.1015625,
          958.0078125
        ],
        [
          300.78125,
          961.9140625
        ],
        [
          259.765625,
          961.9140625
        ]
      ],
      "land_use": "Commercial"
    },
    {
      "id": "P008",
      "area_px": 60166,
      "centroid_norm": [
        0.2794696878999352,
        0.5603018497781138
      ],
      "polygon": [
        [
          95.703125,
          930.6640625
        ],
        [
          82.03125,
          923.828125
        ],
        [
          83.984375,
          821.2890625
        ],
        [
          93.75,
          817.3828125
        ],
        [
          92.7734375,
          795.8984375
        ],
        [
          126.953125,
          756.8359375
        ],
        [
          143.5546875,
          744.140625
        ],
        [
          144.53125,
          749.0234375
        ],
        [
          159.1796875,
          749.0234375
        ],
        [
          171.875,
          742.1875
        ],
        [
          171.875,
          733.3984375
        ],
        [
          210.9375,
          704.1015625
        ],
        [
          236.328125,
          680.6640625
        ],
        [
          234.375,
          671.875
        ],
        [
          224.609375,
          673.828125
        ],
        [
          297.8515625,
          602.5390625
        ],
        [
          319.3359375,
          573.2421875
        ],
        [
          332.03125,
          546.875
        ],
        [
          357.421875,
          452.1484375
        ],
        [
          375,
          406.25
        ],
        [
          391.6015625,
          350.5859375
        ],
        [
          390.625,
          326.171875
        ],
        [
          395.5078125,
          286.1328125
        ],
        [
          372.0703125,
          226.5625
        ],
        [
          372.0703125,
          196.2890625
        ],
        [
          406.25,
          222.65625
        ],
        [
          425.78125,
          257.8125
        ],
        [
          434.5703125,
          255.859375
        ],
        [
          435.546875,
          243.1640625
        ],
        [
          425.78125,
          218.75
        ],
        [
          392.578125,
          196.2890625
        ],
        [
          371.09375,
          174.8046875
        ],
        [
          369.140625,
          65.4296875
        ],
        [
          403.3203125,
          65.4296875
        ],
        [
          425.78125,
          72.265625
        ],
        [
          422.8515625,
          80.078125
        ],
        [
          423.828125,
          89.84375
        ],
        [
          431.640625,
          92.7734375
        ],
        [
          440.4296875,
          91.796875
        ],
        [
          440.4296875,
          83.0078125
        ],
        [
          436.5234375,
          81.0546875
        ],
        [
          438.4765625,
          75.1953125
        ],
        [
          452.1484375,
          80.078125
        ],
        [
          449.21875,
          127.9296875
        ],
        [
          453.125,
          129.8828125
        ],
        [
          461.9140625,
          126.953125
        ],
        [
          463.8671875,
          96.6796875
        ],
        [
          460.9375,
          91.796875
        ],
        [
          465.8203125,
          85.9375
        ],
        [
          477.5390625,
          88.8671875
        ],
        [
          479.4921875,
          92.7734375
        ],
        [
          417.96875,
          370.1171875
        ],
        [
          373.046875,
          481.4453125
        ],
        [
          356.4453125,
          562.5
        ],
        [
          350.5859375,
          566.40625
        ],
        [
          335.9375,
          601.5625
        ],
        [
          321.2890625,
          619.140625
        ],
        [
          313.4765625,
          633.7890625
        ],
        [
          306.640625,
          637.6953125
        ],
        [
          286.1328125,
          668.9453125
        ],
        [
          263.671875,
          748.046875
        ],
        [
          189.453125,
          876.953125
        ],
        [
          172.8515625,
          944.3359375
        ],
        [
          170.8984375,
          946.2890625
        ]
      ],
      "land_use": "Residential"
    },
    {
      "id": "P009",
      "area_px": 6151,
      "centroid_norm": [
        0.4333962465452772,
        0.8802181238314908
      ],
      "polygon": [
        [
          372.0703125,
          942.3828125
        ],
        [
          416.015625,
          840.8203125
        ],
        [
          478.515625,
          844.7265625
        ],
        [
          507.8125,
          853.515625
        ],
        [
          415.0390625,
          920.8984375
        ]
      ],
      "land_use": "Public"
    },
    {
      "id": "P012",
      "area_px": 2499,
      "centroid_norm": [
        0.4825785783063225,
        0.8036503663965586
      ],