{
  "site": {
    "width_m": 1000.0,
    "height_m": 1000.0
  },
  "parcels": [
    {
      "id": "P001",
      "area_px": 403897.0,
      "centroid_norm": [
        0.5295091501708665,
        0.5509199258064247
      ],
      "polygon": [
        [
          888.671875,
          931.640625
        ],
        [
          811.5234375,
          927.734375
        ],
        [
          725.5859375,
          902.34375
        ],
        [
          703.125,
          886.71875
        ],
        [
          683.59375,
          863.28125
        ],
        [
          666.9921875,
          854.4921875
        ],
        [
          609.375,
          850.5859375
        ],
        [
          585.9375,
          858.3984375
        ],
        [
          577.1484375,
          851.5625
        ],
        [
          563.4765625,
          850.5859375
        ],
        [
          560.546875,
          855.46875
        ],
        [
          548.828125,
          859.375
        ],
        [
          529.296875,
          883.7890625
        ],
        [
          497.0703125,
          875.9765625
        ],
        [
          484.375,
          875.9765625
        ],
        [
          463.8671875,
          884.765625
        ],
        [
          439.453125,
          878.90625
        ],
        [
          411.1328125,
          890.625
        ],
        [
          396.484375,
          883.7890625
        ],
        [
          386.71875,
          844.7265625
        ],
        [
          386.71875,
          827.1484375
        ],
        [
          382.8125,
          820.3125
        ],
        [
          355.46875,
          798.828125
        ],
        [
          337.890625,
          765.625
        ],
        [
          311.5234375,
          734.375
        ],
        [
          278.3203125,
          712.890625
        ],
        [
          246.09375,
          711.9140625
        ],
        [
          222.65625,
          698.2421875
        ],
        [
          208.984375,
          697.265625
        ],
        [
          206.0546875,
          534.1796875
        ],
        [
          214.84375,
          524.4140625
        ],
        [
          219.7265625,
          507.8125
        ],
        [
          210.9375,
          505.859375
        ],
        [
          206.0546875,
          513.671875
        ],
        [
          205.078125,
          470.703125
        ],
        [
          242.1875,
          469.7265625
        ],
        [
          255.859375,
          465.8203125
        ],
        [
          254.8828125,
          498.046875
        ],
        [
          263.671875,
          497.0703125
        ],
        [
          266.6015625,
          478.515625
        ],
        [
          274.4140625,
          475.5859375
        ],
        [
          277.34375,
          466.796875
        ],
        [
          295.8984375,
          480.46875
        ],
        [
          315.4296875,
          480.46875
        ],
        [
          320.3125,
          484.375
        ],
        [
          329.1015625,
          484.375
        ],
        [
          333.984375,
          480.46875
        ],
        [
          332.03125,
          472.65625
        ],
        [
          302.734375,
          470.703125
        ],
        [
          266.6015625,
          444.3359375
        ],
        [
          260.7421875,
          444.3359375
        ],
        [
          256.8359375,
          449.21875
        ],
        [
          242.1875,
          455.078125
        ],
        [
          205.078125,
          456.0546875
        ],
        [
          204.1015625,
          406.25
        ],
        [
          221.6796875,
          404.296875
        ],
        [
          221.6796875,
          395.5078125
        ],
        [
          226.5625,
          394.53125
        ],
        [
          226.5625,
          385.7421875
        ],
        [
          222.65625,
          382.8125
        ],
        [
          249.0234375,
          383.7890625
        ],
        [
          263.671875,
          368.1640625
        ],
        [
          272.4609375,
          363.28125
        ],
        [
          271.484375,
          354.4921875
        ],
        [
          261.71875,
          354.4921875
        ],
        [
          254.8828125,
          358.3984375
        ],
        [
          244.140625,
          372.0703125
        ],
        [
          222.65625,
          370.1171875
        ],
        [
          221.6796875,
          347.65625
        ],
        [
          204.1015625,
          343.75
        ],
        [
          205.078125,
          324.21875
        ],
        [
          245.1171875,
          314.453125
        ],
        [
          254.8828125,
          308.59375
        ],
        [
          251.953125,
          299.8046875
        ],
        [
          230.46875,
          304.6875
        ],
        [
          225.5859375,
          285.15625
        ],
        [
          226.5625,
          267.578125
        ],
        [
          237.3046875,
          262.6953125
        ],
        [
          239.2578125,
          251.953125
        ],
        [
          226.5625,
          216.796875
        ],
        [
          221.6796875,
          210.9375
        ],
        [
          240.234375,
          200.1953125
        ],
        [
          242.1875,
          211.9140625
        ],
        [
          228.515625,
          211.9140625
        ],
        [
          226.5625,
          221.6796875
        ],
        [
          242.1875,
          223.6328125
        ],
        [
          241.2109375,
          231.4453125
        ],
        [
          244.140625,
          234.375
        ],
        [
          256.8359375,
          237.3046875
        ],
        [
          261.71875,
          243.1640625
        ],
        [
          271.484375,
          243.1640625
        ],
        [
          272.4609375,
          235.3515625
        ],
        [
          268.5546875,
          233.3984375
        ],
        [
          268.5546875,
          221.6796875
        ],
        [
          273.4375,
          220.703125
        ],
        [
          275.390625,
          213.8671875
        ],
        [
          283.203125,
          214.84375
        ],
        [
          285.15625,
          205.078125
        ],
        [
          279.296875,
          200.1953125
        ],
        [
          260.7421875,
          200.1953125
        ],
        [
          259.765625,
          209.9609375
        ],
        [
          252.9296875,
          209.9609375
        ],
        [
          252.9296875,
          201.171875
        ],
        [
          265.625,
          187.5
        ],
        [
          267.578125,
          190.4296875
        ],
        [
          274.4140625,
          190.4296875
        ],
        [
          276.3671875,
          183.59375
        ],
        [
          279.296875,
          191.40625
        ],
        [
          286.1328125,
          191.40625
        ],
        [
          287.109375,
          179.6875
        ],
        [
          291.015625,
          190.4296875
        ],
        [
          298.828125,
          190.4296875
        ],
        [
          299.8046875,
          179.6875
        ],
        [
          293.9453125,
          160.15625
        ],
        [
          296.875,
          160.15625
        ],
        [
          299.8046875,
          154.296875
        ],
        [
          305.6640625,
          158.203125
        ],
        [
          321.2890625,
          160.15625
        ],
        [
          311.5234375,
          165.0390625
        ],
        [
          308.59375,
          161.1328125
        ],
        [
          301.7578125,
          161.1328125
        ],
        [
          302.734375,
