{
  "site": {
    "width_m": 1000.0,
    "height_m": 1000.0
  },
  "parcels": [
    {
      "id": "P001",
      "area_px": 306797.0,
      "centroid_norm": [
        0.4630732134155484,
        0.7003352252262898
      ],
      "polygon": [
        [
          865.234375,
          672.8515625
        ],
        [
          815.4296875,
          715.8203125
        ],
        [
          797.8515625,
          772.4609375
        ],
        [
          778.3203125,
          791.9921875
        ],
        [
          753.90625,
          804.6875
        ],
        [
          731.4453125,
          827.1484375
        ],
        [
          708.984375,
          858.3984375
        ],
        [
          692.3828125,
          888.671875
        ],
        [
          659.1796875,
          926.7578125
        ],
        [
          614.2578125,
          961.9140625
        ],
        [
          554.6875,
          989.2578125
        ],
        [
          532.2265625,
          995.1171875
        ],
        [
          502.9296875,
          995.1171875
        ],
        [
          486.328125,
          982.421875
        ],
        [
          461.9140625,
          981.4453125
        ],
        [
          436.5234375,
          968.75
        ],
        [
          408.203125,
          946.2890625
        ],
        [
          409.1796875,
          930.6640625
        ],
        [
          404.296875,
          904.296875
        ],
        [
          397.4609375,
          903.3203125
        ],
        [
          395.5078125,
          899.4140625
        ],
        [
          231.4453125,
          881.8359375
        ],
        [
          185.546875,
          849.609375
        ],
        [
          169.921875,
          830.078125
        ],
        [
          90.8203125,
          802.734375
        ],
        [
          17.578125,
          769.53125
        ],
        [
          10.7421875,
          762.6953125
        ],
        [
          122.0703125,
          606.4453125
        ],
        [
          129.8828125,
          584.9609375
        ],
        [
          138.671875,
          573.2421875
        ],
        [
          140.625,
          576.171875
        ],
        [
          149.4140625,
          576.171875
        ],
        [
          207.03125,
          478.515625
        ],
        [
          222.65625,
          481.4453125
        ],
        [
          221.6796875,
          495.1171875
        ],
        [
          213.8671875,
          494.140625
        ],
        [
          188.4765625,
          528.3203125
        ],
        [
          187.5,
          537.109375
        ],
        [
          193.359375,
          546.875
        ],
        [
          192.3828125,
          550.78125
        ],
        [
          173.828125,
          560.546875
        ],
        [
          158.203125,
          585.9375
        ],
        [
          141.6015625,
          588.8671875
        ],
        [
          133.7890625,
          601.5625
        ],
        [
          115.234375,
          648.4375
        ],
        [
          93.75,
          672.8515625
        ],
        [
          84.9609375,
          672.8515625
        ],
        [
          72.265625,
          689.453125
        ],
        [
          74.21875,
          697.265625
        ],
        [
          96.6796875,
          699.21875
        ],
        [
          141.6015625,
          646.484375
        ],
        [
          161.1328125,
          614.2578125
        ],
        [
          172.8515625,
          602.5390625
        ],
        [
          232.421875,
          514.6484375
        ],
        [
          260.7421875,
          508.7890625
        ],
        [
          273.4375,
          491.2109375
        ],
        [
          305.6640625,
          470.703125
        ],
        [
          316.40625,
          474.609375
        ],
        [
          322.265625,
          487.3046875
        ],
        [
          341.796875,
          482.421875
        ],
        [
          352.5390625,
          491.2109375
        ],
        [
          372.0703125,
          491.2109375
        ],
        [
          486.328125,
          448.2421875
        ],
        [
          495.1171875,
          441.40625
        ],
        [
          511.71875,
          416.9921875
        ],
        [
          537.109375,
          406.25
        ],
        [
          558.59375,
          415.0390625
        ],
        [
          592.7734375,
          435.546875
        ],
        [
          610.3515625,
          472.65625
        ],
        [
          669.921875,
          537.109375
        ],
        [
          673.828125,
          545.8984375
        ],
        [
          671.875,
          576.171875
        ],
        [
          674.8046875,
          584.9609375
        ],
        [
          684.5703125,
          596.6796875
        ],
        [
          685.546875,
          611.328125
        ],
        [
          692.3828125,
          616.2109375
        ],
        [
          700.1953125,
          615.234375
        ],
        [
          702.1484375,
          591.796875
        ],
        [
          707.03125,
          584.9609375
        ],
        [
          703.125,
          494.140625
        ],
        [
          706.0546875,
          461.9140625
        ],
        [
          722.65625,
          455.078125
        ],
        [
          736.328125,
          458.0078125
        ],
        [
          750.9765625,
          455.078125
        ],
        [
          761.71875,
          461.9140625
        ],
        [
          773.4375,
          474.609375
        ],
        [
          795.8984375,
          525.390625
        ],
        [
          784.1796875,
          528.3203125
        ],
        [
          769.53125,
          542.96875
        ],
        [
          769.53125,
          571.2890625
        ]
      ],
      "land_use": "Commercial"
    },
    {
      "id": "P005",
      "area_px": 3180.0,
      "centroid_norm": [
        0.8306794172562894,
        0.5823226832743711
      ],
      "polygon": [
        [
          877.9296875,
          595.703125
        ],
        [
          845.703125,
          625.9765625
        ],
        [
          790.0390625,
          563.4765625
        ],
        [
          786.1328125,
          553.7109375
        ],
        [
          808.59375,
          541.015625
        ],
        [
          839.84375,
          565.4296875
        ],
        [
          823.2421875,
          580.078125
        ],
        [
          825.1953125,
          589.84375
        ],
        [
          833.0078125,
          589.84375
        ],
        [
          851.5625,
          574.21875
        ]
      ],
      "land_use": "Residential"
    },
    {
      "id": "P008",
      "area_px": 2250.0,
      "centroid_norm": [
        0.9527873263888889,
        0.5911354166666667
      ],
      "polygon": [
        [
          947.265625,
          619.140625
        ],
        [
          949.21875,
          611.328125
        ],
        [
          944.3359375,
          609.375
        ],
        [
          944.3359375,
          605.46875
        ],
        [
          935.546875,
          603.515625
        ],
        [
          930.6640625,
          610.3515625
        ],
        [
          916.9921875,
          588.8671875
        ],
        [
          924.8046875,
          587.890625
        ],
        [
          949.21875,
          560.546875
        ],
        [
          953.125,
          560.546875
        ],
        [
          988.28125,
          599.609375
        ],
        [
          971.6796875,
          610.3515625
        ]
      ],
      "land_use": "Residential"
    },
    {
      "id": "P009",
      "area_px": 2319.0,