{
  "site": {
    "width_m": 1000.0,
    "height_m": 1000.0
  },
  "parcels": [
    {
      "id": "P024",
      "area_px": 7013.0,
      "centroid_norm": [
        0.2939978098709539,
        0.7520911220679453
      ],
      "polygon": [
        [
          233.3984375,
          765.625
        ],
        [
          240.234375,
          747.0703125
        ],
        [
          266.6015625,
          728.515625
        ],
        [
          286.1328125,
          720.703125
        ],
        [
          354.4921875,
          714.84375
        ],
        [
          377.9296875,
          726.5625
        ],
        [
          303.7109375,
          773.4375
        ],
        [
          279.296875,
          795.8984375
        ],
        [
          268.5546875,
          795.8984375
        ],
        [
          266.6015625,
          805.6640625
        ],
        [
          270.5078125,
          810.546875
        ],
        [
          266.6015625,
          818.359375
        ],
        [
          255.859375,
          803.7109375
        ],
        [
          258.7890625,
          801.7578125
        ],
        [
          258.7890625,
          793.9453125
        ],
        [
          247.0703125,
          789.0625
        ]
      ],
      "land_use": "Residential"
    },
    {
      "id": "P028",
      "area_px": 6088.0,
      "centroid_norm": [
        0.41559487542091,
        0.6660108127669185
      ],
      "polygon": [
        [
          368.1640625,
          693.359375
        ],
        [
          368.1640625,
          678.7109375
        ],
        [
          371.09375,
          675.78125
        ],
        [
          368.1640625,
          659.1796875
        ],
        [
          410.15625,
          627.9296875
        ],
        [
          419.921875,
          625.0
        ],
        [
          431.640625,
          616.2109375
        ],
        [
          456.0546875,
          629.8828125
        ],
        [
          457.03125,
          634.765625
        ],
        [
          461.9140625,
          634.765625
        ],
        [
          460.9375,
          644.53125
        ],
        [
          463.8671875,
          647.4609375
        ],
        [
          477.5390625,
          647.4609375
        ],
        [
          460.9375,
          674.8046875
        ],
        [
          401.3671875,
          710.9375
        ],
        [
          395.5078125,
          711.9140625
        ],
        [
          375.0,
          702.1484375
        ]
      ],
      "land_use": "Public"
    },
    {
      "id": "P032",
      "area_px": 146304.0,
      "centroid_norm": [
        0.5302217738834891,
        0.28410894038483225
      ],
      "polygon": [
        [
          324.21875,
          583.984375
        ],
        [
          325.1953125,
          578.125
        ],
        [
          339.84375,
          566.40625
        ],
        [
          351.5625,
          550.78125
        ],
        [
          353.515625,
          537.109375
        ],
        [
          357.421875,
          531.25
        ],
        [
          357.421875,
          518.5546875
        ],
        [
          346.6796875,
          507.8125
        ],
        [
          344.7265625,
          500.9765625
        ],
        [
          334.9609375,
          498.046875
        ],
        [
          333.0078125,
          486.328125
        ],
        [
          323.2421875,
          479.4921875
        ],
        [
          322.265625,
          474.609375
        ],
        [
          337.890625,
          465.8203125
        ],
        [
          355.46875,
          439.453125
        ],
        [
          360.3515625,
          424.8046875
        ],
        [
          368.1640625,
          413.0859375
        ],
        [
          369.140625,
          398.4375
        ],
        [
          360.3515625,
          386.71875
        ],
        [
          364.2578125,
          374.0234375
        ],
        [
          361.328125,
          353.515625
        ],
        [
          375.0,
          343.75
        ],
        [
          375.0,
          321.2890625
        ],
        [
          371.09375,
          305.6640625
        ],
        [
          365.234375,
          298.828125
        ],
        [
          364.2578125,
          289.0625
        ],
        [
          355.46875,
          280.2734375
        ],
        [
          349.609375,
          262.6953125
        ],
        [
          328.125,
          243.1640625
        ],
        [
          333.984375,
          223.6328125
        ],
        [
          333.984375,
          211.9140625
        ],
        [
          345.703125,
          207.03125
        ],
        [
          354.4921875,
          198.2421875
        ],
        [
          404.296875,
          196.2890625
        ],
        [
          416.9921875,
          189.453125
        ],
        [
          422.8515625,
          176.7578125
        ],
        [
          465.8203125,
          136.71875
        ],
        [
          473.6328125,
          116.2109375
        ],
        [
          487.3046875,
          107.421875
        ],
        [
          500.9765625,
          106.4453125
        ],
        [
          508.7890625,
          89.84375
        ],
        [
          530.2734375,
          76.171875
        ],
        [
          534.1796875,
          51.7578125
        ],
        [
          602.5390625,
          45.8984375
        ],
        [
          611.328125,
          38.0859375
        ],
        [
          637.6953125,
          26.3671875
        ],
        [
          674.8046875,
          37.109375
        ],
        [
          682.6171875,
          37.109375
        ],
        [
          702.1484375,
          29.296875
        ],
        [
          722.65625,
          36.1328125
        ],
        [
          723.6328125,
          44.921875
        ],
        [
          734.375,
          54.6875
        ],
        [
          733.3984375,
          64.453125
        ],
        [
          737.3046875,
          71.2890625
        ],
        [
          736.328125,
          94.7265625
        ],
        [
          750.9765625,
          103.515625
        ],
        [
          756.8359375,
          111.328125
        ],
        [
          753.90625,
          127.9296875
        ],
        [
          766.6015625,
          145.5078125
        ],
        [
          766.6015625,
          152.34375
        ],
        [
          754.8828125,
          193.359375
        ],
        [
          725.5859375,
          229.4921875
        ],
        [
          701.171875,
          248.046875
        ],
        [
          697.265625,
          259.765625
        ],
        [
          689.453125,
          268.5546875
        ],
        [
          683.59375,
          282.2265625
        ],
        [
          678.7109375,
          311.5234375
        ],
        [
          660.15625,
          333.984375
        ],
        [
          657.2265625,
          347.65625
        ],
        [
          641.6015625,
          355.46875
        ],
        [
          634.765625,
          369.140625
        ],
        [
          603.515625,
          404.296875
        ],
        [
          596.6796875,
          416.015625
        ],
        [
          596.6796875,
          423.828125
        ],
        [
          583.984375,
          435.546875
        ],
        [
          551.7578125,
          428.7109375
        ],
        [
          541.015625,
          419.921875
        ],
        [
          533.203125,
          420.8984375
        ],
        [
          533.203125,
          427.734375
        ],
        [
          547.8515625,
          439.453125
        ],
        [
          575.1953125,
          444.3359375
        ],
        [
          561.5234375,
