{
  "site": {
    "width_m": 1000,
    "height_m": 1000
  },
  "parcels": [
    {
      "id": "P001",
      "area_px": 4401,
      "centroid_norm": [
        0.8451217585491934,
        0.7007671374403545
      ],
      "polygon": [
        [
          995.1171875,
          795.8984375
        ],
        [
          978.515625,
          795.8984375
        ],
        [
          952.1484375,
          789.0625
        ],
        [
          949.21875,
          783.203125
        ],
        [
          927.734375,
          780.2734375
        ],
        [
          896.484375,
          770.5078125
        ],
        [
          870.1171875,
          755.859375
        ],
        [
          843.75,
          732.421875
        ],
        [
          838.8671875,
          732.421875
        ],
        [
          830.078125,
          719.7265625
        ],
        [
          824.21875,
          716.796875
        ],
        [
          824.21875,
          711.9140625
        ],
        [
          812.5,
          696.2890625
        ],
        [
          812.5,
          689.453125
        ],
        [
          776.3671875,
          637.6953125
        ],
        [
          762.6953125,
          636.71875
        ],
        [
          726.5625,
          550.78125
        ],
        [
          835.9375,
          708.0078125
        ],
        [
          862.3046875,
          738.28125
        ],
        [
          878.90625,
          750.9765625
        ],
        [
          909.1796875,
          765.625
        ],
        [
          978.515625,
          780.2734375
        ],
        [
          989.2578125,
          786.1328125
        ]
      ],
      "land_use": "Residential"
    },
    {
      "id": "P002",
      "area_px": 121478,
      "centroid_norm": [
        0.261778712953683,
        0.4635382313309817
      ],
      "polygon": [
        [
          245.1171875,
          727.5390625
        ],
        [
          238.28125,
          712.890625
        ],
        [
          201.171875,
          688.4765625
        ],
        [
          188.4765625,
          666.015625
        ],
        [
          169.921875,
          642.578125
        ],
        [
          166.015625,
          625.9765625
        ],
        [
          148.4375,
          595.703125
        ],
        [
          109.375,
          549.8046875
        ],
        [
          105.46875,
          539.0625
        ],
        [
          75.1953125,
          523.4375
        ],
        [
          43.9453125,
          520.5078125
        ],
        [
          11.71875,
          510.7421875
        ],
        [
          19.53125,
          499.0234375
        ],
        [
          44.921875,
          490.234375
        ],
        [
          83.0078125,
          468.75
        ],
        [
          95.703125,
          445.3125
        ],
        [
          101.5625,
          442.3828125
        ],
        [
          98.6328125,
          411.1328125
        ],
        [
          104.4921875,
          404.296875
        ],
        [
          105.46875,
          385.7421875
        ],
        [
          182.6171875,
          383.7890625
        ],
        [
          199.21875,
          372.0703125
        ],
        [
          197.265625,
          362.3046875
        ],
        [
          168.9453125,
          330.078125
        ],
        [
          169.921875,
          310.546875
        ],
        [
          182.6171875,
          310.546875
        ],
        [
          203.125,
          287.109375
        ],
        [
          201.171875,
          272.4609375
        ],
        [
          182.6171875,
          236.328125
        ],
        [
          222.65625,
          237.3046875
        ],
        [
          327.1484375,
          203.125
        ],
        [
          344.7265625,
          204.1015625
        ],
        [
          347.65625,
          211.9140625
        ],
        [
          345.703125,
          226.5625
        ],
        [
          355.46875,
          228.515625
        ],
        [
          360.3515625,
          224.609375
        ],
        [
          364.2578125,
          229.4921875
        ],
        [
          362.3046875,
          242.1875
        ],
        [
          365.234375,
          245.1171875
        ],
        [
          373.046875,
          244.140625
        ],
        [
          388.671875,
          210.9375
        ],
        [
          398.4375,
          215.8203125
        ],
        [
          419.921875,
          219.7265625
        ],
        [
          437.5,
          248.046875
        ],
        [
          433.59375,
          252.9296875
        ],
        [
          434.5703125,
          265.625
        ],
        [
          401.3671875,
          324.21875
        ],
        [
          394.53125,
          454.1015625
        ],
        [
          335.9375,
          447.265625
        ],
        [
          332.03125,
          432.6171875
        ],
        [
          332.03125,
          415.0390625
        ],
        [
          328.125,
          406.25
        ],
        [
          305.6640625,
          374.0234375
        ],
        [
          284.1796875,
          359.375
        ],
        [
          265.625,
          358.3984375
        ],
        [
          255.859375,
          353.515625
        ],
        [
          236.328125,
          353.515625
        ],
        [
          221.6796875,
          372.0703125
        ],
        [
          222.65625,
          381.8359375
        ],
        [
          232.421875,
          381.8359375
        ],
        [
          245.1171875,
          367.1875
        ],
        [
          258.7890625,
          373.046875
        ],
        [
          277.34375,
          374.0234375
        ],
        [
          291.9921875,
          381.8359375
        ],
        [
          319.3359375,
          421.875
        ],
        [
          324.21875,
          467.7734375
        ],
        [
          336.9140625,
          494.140625
        ],
        [
          336.9140625,
          503.90625
        ],
        [
          344.7265625,
          504.8828125
        ],
        [
          349.609375,
          497.0703125
        ],
        [
          341.796875,
          467.7734375
        ],
        [
          345.703125,
          470.703125
        ],
        [
          346.6796875,
          480.46875
        ],
        [
          365.234375,
          518.5546875
        ],
        [
          393.5546875,
          522.4609375
        ],
        [
          392.578125,
          541.9921875
        ],
        [
          375.9765625,
          544.921875
        ],
        [
          375,
          555.6640625
        ],
        [
          378.90625,
          567.3828125
        ],
        [
          385.7421875,
          567.3828125
        ],
        [
          386.71875,
          555.6640625
        ],
        [
          392.578125,
          555.6640625
        ],
        [
          398.4375,
          585.9375
        ],
        [
          409.1796875,
          587.890625
        ],
        [
          405.2734375,
          630.859375
        ],
        [
          391.6015625,
          628.90625
        ],
        [
          377.9296875,
          633.7890625
        ],
        [
          374.0234375,
          630.859375
        ],
        [
          359.375,
          630.859375
        ],
        [
          338.8671875,
          642.578125
        ],
        [
          331.0546875,
          651.3671875
        ],
        [
          328.125,
          673.828125
        ],
        [
          333.0078125,
          684.5703125
        ],
        [
          351.5625,
          684.5703125
        ],
        [
          361.328125,
          677.734375
        ],
        [
          364.2578125,
