{
  "site": {
    "width_m": 1000,
    "height_m": 1000
  },
  "parcels": [
    {
      "id": "P004",
      "area_px": 2064,
      "centroid_norm": [
        0.7509070108103197,
        0.874412359193314
      ],
      "polygon": [
        [
          785.15625,
          875.9765625
        ],
        [
          765.625,
          885.7421875
        ],
        [
          768.5546875,
          900.390625
        ],
        [
          757.8125,
          902.34375
        ],
        [
          737.3046875,
          895.5078125
        ],
        [
          731.4453125,
          869.140625
        ],
        [
          717.7734375,
          855.46875
        ],
        [
          750,
          848.6328125
        ],
        [
          754.8828125,
          857.421875
        ],
        [
          765.625,
          859.375
        ]
      ],
      "land_use": "Residential"
    },
    {
      "id": "P006",
      "area_px": 192491,
      "centroid_norm": [
        0.40449059854584113,
        0.4662614603572375
      ],
      "polygon": [
        [
          506.8359375,
          892.578125
        ],
        [
          491.2109375,
          890.625
        ],
        [
          448.2421875,
          819.3359375
        ],
        [
          438.4765625,
          808.59375
        ],
        [
          417.96875,
          793.9453125
        ],
        [
          497.0703125,
          772.4609375
        ],
        [
          500,
          769.53125
        ],
        [
          500,
          762.6953125
        ],
        [
          486.328125,
          760.7421875
        ],
        [
          475.5859375,
          736.328125
        ],
        [
          466.796875,
          735.3515625
        ],
        [
          462.890625,
          738.28125
        ],
        [
          462.890625,
          745.1171875
        ],
        [
          471.6796875,
          764.6484375
        ],
        [
          447.265625,
          770.5078125
        ],
        [
          434.5703125,
          741.2109375
        ],
        [
          437.5,
          738.28125
        ],
        [
          437.5,
          726.5625
        ],
        [
          428.7109375,
          724.609375
        ],
        [
          424.8046875,
          728.515625
        ],
        [
          424.8046875,
          733.3984375
        ],
        [
          419.921875,
          736.328125
        ],
        [
          419.921875,
          744.140625
        ],
        [
          433.59375,
          774.4140625
        ],
        [
          413.0859375,
          780.2734375
        ],
        [
          411.1328125,
          788.0859375
        ],
        [
          378.90625,
          757.8125
        ],
        [
          407.2265625,
          749.0234375
        ],
        [
          408.203125,
          740.234375
        ],
        [
          400.390625,
          739.2578125
        ],
        [
          373.046875,
          747.0703125
        ],
        [
          334.9609375,
          677.734375
        ],
        [
          294.921875,
          583.984375
        ],
        [
          290.0390625,
          525.390625
        ],
        [
          294.921875,
          522.4609375
        ],
        [
          294.921875,
          516.6015625
        ],
        [
          287.109375,
          503.90625
        ],
        [
          278.3203125,
          405.2734375
        ],
        [
          265.625,
          370.1171875
        ],
        [
          254.8828125,
          353.515625
        ],
        [
          234.375,
          335.9375
        ],
        [
          214.84375,
          329.1015625
        ],
        [
          162.109375,
          324.21875
        ],
        [
          157.2265625,
          313.4765625
        ],
        [
          141.6015625,
          298.828125
        ],
        [
          146.484375,
          271.484375
        ],
        [
          137.6953125,
          255.859375
        ],
        [
          118.1640625,
          202.1484375
        ],
        [
          261.71875,
          16.6015625
        ],
        [
          342.7734375,
          30.2734375
        ],
        [
          339.84375,
          47.8515625
        ],
        [
          309.5703125,
          56.640625
        ],
        [
          290.0390625,
          81.0546875
        ],
        [
          272.4609375,
          94.7265625
        ],
        [
          271.484375,
          106.4453125
        ],
        [
          319.3359375,
          188.4765625
        ],
        [
          342.7734375,
          210.9375
        ],
        [
          362.3046875,
          223.6328125
        ],
        [
          357.421875,
          240.234375
        ],
        [
          353.515625,
          278.3203125
        ],
        [
          373.046875,
          314.453125
        ],
        [
          408.203125,
          352.5390625
        ],
        [
          440.4296875,
          354.4921875
        ],
        [
          490.234375,
          385.7421875
        ],
        [
          523.4375,
          378.90625
        ],
        [
          545.8984375,
          395.5078125
        ],
        [
          577.1484375,
          423.828125
        ],
        [
          600.5859375,
          480.46875
        ],
        [
          593.75,
          484.375
        ],
        [
          597.65625,
          504.8828125
        ],
        [
          611.328125,
          506.8359375
        ],
        [
          627.9296875,
          503.90625
        ],
        [
          686.5234375,
          567.3828125
        ],
        [
          718.75,
          591.796875
        ],
        [
          725.5859375,
          600.5859375
        ],
        [
          721.6796875,
          610.3515625
        ],
        [
          685.546875,
          650.390625
        ],
        [
          654.296875,
          657.2265625
        ],
        [
          632.8125,
          672.8515625
        ],
        [
          630.859375,
          669.921875
        ],
        [
          623.046875,
          670.8984375
        ],
        [
          618.1640625,
          699.21875
        ],
        [
          618.1640625,
          724.609375
        ],
        [
          623.046875,
          728.515625
        ],
        [
          620.1171875,
          735.3515625
        ],
        [
          589.84375,
          735.3515625
        ],
        [
          584.9609375,
          689.453125
        ],
        [
          572.265625,
          687.5
        ],
        [
          569.3359375,
          689.453125
        ],
        [
          573.2421875,
          727.5390625
        ],
        [
          571.2890625,
          737.3046875
        ],
        [
          562.5,
          742.1875
        ],
        [
          522.4609375,
          750
        ],
        [
          519.53125,
          711.9140625
        ],
        [
          530.2734375,
          711.9140625
        ],
        [
          532.2265625,
          703.125
        ],
        [
          529.296875,
          700.1953125
        ],
        [
          518.5546875,
          700.1953125
        ],
        [
          513.671875,
          678.7109375
        ],
        [
          497.0703125,
          677.734375
        ],
        [
          478.515625,
          685.546875
        ],
        [
          478.515625,
          695.3125
        ],
        [
          487.3046875,
          695.3125
        ],
        [
          496.09375,
          690.4296875
        ],
        [
          502.9296875,
          764.6484375
        ],
        [
          500,
          777.34375
        ],
        [
          516.6015625,
          807.6171875
        ],
        [
          514.6484375,
          814.453125
        ],
        [
