{
  "site": {
    "width_m": 1000.0,
    "height_m": 1000.0
  },
  "parcels": [
    {
      "id": "P015",
      "area_px": 2668.0,
      "centroid_norm": [
        0.2938428246814093,
        0.6977260881278111
      ],
      "polygon": [
        [
          285.15625,
          734.375
        ],
        [
          271.484375,
          697.265625
        ],
        [
          269.53125,
          683.59375
        ],
        [
          298.828125,
          652.34375
        ],
        [
          308.59375,
          677.734375
        ],
        [
          312.5,
          700.1953125
        ],
        [
          319.3359375,
          713.8671875
        ],
        [
          301.7578125,
          733.3984375
        ]
      ],
      "land_use": "Residential"
    },
    {
      "id": "P018",
      "area_px": 23997.0,
      "centroid_norm": [
        0.6997357417072968,
        0.6445255526732508
      ],
      "polygon": [
        [
          782.2265625,
          708.984375
        ],
        [
          662.109375,
          723.6328125
        ],
        [
          654.296875,
          716.796875
        ],
        [
          624.0234375,
          704.1015625
        ],
        [
          621.09375,
          693.359375
        ],
        [
          621.09375,
          657.2265625
        ],
        [
          626.953125,
          632.8125
        ],
        [
          625.9765625,
          616.2109375
        ],
        [
          636.71875,
          560.546875
        ],
        [
          645.5078125,
          548.828125
        ],
        [
          687.5,
          559.5703125
        ],
        [
          729.4921875,
          583.984375
        ],
        [
          764.6484375,
          584.9609375
        ],
        [
          786.1328125,
          644.53125
        ],
        [
          789.0625,
          687.5
        ]
      ],
      "land_use": "Commercial"
    },
    {
      "id": "P019",
      "area_px": 118907.0,
      "centroid_norm": [
        0.6231018680828294,
        0.5001048860007191
      ],
      "polygon": [
        [
          871.09375,
          690.4296875
        ],
        [
          850.5859375,
          691.40625
        ],
        [
          828.125,
          704.1015625
        ],
        [
          801.7578125,
          707.03125
        ],
        [
          804.6875,
          692.3828125
        ],
        [
          801.7578125,
          636.71875
        ],
        [
          798.828125,
          623.046875
        ],
        [
          781.25,
          582.03125
        ],
        [
          785.15625,
          516.6015625
        ],
        [
          770.5078125,
          512.6953125
        ],
        [
          758.7890625,
          514.6484375
        ],
        [
          758.7890625,
          525.390625
        ],
        [
          761.71875,
          528.3203125
        ],
        [
          772.4609375,
          529.296875
        ],
        [
          768.5546875,
          566.40625
        ],
        [
          740.234375,
          566.40625
        ],
        [
          731.4453125,
          563.4765625
        ],
        [
          696.2890625,
          541.9921875
        ],
        [
          654.296875,
          530.2734375
        ],
        [
          640.625,
          529.296875
        ],
        [
          639.6484375,
          524.4140625
        ],
        [
          652.34375,
          499.0234375
        ],
        [
          663.0859375,
          498.046875
        ],
        [
          670.8984375,
          491.2109375
        ],
        [
          670.8984375,
          473.6328125
        ],
        [
          661.1328125,
          472.65625
        ],
        [
          658.203125,
          479.4921875
        ],
        [
          648.4375,
          480.46875
        ],
        [
          641.6015625,
          488.28125
        ],
        [
          626.953125,
          516.6015625
        ],
        [
          624.0234375,
          554.6875
        ],
        [
          617.1875,
          580.078125
        ],
        [
          605.46875,
          655.2734375
        ],
        [
          593.75,
          657.2265625
        ],
        [
          596.6796875,
          673.828125
        ],
        [
          588.8671875,
          673.828125
        ],
        [
          586.9140625,
          649.4140625
        ],
        [
          551.7578125,
          649.4140625
        ],
        [
          548.828125,
          652.34375
        ],
        [
          548.828125,
          659.1796875
        ],
        [
          551.7578125,
          663.0859375
        ],
        [
          556.640625,
          663.0859375
        ],
        [
          556.640625,
          673.828125
        ],
        [
          546.875,
          675.78125
        ],
        [
          546.875,
          686.5234375
        ],
        [
          557.6171875,
          687.5
        ],
        [
          556.640625,
          704.1015625
        ],
        [
          551.7578125,
          708.0078125
        ],
        [
          550.78125,
          694.3359375
        ],
        [
          541.015625,
          692.3828125
        ],
        [
          540.0390625,
          702.1484375
        ],
        [
          536.1328125,
          705.078125
        ],
        [
          526.3671875,
          698.2421875
        ],
        [
          514.6484375,
          698.2421875
        ],
        [
          496.09375,
          670.8984375
        ],
        [
          497.0703125,
          654.296875
        ],
        [
          489.2578125,
          653.3203125
        ],
        [
          482.421875,
          663.0859375
        ],
        [
          482.421875,
          676.7578125
        ],
        [
          500.9765625,
          705.078125
        ],
        [
          487.3046875,
          717.7734375
        ],
        [
          445.3125,
          617.1875
        ],
        [
          435.546875,
          601.5625
        ],
        [
          437.5,
          596.6796875
        ],
        [
          462.890625,
          581.0546875
        ],
        [
          466.796875,
          586.9140625
        ],
        [
          473.6328125,
          586.9140625
        ],
        [
          474.609375,
          571.2890625
        ],
        [
          468.75,
          563.4765625
        ],
        [
          442.3828125,
          566.40625
        ],
        [
          426.7578125,
          577.1484375
        ],
        [
          415.0390625,
          548.828125
        ],
        [
          423.828125,
          535.15625
        ],
        [
          422.8515625,
          518.5546875
        ],
        [
          400.390625,
          479.4921875
        ],
        [
          392.578125,
          472.65625
        ],
        [
          386.71875,
          472.65625
        ],
        [
          382.8125,
          477.5390625
        ],
        [
          376.953125,
          465.8203125
        ],
        [
          394.53125,
          457.03125
        ],
        [
          407.2265625,
          443.359375
        ],
        [
          436.5234375,
          439.453125
        ],
        [
          450.1953125,
          424.8046875
        ],
        [
          468.75,
          417.96875
        ],
        [
          468.75,
          411.1328125
        ],
        [
          459.9609375,
          399.4140625
        ],
        [
          460.9375,
          370.1171875
        ],
        [
          495.1171875,
          364.2578125
        ],
        [
          491.2109375,
          321.2890625
        ],
        [
          473.6328125,
          321.2890625
        ],
        [
          486.328125,
          300.78125
        ],
        [
          487.3046875,
