{
  "site": {
    "width_m": 1000.0,
    "height_m": 1000.0
  },
  "parcels": [
    {
      "id": "P005",
      "area_px": 2130.0,
      "centroid_norm": [
        0.46177422608568075,
        0.9365362749413145
      ],
      "polygon": [
        [
          492.1875,
          965.8203125
        ],
        [
          488.28125,
          967.7734375
        ],
        [
          422.8515625,
          932.6171875
        ],
        [
          443.359375,
          911.1328125
        ],
        [
          451.171875,
          916.015625
        ],
        [
          461.9140625,
          914.0625
        ],
        [
          484.375,
          925.78125
        ]
      ],
      "land_use": "Green"
    },
    {
      "id": "P006",
      "area_px": 314017.0,
      "centroid_norm": [
        0.4703798723227962,
        0.4331789168908451
      ],
      "polygon": [
        [
          141.6015625,
          963.8671875
        ],
        [
          153.3203125,
          937.5
        ],
        [
          272.4609375,
          748.046875
        ],
        [
          272.4609375,
          153.3203125
        ],
        [
          455.078125,
          81.0546875
        ],
        [
          516.6015625,
          66.40625
        ],
        [
          630.859375,
          23.4375
        ],
        [
          721.6796875,
          179.6875
        ],
        [
          849.609375,
          456.0546875
        ],
        [
          742.1875,
          469.7265625
        ],
        [
          687.5,
          483.3984375
        ],
        [
          666.015625,
          492.1875
        ],
        [
          625.9765625,
          515.625
        ],
        [
          478.515625,
          618.1640625
        ],
        [
          447.265625,
          646.484375
        ],
        [
          422.8515625,
          684.5703125
        ],
        [
          411.1328125,
          723.6328125
        ],
        [
          404.296875,
          822.265625
        ],
        [
          399.4140625,
          853.515625
        ],
        [
          384.765625,
          881.8359375
        ],
        [
          356.4453125,
          911.1328125
        ],
        [
          357.421875,
          919.921875
        ],
        [
          444.3359375,
          966.796875
        ],
        [
          430.6640625,
          963.8671875
        ],
        [
          302.734375,
          961.9140625
        ]
      ],
      "land_use": "Commercial"
    },
    {
      "id": "P007",
      "area_px": 1707.0,
      "centroid_norm": [
        0.4296062628148799,
        0.881698063122437
      ],
      "polygon": [
        [
          396.484375,
          917.96875
        ],
        [
          421.875,
          883.7890625
        ],
        [
          430.6640625,
          864.2578125
        ],
        [
          434.5703125,
          843.75
        ],
        [
          454.1015625,
          843.75
        ],
        [
          449.21875,
          868.1640625
        ],
        [
          432.6171875,
          898.4375
        ],
        [
          408.203125,
          923.828125
        ]
      ],
      "land_use": "Public"
    },
    {
      "id": "P011",
      "area_px": 5885.0,
      "centroid_norm": [
        0.49382566907391673,
        0.6943455620751912
      ],
      "polygon": [
        [
          435.546875,
          830.078125
        ],
        [
          445.3125,
          721.6796875
        ],
        [
          455.078125,
          694.3359375
        ],
        [
          476.5625,
          661.1328125
        ],
        [
          500.9765625,
          638.671875
        ],
        [
          615.234375,
          560.546875
        ],
        [
          624.0234375,
          568.359375
        ],
        [
          489.2578125,
          665.0390625
        ],
        [
          466.796875,
          705.078125
        ],
        [
          456.0546875,
          830.078125
        ]
      ],
      "land_use": "Public"
    },
    {
      "id": "P012",
      "area_px": 1720.0,
      "centroid_norm": [
        0.4957320812136628,
        0.7851267260174418
      ],
      "polygon": [
        [
          503.90625,
          808.59375
        ],
        [
          475.5859375,
          805.6640625
        ],
        [
          479.4921875,
          759.765625
        ],
        [
          523.4375,
          774.4140625
        ]
      ],
      "land_use": "Public"
    },
    {
      "id": "P034",
      "area_px": 5157.0,
      "centroid_norm": [
        0.6934722373715339,
        0.5415469871049059
      ],
      "polygon": [
        [
          623.046875,
          546.875
        ],
        [
          641.6015625,
          534.1796875
        ],
        [
          653.3203125,
          534.1796875
        ],
        [
          668.9453125,
          522.4609375
        ],
        [
          692.3828125,
          510.7421875
        ],
        [
          751.953125,
          493.1640625
        ],
        [
          759.765625,
          493.1640625
        ],
        [
          761.71875,
          503.90625
        ],
        [
          720.703125,
          514.6484375
        ],
        [
          660.15625,
          540.0390625
        ],
        [
          660.15625,
          546.875
        ],
        [
          666.015625,
          551.7578125
        ],
        [
          676.7578125,
          551.7578125
        ],
        [
          724.609375,
          531.25
        ],
        [
          769.53125,
          518.5546875
        ],
        [
          676.7578125,
          588.8671875
        ]
      ],
      "land_use": "Residential"
    }
  ]
}