{
  "site": {
    "width_m": 1000.0,
    "height_m": 1000.0
  },
  "parcels": [
    {
      "id": "P012",
      "area_px": 2327.0,
      "centroid_norm": [
        0.48058583678018907,
        0.897408898931027
      ],
      "polygon": [
        [
          434.5703125,
          910.15625
        ],
        [
          434.5703125,
          886.71875
        ],
        [
          541.9921875,
          886.71875
        ],
        [
          523.4375,
          901.3671875
        ],
        [
          504.8828125,
          908.203125
        ]
      ],
      "land_use": "Residential"
    },
    {
      "id": "P013",
      "area_px": 3591.0,
      "centroid_norm": [
        0.466844193817878,
        0.8487600838032582
      ],
      "polygon": [
        [
          536.1328125,
          875.0
        ],
        [
          500.0,
          874.0234375
        ],
        [
          498.046875,
          862.3046875
        ],
        [
          492.1875,
          857.421875
        ],
        [
          481.4453125,
          859.375
        ],
        [
          481.4453125,
          868.1640625
        ],
        [
          485.3515625,
          874.0234375
        ],
        [
          434.5703125,
          874.0234375
        ],
        [
          434.5703125,
          818.359375
        ],
        [
          485.3515625,
          822.265625
        ],
        [
          488.28125,
          825.1953125
        ],
        [
          489.2578125,
          841.796875
        ],
        [
          493.1640625,
          848.6328125
        ],
        [
          509.765625,
          862.3046875
        ]
      ],
      "land_use": "Residential"
    },
    {
      "id": "P019",
      "area_px": 63815.0,
      "centroid_norm": [
        0.5314313867478258,
        0.6557738310937867
      ],
      "polygon": [
        [
          582.03125,
          816.40625
        ],
        [
          571.2890625,
          816.40625
        ],
        [
          534.1796875,
          805.6640625
        ],
        [
          490.234375,
          798.828125
        ],
        [
          406.25,
          795.8984375
        ],
        [
          407.2265625,
          712.890625
        ],
        [
          432.6171875,
          708.984375
        ],
        [
          437.5,
          669.921875
        ],
        [
          434.5703125,
          569.3359375
        ],
        [
          443.359375,
          569.3359375
        ],
        [
          444.3359375,
          562.5
        ],
        [
          425.78125,
          510.7421875
        ],
        [
          446.2890625,
          511.71875
        ],
        [
          480.46875,
          503.90625
        ],
        [
          526.3671875,
          503.90625
        ],
        [
          529.296875,
          500.0
        ],
        [
          543.9453125,
          499.0234375
        ],
        [
          558.59375,
          500.0
        ],
        [
          560.546875,
          509.765625
        ],
        [
          575.1953125,
          510.7421875
        ],
        [
          581.0546875,
          507.8125
        ],
        [
          581.0546875,
          498.046875
        ],
        [
          594.7265625,
          498.046875
        ],
        [
          601.5625,
          532.2265625
        ],
        [
          630.859375,
          564.453125
        ],
        [
          652.34375,
          594.7265625
        ],
        [
          660.15625,
          629.8828125
        ],
        [
          671.875,
          631.8359375
        ],
        [
          686.5234375,
          625.0
        ],
        [
          690.4296875,
          628.90625
        ],
        [
          688.4765625,
          657.2265625
        ],
        [
          664.0625,
          665.0390625
        ],
        [
          649.4140625,
          674.8046875
        ],
        [
          629.8828125,
          693.359375
        ],
        [
          606.4453125,
          723.6328125
        ],
        [
          602.5390625,
          736.328125
        ],
        [
          602.5390625,
          790.0390625
        ],
        [
          594.7265625,
          804.6875
        ]
      ],
      "land_use": "Commercial"
    },
    {
      "id": "P020",
      "area_px": 2145.0,
      "centroid_norm": [
        0.6512556453962703,
        0.7376119973776224
      ],
      "polygon": [
        [
          630.859375,
          774.4140625
        ],
        [
          633.7890625,
          733.3984375
        ],
        [
          645.5078125,
          720.703125
        ],
        [
          656.25,
          701.171875
        ],
        [
          672.8515625,
          686.5234375
        ],
        [
          677.734375,
          688.4765625
        ],
        [
          659.1796875,
          736.328125
        ],
        [
          660.15625,
          780.2734375
        ],
        [
          648.4375,
          775.390625
        ]
      ],
      "land_use": "Public"
    },
    {
      "id": "P022",
      "area_px": 2234.0,
      "centroid_norm": [
        0.4935963903032677,
        0.4795201642233662
      ],
      "polygon": [
        [
          425.78125,
          483.3984375
        ],
        [
          528.3203125,
          461.9140625
        ],
        [
          553.7109375,
          485.3515625
        ],
        [
          470.703125,
          487.3046875
        ],
        [
          434.5703125,
          494.140625
        ]
      ],
      "land_use": "Residential"
    },
    {
      "id": "P023",
      "area_px": 2097.0,
      "centroid_norm": [
        0.5650552686874106,
        0.44169172105984744
      ],
      "polygon": [
        [
          588.8671875,
          478.515625
        ],
        [
          574.21875,
          479.4921875
        ],
        [
          554.6875,
          459.9609375
        ],
        [
          554.6875,
          455.078125
        ],
        [
          573.2421875,
          453.125
        ],
        [
          575.1953125,
          446.2890625
        ],
        [
          587.890625,
          447.265625
        ],
        [
          588.8671875,
          430.6640625
        ],
        [
          578.125,
          429.6875
        ],
        [
          572.265625,
          436.5234375
        ],
        [
          573.2421875,
          443.359375
        ],
        [
          540.0390625,
          445.3125
        ],
        [
          534.1796875,
          439.453125
        ],
        [
          542.96875,
          436.5234375
        ],
        [
          542.96875,
          429.6875
        ],
        [
          538.0859375,
          426.7578125
        ],
        [
          521.484375,
          427.734375
        ],
        [
          516.6015625,
          421.875
        ],
        [
          591.796875,
          418.9453125
        ],
        [
          595.703125,
          429.6875
        ],
        [
          583.984375,
          458.0078125
        ],
        [
          583.984375,
          466.796875
        ]
      ],
      "land_use": "Residential"
    },
    {
      "id": "P024",
      "area_px": 15825.0,
      "centroid_norm": [
        0.40172053959320697,
        0.4107810031595577
      ],