{
  "site": {
    "width_m": 1000.0,
    "height_m": 1000.0
  },
  "parcels": [
    {
      "id": "P023",
      "area_px": 2080.0,
      "centroid_norm": [
        0.7406329815204327,
        0.5741600623497596
      ],
      "polygon": [
        [
          664.0625,
          651.3671875
        ],
        [
          669.921875,
          643.5546875
        ],
        [
          669.921875,
          635.7421875
        ],
        [
          665.0390625,
          631.8359375
        ],
        [
          680.6640625,
          624.0234375
        ],
        [
          683.59375,
          616.2109375
        ],
        [
          705.078125,
          607.421875
        ],
        [
          736.328125,
          582.03125
        ],
        [
          803.7109375,
          500.0
        ],
        [
          805.6640625,
          485.3515625
        ],
        [
          813.4765625,
          486.328125
        ],
        [
          809.5703125,
          492.1875
        ],
        [
          809.5703125,
          501.953125
        ],
        [
          814.453125,
          503.90625
        ],
        [
          787.109375,
          533.203125
        ],
        [
          779.296875,
          534.1796875
        ],
        [
          774.4140625,
          550.78125
        ],
        [
          759.765625,
          573.2421875
        ],
        [
          744.140625,
          579.1015625
        ],
        [
          675.78125,
          644.53125
        ]
      ],
      "land_use": "Commercial"
    },
    {
      "id": "P050",
      "area_px": 1757.0,
      "centroid_norm": [
        0.2861906169963005,
        0.5792905387379055
      ],
      "polygon": [
        [
          300.78125,
          620.1171875
        ],
        [
          269.53125,
          589.84375
        ],
        [
          275.390625,
          575.1953125
        ],
        [
          276.3671875,
          563.4765625
        ],
        [
          267.578125,
          562.5
        ],
        [
          267.578125,
          558.59375
        ],
        [
          259.765625,
          550.78125
        ],
        [
          267.578125,
          531.25
        ],
        [
          271.484375,
          534.1796875
        ],
        [
          269.53125,
          548.828125
        ],
        [
          277.34375,
          550.78125
        ],
        [
          280.2734375,
          544.921875
        ],
        [
          283.203125,
          546.875
        ],
        [
          279.296875,
          562.5
        ],
        [
          285.15625,
          569.3359375
        ],
        [
          295.8984375,
          570.3125
        ],
        [
          293.9453125,
          558.59375
        ],
        [
          308.59375,
          573.2421875
        ],
        [
          305.6640625,
          590.8203125
        ],
        [
          298.828125,
          592.7734375
        ],
        [
          298.828125,
          598.6328125
        ],
        [
          303.7109375,
          604.4921875
        ]
      ],
      "land_use": "Public"
    },
    {
      "id": "P077",
      "area_px": 1736.0,
      "centroid_norm": [
        0.10590584047379033,
        0.5439588133640554
      ],
      "polygon": [
        [
          118.1640625,
          579.1015625
        ],
        [
          102.5390625,
          571.2890625
        ],
        [
          102.5390625,
          553.7109375
        ],
        [
          93.75,
          554.6875
        ],
        [
          91.796875,
          567.3828125
        ],
        [
          87.890625,
          564.453125
        ],
        [
          89.84375,
          539.0625
        ],
        [
          83.0078125,
          536.1328125
        ],
        [
          79.1015625,
          530.2734375
        ],
        [
          84.9609375,
          516.6015625
        ],
        [
          134.765625,
          539.0625
        ],
        [
          127.9296875,
          556.640625
        ],
        [
          115.234375,
          551.7578125
        ],
        [
          108.3984375,
          552.734375
        ],
        [
          109.375,
          563.4765625
        ],
        [
          121.09375,
          570.3125
        ]
      ],
      "land_use": "Residential"
    },
    {
      "id": "P126",
      "area_px": 4020.0,
      "centroid_norm": [
        0.5721014070273632,
        0.4718966204135572
      ],
      "polygon": [
        [
          570.3125,
          524.4140625
        ],
        [
          555.6640625,
          496.09375
        ],
        [
          537.109375,
          445.3125
        ],
        [
          545.8984375,
          424.8046875
        ],
        [
          575.1953125,
          447.265625
        ],
        [
          582.03125,
          450.1953125
        ],
        [
          606.4453125,
          451.171875
        ],
        [
          606.4453125,
          482.421875
        ]
      ],
      "land_use": "Commercial"
    }
  ]
}