{
  "site": {
    "width_m": 1000,
    "height_m": 1000
  },
  "parcels": [
    {
      "id": "P003",
      "area_px": 2736,
      "centroid_norm": [
        0.5210838987116229,
        0.9131412617644371
      ],
      "polygon": [
        [
          559.5703125,
          945.3125
        ],
        [
          530.2734375,
          954.1015625
        ],
        [
          482.421875,
          880.859375
        ],
        [
          511.71875,
          872.0703125
        ],
        [
          531.25,
          901.3671875
        ],
        [
          527.34375,
          904.296875
        ],
        [
          527.34375,
          910.15625
        ],
        [
          540.0390625,
          914.0625
        ]
      ],
      "land_use": "Residential"
    },
    {
      "id": "P004",
      "area_px": 2035,
      "centroid_norm": [
        0.5846912430896806,
        0.9134012208230958
      ],
      "polygon": [
        [
          575.1953125,
          940.4296875
        ],
        [
          573.2421875,
          936.5234375
        ],
        [
          585.9375,
          931.640625
        ],
        [
          585.9375,
          923.828125
        ],
        [
          565.4296875,
          925.78125
        ],
        [
          548.828125,
          900.390625
        ],
        [
          594.7265625,
          889.6484375
        ],
        [
          618.1640625,
          928.7109375
        ]
      ],
      "land_use": "Residential"
    },
    {
      "id": "P008",
      "area_px": 2041,
      "centroid_norm": [
        0.6361823822574718,
        0.8889589585374816
      ],
      "polygon": [
        [
          675.78125,
          912.109375
        ],
        [
          662.109375,
          915.0390625
        ],
        [
          652.34375,
          902.34375
        ],
        [
          623.046875,
          909.1796875
        ],
        [
          603.515625,
          878.90625
        ],
        [
          603.515625,
          875.9765625
        ],
        [
          616.2109375,
          871.09375
        ],
        [
          616.2109375,
          865.234375
        ],
        [
          612.3046875,
          860.3515625
        ],
        [
          604.4921875,
          860.3515625
        ],
        [
          603.515625,
          864.2578125
        ],
        [
          598.6328125,
          866.2109375
        ],
        [
          593.75,
          863.28125
        ],
        [
          618.1640625,
          855.46875
        ],
        [
          618.1640625,
          861.328125
        ],
        [
          628.90625,
          876.953125
        ],
        [
          636.71875,
          877.9296875
        ],
        [
          651.3671875,
          873.046875
        ]
      ],
      "land_use": "Commercial"
    },
    {
      "id": "P009",
      "area_px": 2583,
      "centroid_norm": [
        0.6896247701316299,
        0.8687164271196284
      ],
      "polygon": [
        [
          730.46875,
          895.5078125
        ],
        [
          691.40625,
          907.2265625
        ],
        [
          687.5,
          900.390625
        ],
        [
          702.1484375,
          896.484375
        ],
        [
          703.125,
          888.671875
        ],
        [
          700.1953125,
          885.7421875
        ],
        [
          679.6875,
          889.6484375
        ],
        [
          676.7578125,
          881.8359375
        ],
        [
          688.4765625,
          878.90625
        ],
        [
          689.453125,
          869.140625
        ],
        [
          678.7109375,
          868.1640625
        ],
        [
          668.9453125,
          871.09375
        ],
        [
          645.5078125,
          833.0078125
        ],
        [
          659.1796875,
          829.1015625
        ],
        [
          668.9453125,
          840.8203125
        ],
        [
          674.8046875,
          840.8203125
        ],
        [
          677.734375,
          834.9609375
        ],
        [
          692.3828125,
          857.421875
        ],
        [
          707.03125,
          856.4453125
        ]
      ],
      "land_use": "Commercial"
    },
    {
      "id": "P012",
      "area_px": 2662,
      "centroid_norm": [
        0.736296575648009,
        0.8399864557898197
      ],
      "polygon": [
        [
          732.421875,
          872.0703125
        ],
        [
          699.21875,
          817.3828125
        ],
        [
          716.796875,
          812.5
        ],
        [
          721.6796875,
          818.359375
        ],
        [
          729.4921875,
          818.359375
        ],
        [
          730.46875,
          808.59375
        ],
        [
          739.2578125,
          806.640625
        ],
        [
          772.4609375,
          860.3515625
        ]
      ],
      "land_use": "Commercial"
    },
    {
      "id": "P035",
      "area_px": 12849,
      "centroid_norm": [
        0.4869090159010429,
        0.7145168611127325
      ],
      "polygon": [
        [
          440.4296875,
          793.9453125
        ],
        [
          398.4375,
          698.2421875
        ],
        [
          616.2109375,
          650.390625
        ],
        [
          524.4140625,
          731.4453125
        ]
      ],
      "land_use": "Public"
    },
    {
      "id": "P077",
      "area_px": 1561,
      "centroid_norm": [
        0.4743797795884049,
        0.6456229230060859
      ],
      "polygon": [
        [
          514.6484375,
          651.3671875
        ],
        [
          482.421875,
          658.203125
        ],
        [
          468.75,
          654.296875
        ],
        [
          452.1484375,
          655.2734375
        ],
        [
          419.921875,
          651.3671875
        ],
        [
          421.875,
          645.5078125
        ],
        [
          459.9609375,
          636.71875
        ],
        [
          462.890625,
          646.484375
        ],
        [
          470.703125,
          646.484375
        ],
        [
          482.421875,
          632.8125
        ],
        [
          499.0234375,
          627.9296875
        ],
        [
          503.90625,
          629.8828125
        ]
      ],
      "land_use": "Residential"
    },
    {
      "id": "P080",
      "area_px": 1803,
      "centroid_norm": [
        0.40019942890321686,
        0.6212632808166945
      ],
      "polygon": [
        [
          368.1640625,
          633.7890625
        ],
        [
          373.046875,
          630.859375
        ],
        [
          373.046875,
          624.0234375
        ],
        [
          368.1640625,
          618.1640625
        ],
        [
          370.1171875,
          614.2578125
        ],
        [
          441.40625,
          598.6328125
        ],
        [
          417.96875,
          631.8359375
        ],
        [
          376.953125,
          640.625
        ],
        [
          375.0,
          645.5078125
        ]
      ],
      "land_use": "Green"
    },
    {
      "id": "P108",
      "area_px": 2509,
      "centroid_norm": [
        0.6447441554155042,
        0.5342559753636907
      ],