{
  "site": {
    "width_m": 1000.0,
    "height_m": 1000.0
  },
  "parcels": [
    {
      "id": "P002",
      "area_px": 201284.0,
      "centroid_norm": [
        0.6801954887124659,
        0.49701911773290475
      ],
      "polygon": [
        [
          546.875,
          759.765625
        ],
        [
          539.0625,
          727.5390625
        ],
        [
          527.34375,
          726.5625
        ],
        [
          525.390625,
          715.8203125
        ],
        [
          533.203125,
          707.03125
        ],
        [
          533.203125,
          700.1953125
        ],
        [
          521.484375,
          700.1953125
        ],
        [
          519.53125,
          693.359375
        ],
        [
          526.3671875,
          689.453125
        ],
        [
          527.34375,
          677.734375
        ],
        [
          518.5546875,
          675.78125
        ],
        [
          516.6015625,
          678.7109375
        ],
        [
          503.90625,
          623.046875
        ],
        [
          511.71875,
          616.2109375
        ],
        [
          511.71875,
          606.4453125
        ],
        [
          500.0,
          557.6171875
        ],
        [
          493.1640625,
          556.640625
        ],
        [
          489.2578125,
          560.546875
        ],
        [
          498.046875,
          606.4453125
        ],
        [
          478.515625,
          622.0703125
        ],
        [
          462.890625,
          550.78125
        ],
        [
          459.9609375,
          546.875
        ],
        [
          453.125,
          546.875
        ],
        [
          437.5,
          558.59375
        ],
        [
          437.5,
          549.8046875
        ],
        [
          428.7109375,
          527.34375
        ],
        [
          436.5234375,
          522.4609375
        ],
        [
          437.5,
          512.6953125
        ],
        [
          424.8046875,
          510.7421875
        ],
        [
          402.34375,
          413.0859375
        ],
        [
          413.0859375,
          419.921875
        ],
        [
          446.2890625,
          414.0625
        ],
        [
          456.0546875,
          409.1796875
        ],
        [
          458.0078125,
          397.4609375
        ],
        [
          456.0546875,
          394.53125
        ],
        [
          449.21875,
          394.53125
        ],
        [
          446.2890625,
          371.09375
        ],
        [
          439.453125,
          371.09375
        ],
        [
          437.5,
          377.9296875
        ],
        [
          431.640625,
          378.90625
        ],
        [
          431.640625,
          399.4140625
        ],
        [
          418.9453125,
          402.34375
        ],
        [
          399.4140625,
          391.6015625
        ],
        [
          392.578125,
          311.5234375
        ],
        [
          423.828125,
          309.5703125
        ],
        [
          444.3359375,
          282.2265625
        ],
        [
          450.1953125,
          287.109375
        ],
        [
          456.0546875,
          287.109375
        ],
        [
          457.03125,
          276.3671875
        ],
        [
          505.859375,
          271.484375
        ],
        [
          505.859375,
          274.4140625
        ],
        [
          499.0234375,
          278.3203125
        ],
        [
          499.0234375,
          285.15625
        ],
        [
          509.765625,
          300.78125
        ],
        [
          518.5546875,
          306.640625
        ],
        [
          531.25,
          305.6640625
        ],
        [
          549.8046875,
          295.8984375
        ],
        [
          555.6640625,
          317.3828125
        ],
        [
          565.4296875,
          321.2890625
        ],
        [
          591.796875,
          322.265625
        ],
        [
          617.1875,
          311.5234375
        ],
        [
          635.7421875,
          314.453125
        ],
        [
          637.6953125,
          305.6640625
        ],
        [
          634.765625,
          266.6015625
        ],
        [
          659.1796875,
          270.5078125
        ],
        [
          731.4453125,
          236.328125
        ],
        [
          727.5390625,
          278.3203125
        ],
        [
          750.9765625,
          313.4765625
        ],
        [
          840.8203125,
          373.046875
        ],
        [
          865.234375,
          380.859375
        ],
        [
          877.9296875,
          389.6484375
        ],
        [
          888.671875,
          391.6015625
        ],
        [
          910.15625,
          417.96875
        ],
        [
          931.640625,
          433.59375
        ],
        [
          953.125,
          442.3828125
        ],
        [
          964.84375,
          468.75
        ],
        [
          964.84375,
          491.2109375
        ],
        [
          980.46875,
          561.5234375
        ],
        [
          988.28125,
          642.578125
        ],
        [
          953.125,
          649.4140625
        ],
        [
          929.6875,
          664.0625
        ],
        [
          916.015625,
          663.0859375
        ],
        [
          896.484375,
          654.296875
        ],
        [
          838.8671875,
          654.296875
        ],
        [
          773.4375,
          689.453125
        ],
        [
          708.0078125,
          708.984375
        ],
        [
          702.1484375,
          696.2890625
        ],
        [
          684.5703125,
          701.171875
        ],
        [
          665.0390625,
          701.171875
        ],
        [
          663.0859375,
          688.4765625
        ],
        [
          656.25,
          688.4765625
        ],
        [
          654.296875,
          694.3359375
        ],
        [
          633.7890625,
          698.2421875
        ],
        [
          633.7890625,
          685.546875
        ],
        [
          631.8359375,
          682.6171875
        ],
        [
          625.9765625,
          682.6171875
        ],
        [
          624.0234375,
          694.3359375
        ],
        [
          615.234375,
          695.3125
        ],
        [
          615.234375,
          705.078125
        ],
        [
          613.28125,
          690.4296875
        ],
        [
          602.5390625,
          690.4296875
        ],
        [
          604.4921875,
          717.7734375
        ],
        [
          609.375,
          733.3984375
        ]
      ],
      "land_use": "Commercial"
    },
    {
      "id": "P016",
      "area_px": 2149.0,
      "centroid_norm": [
        0.024332720160539785,
        0.4160233502501164
      ],