{
  "site": {
    "width_m": 1000.0,
    "height_m": 1000.0
  },
  "parcels": [
    {
      "id": "P001",
      "area_px": 50016.0,
      "centroid_norm": [
        0.5022148186017974,
        0.7697960871271193
      ],
      "polygon": [
        [
          510.7421875,
          971.6796875
        ],
        [
          473.6328125,
          919.921875
        ],
        [
          458.984375,
          913.0859375
        ],
        [
          432.6171875,
          911.1328125
        ],
        [
          433.59375,
          875.9765625
        ],
        [
          424.8046875,
          847.65625
        ],
        [
          430.6640625,
          813.4765625
        ],
        [
          445.3125,
          811.5234375
        ],
        [
          454.1015625,
          818.359375
        ],
        [
          461.9140625,
          818.359375
        ],
        [
          462.890625,
          810.546875
        ],
        [
          453.125,
          799.8046875
        ],
        [
          433.59375,
          799.8046875
        ],
        [
          433.59375,
          760.7421875
        ],
        [
          436.5234375,
          749.0234375
        ],
        [
          433.59375,
          708.984375
        ],
        [
          421.875,
          674.8046875
        ],
        [
          408.203125,
          651.3671875
        ],
        [
          406.25,
          637.6953125
        ],
        [
          411.1328125,
          619.140625
        ],
        [
          430.6640625,
          600.5859375
        ],
        [
          457.03125,
          591.796875
        ],
        [
          477.5390625,
          589.84375
        ],
        [
          480.46875,
          585.9375
        ],
        [
          491.2109375,
          586.9140625
        ],
        [
          500.9765625,
          583.984375
        ],
        [
          499.0234375,
          590.8203125
        ],
        [
          491.2109375,
          596.6796875
        ],
        [
          491.2109375,
          602.5390625
        ],
        [
          507.8125,
          605.46875
        ],
        [
          517.578125,
          583.0078125
        ],
        [
          528.3203125,
          570.3125
        ],
        [
          537.109375,
          568.359375
        ],
        [
          531.25,
          602.5390625
        ],
        [
          516.6015625,
          610.3515625
        ],
        [
          513.671875,
          624.0234375
        ],
        [
          538.0859375,
          675.78125
        ],
        [
          541.9921875,
          678.7109375
        ],
        [
          620.1171875,
          687.5
        ],
        [
          610.3515625,
          714.84375
        ],
        [
          565.4296875,
          799.8046875
        ],
        [
          559.5703125,
          824.21875
        ],
        [
          552.734375,
          820.3125
        ],
        [
          538.0859375,
          818.359375
        ],
        [
          518.5546875,
          805.6640625
        ],
        [
          508.7890625,
          806.640625
        ],
        [
          508.7890625,
          818.359375
        ],
        [
          516.6015625,
          823.2421875
        ],
        [
          519.53125,
          831.0546875
        ],
        [
          541.015625,
          834.9609375
        ],
        [
          541.015625,
          845.703125
        ],
        [
          548.828125,
          845.703125
        ],
        [
          551.7578125,
          841.796875
        ],
        [
          560.546875,
          842.7734375
        ],
        [
          561.5234375,
          859.375
        ],
        [
          567.3828125,
          875.9765625
        ],
        [
          589.84375,
          907.2265625
        ],
        [
          543.9453125,
          964.84375
        ],
        [
          514.6484375,
          964.84375
        ]
      ],
      "land_use": "Commercial"
    },
    {
      "id": "P002",
      "area_px": 49412.0,
      "centroid_norm": [
        0.7866717282745083,
        0.6906986908228264
      ],