{
  "site": {
    "width_m": 1000,
    "height_m": 1000
  },
  "parcels": [
    {
      "id": "P002",
      "area_px": 17702,
      "centroid_norm": [
        0.36068703174429445,
        0.8724218352799119
      ],
      "polygon": [
        [
          421.875,
          963.8671875
        ],
        [
          381.8359375,
          968.75
        ],
        [
          296.875,
          916.015625
        ],
        [
          291.015625,
          901.3671875
        ],
        [
          364.2578125,
          725.5859375
        ],
        [
          372.0703125,
          742.1875
        ],
        [
          425.78125,
          958.984375
        ]
      ],
      "land_use": "Residential"
    },
    {
      "id": "P003",
      "area_px": 2444,
      "centroid_norm": [
        0.45887209428702946,
        0.9077871669138707
      ],
      "polygon": [
        [
          454.1015625,
          952.1484375
        ],
        [
          436.5234375,
          888.671875
        ],
        [
          459.9609375,
          884.765625
        ],
        [
          452.1484375,
          842.7734375
        ],
        [
          460.9375,
          841.796875
        ],
        [
          471.6796875,
          885.7421875
        ],
        [
          466.796875,
          890.625
        ],
        [
          467.7734375,
          904.296875
        ],
        [
          479.4921875,
          948.2421875
        ]
      ],
      "land_use": "Public"
    },
    {
      "id": "P004",
      "area_px": 2286,
      "centroid_norm": [
        0.5168151588473315,
        0.9202285993547682
      ],
      "polygon": [
        [
          496.09375,
          946.2890625
        ],
        [
          492.1875,
          926.7578125
        ],
        [
          497.0703125,
          923.828125
        ],
        [
          497.0703125,
          916.015625
        ],
        [
          492.1875,
          898.4375
        ],
        [
          534.1796875,
          893.5546875
        ],
        [
          542.96875,
          939.453125
        ]
      ],
      "land_use": "Public"
    },
    {
      "id": "P009",
      "area_px": 2344,
      "centroid_norm": [
        0.4938844023304181,
        0.781116264265145
      ],
      "polygon": [
        [
          484.375,
          814.453125
        ],
        [
          473.6328125,
          773.4375
        ],
        [
          475.5859375,
          758.7890625
        ],
        [
          472.65625,
          750
        ],
        [
          501.953125,
          746.09375
        ],
        [
          516.6015625,
          810.546875
        ]
      ],
      "land_use": "Commercial"
    },
    {
      "id": "P011",
      "area_px": 2165,
      "centroid_norm": [
        0.41663809901847576,
        0.7441428803406467
      ],
      "polygon": [
        [
          410.15625,
          778.3203125
        ],
        [
          393.5546875,
          717.7734375
        ],
        [
          418.9453125,
          708.0078125
        ],
        [
          425.78125,
          716.796875
        ],
        [
          439.453125,
          772.4609375
        ]
      ],
      "land_use": "Residential"
    },
    {
      "id": "P016",
      "area_px": 1644,
      "centroid_norm": [
        0.476817332915146,
        0.713314158493005
      ],
      "polygon": [
        [
          469.7265625,
          738.28125
        ],
        [
          465.8203125,
          722.65625
        ],
        [
          458.984375,
          716.796875
        ],
        [
          454.1015625,
          695.3125
        ],
        [
          481.4453125,
          686.5234375
        ],
        [
          491.2109375,
          705.078125
        ],
        [
          499.0234375,
          734.375
        ]
      ],
      "land_use": "Residential"
    },
    {
      "id": "P021",
      "area_px": 11006,
      "centroid_norm": [
        0.3745794197483191,
        0.6385667299370799
      ],
      "polygon": [
        [
          467.7734375,
          665.0390625
        ],
        [
          377.9296875,
          695.3125
        ],
        [
          376.953125,
          693.359375
        ],
        [
          381.8359375,
          690.4296875
        ],
        [
          381.8359375,
          684.5703125
        ],
        [
          350.5859375,
          665.0390625
        ],
        [
          290.0390625,
          638.671875
        ],
        [
          322.265625,
          583.0078125
        ],
        [
          328.125,
          581.0546875
        ],
        [
          378.90625,
          598.6328125
        ],
        [
          409.1796875,
          614.2578125
        ],
        [
          437.5,
          633.7890625
        ]
      ],
      "land_use": "Commercial"
    },
    {
      "id": "P022",
      "area_px": 83700,
      "centroid_norm": [
        0.6023461768219833,
        0.38539498861260457
      ],