{
  "site": {
    "width_m": 1000,
    "height_m": 1000
  },
  "parcels": [
    {
      "id": "P001",
      "area_px": 2578,
      "centroid_norm": [
        0.61326874939391,
        0.9533962252715283
      ],
      "polygon": [
        [
          656.25,
          994.140625
        ],
        [
          629.8828125,
          978.515625
        ],
        [
          566.40625,
          930.6640625
        ],
        [
          548.828125,
          914.0625
        ],
        [
          532.2265625,
          890.625
        ],
        [
          576.171875,
          925.78125
        ],
        [
          613.28125,
          945.3125
        ],
        [
          662.109375,
          965.8203125
        ],
        [
          665.0390625,
          978.515625
        ]
      ],
      "land_use": "Residential"
    },
    {
      "id": "P003",
      "area_px": 87725,
      "centroid_norm": [
        0.6209010201446281,
        0.6510357963451125
      ],
      "polygon": [
        [
          648.4375,
          925.78125
        ],
        [
          616.2109375,
          923.828125
        ],
        [
          580.078125,
          901.3671875
        ],
        [
          527.34375,
          859.375
        ],
        [
          538.0859375,
          853.515625
        ],
        [
          535.15625,
          844.7265625
        ],
        [
          525.390625,
          844.7265625
        ],
        [
          514.6484375,
          849.609375
        ],
        [
          484.375,
          826.171875
        ],
        [
          478.515625,
          819.3359375
        ],
        [
          490.234375,
          814.453125
        ],
        [
          490.234375,
          805.6640625
        ],
        [
          478.515625,
          804.6875
        ],
        [
          469.7265625,
          808.59375
        ],
        [
          437.5,
          766.6015625
        ],
        [
          465.8203125,
          734.375
        ],
        [
          558.59375,
          694.3359375
        ],
        [
          561.5234375,
          691.40625
        ],
        [
          558.59375,
          669.921875
        ],
        [
          561.5234375,
          667.96875
        ],
        [
          616.2109375,
          664.0625
        ],
        [
          630.859375,
          564.453125
        ],
        [
          639.6484375,
          455.078125
        ],
        [
          631.8359375,
          446.2890625
        ],
        [
          624.0234375,
          446.2890625
        ],
        [
          619.140625,
          466.796875
        ],
        [
          616.2109375,
          468.75
        ],
        [
          475.5859375,
          460.9375
        ],
        [
          490.234375,
          432.6171875
        ],
        [
          510.7421875,
          416.9921875
        ],
        [
          512.6953125,
          410.15625
        ],
        [
          542.96875,
          391.6015625
        ],
        [
          549.8046875,
          381.8359375
        ],
        [
          561.5234375,
          380.859375
        ],
        [
          585.9375,
          354.4921875
        ],
        [
          589.84375,
          346.6796875
        ],
        [
          601.5625,
          350.5859375
        ],
        [
          577.1484375,
          374.0234375
        ],
        [
          578.125,
          383.7890625
        ],
        [
          589.84375,
          382.8125
        ],
        [
          618.1640625,
          355.46875
        ],
        [
          627.9296875,
          359.375
        ],
        [
          607.421875,
          377.9296875
        ],
        [
          609.375,
          386.71875
        ],
        [
          620.1171875,
          386.71875
        ],
        [
          643.5546875,
          364.2578125
        ],
        [
          658.203125,
          369.140625
        ],
        [
          658.203125,
          376.953125
        ],
        [
          667.96875,
          379.8828125
        ],
        [
          679.6875,
          377.9296875
        ],
        [
          688.4765625,
          369.140625
        ],
        [
          700.1953125,
          384.765625
        ],
        [
          705.078125,
          424.8046875
        ],
        [
          704.1015625,
          458.984375
        ],
        [
          710.9375,
          469.7265625
        ],
        [
          712.890625,
          487.3046875
        ],
        [
          722.65625,
          507.8125
        ],
        [
          722.65625,
          515.625
        ],
        [
          729.4921875,
          521.484375
        ],
        [
          733.3984375,
          530.2734375
        ],
        [
          761.71875,
          547.8515625
        ],
        [
          774.4140625,
          617.1875
        ],
        [
          783.203125,
          629.8828125
        ],
        [
          765.625,
          643.5546875
        ],
        [
          753.90625,
          649.4140625
        ],
        [
          728.515625,
          654.296875
        ],
        [
          711.9140625,
          662.109375
        ],
        [
          703.125,
          669.921875
        ],
        [
          699.21875,
          681.640625
        ],
        [
          697.265625,
          729.4921875
        ],
        [
          689.453125,
          751.953125
        ],
        [
          685.546875,
          778.3203125
        ],
        [
          680.6640625,
          783.203125
        ],
        [
          671.875,
          815.4296875
        ],
        [
          669.921875,
          866.2109375
        ],
        [
          646.484375,
          905.2734375
        ]
      ],
      "land_use": "Commercial"
    },
    {
      "id": "P010",
      "area_px": 4526,
      "centroid_norm": [
        0.4421506469564737,
        0.6303797244393504
      ],