{
  "site": {
    "width_m": 1000.0,
    "height_m": 1000.0
  },
  "parcels": [
    {
      "id": "P001",
      "area_px": 9746.0,
      "centroid_norm": [
        0.6355498008798481,
        0.92675630947953
      ],
      "polygon": [
        [
          667.96875,
          996.09375
        ],
        [
          634.765625,
          990.234375
        ],
        [
          611.328125,
          992.1875
        ],
        [
          607.421875,
          922.8515625
        ],
        [
          583.0078125,
          892.578125
        ],
        [
          583.984375,
          871.09375
        ],
        [
          566.40625,
          859.375
        ],
        [
          571.2890625,
          862.3046875
        ],
        [
          612.3046875,
          863.28125
        ],
        [
          664.0625,
          879.8828125
        ],
        [
          661.1328125,
          898.4375
        ],
        [
          684.5703125,
          913.0859375
        ],
        [
          673.828125,
          984.375
        ]
      ],
      "land_use": "Residential"
    },
    {
      "id": "P034",
      "area_px": 11409.0,
      "centroid_norm": [
        0.3998398160169603,
        0.7226623273019108
      ],
      "polygon": [
        [
          497.0703125,
          680.6640625
        ],
        [
          478.515625,
          684.5703125
        ],
        [
          480.46875,
          692.3828125
        ],
        [
          487.3046875,
          692.3828125
        ],
        [
          478.515625,
          706.0546875
        ],
        [
          478.515625,
          729.4921875
        ],
        [
          482.421875,
          741.2109375
        ],
        [
          481.4453125,
          764.6484375
        ],
        [
          289.0625,
          736.328125
        ],
        [
          300.78125,
          703.125
        ],
        [
          439.453125,
          686.5234375
        ],
        [
          458.984375,
          688.4765625
        ],
        [
          460.9375,
          683.59375
        ]
      ],
      "land_use": "Public"
    },
    {
      "id": "P056",
      "area_px": 1872.0,
      "centroid_norm": [
        0.3593776083400107,
        0.6663364508213141
      ],
      "polygon": [
        [
          334.9609375,
          686.5234375
        ],
        [
          333.0078125,
          650.390625
        ],
        [
          387.6953125,
          649.4140625
        ],
        [
          381.8359375,
          652.34375
        ],
        [
          383.7890625,
          667.96875
        ],
        [
          396.484375,
          666.9921875
        ],
        [
          398.4375,
          659.1796875
        ],
        [
          408.203125,
          660.15625
        ],
        [
          404.296875,
          662.109375
        ],
        [
          404.296875,
          668.9453125
        ],
        [
          376.953125,
          670.8984375
        ],
        [
          375.0,
          678.7109375
        ],
        [
          382.8125,
          681.640625
        ]
      ],
      "land_use": "Public"
    },
    {
      "id": "P061",
      "area_px": 1562.0,
      "centroid_norm": [
        0.4588355773847631,
        0.6650765745038412
      ],
      "polygon": [
        [
          415.0390625,
          677.734375
        ],
        [
          416.015625,
          661.1328125
        ],
        [
          447.265625,
          661.1328125
        ],
        [
          449.21875,
          653.3203125
        ],
        [
          446.2890625,
          652.34375
        ],
        [
          467.7734375,
          652.34375
        ],
        [
          511.71875,
          663.0859375
        ],
        [
          511.71875,
          666.015625
        ],
        [
          503.90625,
          668.9453125
        ]
      ],
      "land_use": "Public"
    },
    {
      "id": "P080",
      "area_px": 17175.0,
      "centroid_norm": [
        0.44116038937409024,
        0.5538560430312955
      ],
      "polygon": [
        [
          312.5,
          570.3125
        ],
        [
          325.1953125,
          529.296875
        ],
        [
          359.375,
          529.296875
        ],
        [
          406.25,
          522.4609375
        ],
        [
          435.546875,
          522.4609375
        ],
        [
          459.9609375,
          517.578125
        ],
        [
          480.46875,
          508.7890625
        ],
        [
          504.8828125,
          504.8828125
        ],
        [
          569.3359375,
          511.71875
        ],
        [
          541.015625,
          555.6640625
        ],
        [
          530.2734375,
          559.5703125
        ],
        [
          530.2734375,
          565.4296875
        ],
        [
          475.5859375,
          564.453125
        ],
        [
          476.5625,
          574.21875
        ],
        [
          535.15625,
          576.171875
        ],
        [
          538.0859375,
          582.03125
        ],
        [
          534.1796875,
          594.7265625
        ],
        [
          523.4375,
          594.7265625
        ],
        [
          523.4375,
          583.0078125
        ],
        [
          510.7421875,
          583.0078125
        ],
        [
          507.8125,
          595.703125
        ],
        [
          380.859375,
          596.6796875
        ],
        [
          361.328125,
          592.7734375
        ],
        [
          356.4453125,
          595.703125
        ],
        [
          358.3984375,
          603.515625
        ],
        [
          350.5859375,
          606.4453125
        ],
        [
          339.84375,
          603.515625
        ],
        [
          346.6796875,
          586.9140625
        ],
        [
          344.7265625,
          568.359375
        ],
        [
          337.890625,
          562.5
        ],
        [
          332.03125,
          562.5
        ]
      ],
      "land_use": "Commercial"
    },
    {
      "id": "P081",
      "area_px": 4143.0,
      "centroid_norm": [
        0.5899908354453295,
        0.5529717388516775
      ],
      "polygon": [
        [
          549.8046875,
          594.7265625
        ],
        [
          551.7578125,
          565.4296875
        ],
        [
          583.984375,
          517.578125
        ],
        [
          641.6015625,
          526.3671875
        ],
        [
          616.2109375,
          565.4296875
        ],
        [
          598.6328125,
          565.4296875
        ],
        [
          574.21875,
          593.75
        ]
      ],
      "land_use": "Commercial"
    },
    {
      "id": "P086",
      "area_px": 63009.0,
      "centroid_norm": [
        0.4775835594915012,
        0.37183809430993986
      ],