{
  "site": {
    "width_m": 1000.0,
    "height_m": 1000.0
  },
  "parcels": [
    {
      "id": "P001",
      "area_px": 20075.0,
      "centroid_norm": [
        0.5059236846201743,
        0.8881888718088419
      ],
      "polygon": [
        [
          591.796875,
          965.8203125
        ],
        [
          565.4296875,
          990.234375
        ],
        [
          549.8046875,
          993.1640625
        ],
        [
          550.78125,
          979.4921875
        ],
        [
          547.8515625,
          976.5625
        ],
        [
          519.53125,
          972.65625
        ],
        [
          483.3984375,
          947.265625
        ],
        [
          480.46875,
          929.6875
        ],
        [
          461.9140625,
          899.4140625
        ],
        [
          439.453125,
          899.4140625
        ],
        [
          396.484375,
          875.0
        ],
        [
          385.7421875,
          873.046875
        ],
        [
          392.578125,
          864.2578125
        ],
        [
          400.390625,
          862.3046875
        ],
        [
          415.0390625,
          846.6796875
        ],
        [
          427.734375,
          841.796875
        ],
        [
          451.171875,
          840.8203125
        ],
        [
          465.8203125,
          827.1484375
        ],
        [
          465.8203125,
          822.265625
        ],
        [
          517.578125,
          792.96875
        ],
        [
          541.015625,
          792.96875
        ],
        [
          550.78125,
          803.7109375
        ],
        [
          544.921875,
          811.5234375
        ],
        [
          544.921875,
          819.3359375
        ],
        [
          553.7109375,
          840.8203125
        ],
        [
          550.78125,
          864.2578125
        ],
        [
          552.734375,
          894.53125
        ],
        [
          566.40625,
          901.3671875
        ],
        [
          567.3828125,
          916.9921875
        ],
        [
          580.078125,
          935.546875
        ]
      ],
      "land_use": "Residential"
    },
    {
      "id": "P002",
      "area_px": 3669.0,
      "centroid_norm": [
        0.40494658583742166,
        0.800161615903516
      ],
      "polygon": [
        [
          373.046875,
          844.7265625
        ],
        [
          370.1171875,
          834.9609375
        ],
        [
          374.0234375,
          828.125
        ],
        [
          374.0234375,
          820.3125
        ],
        [
          364.2578125,
          791.015625
        ],
        [
          380.859375,
          771.484375
        ],
        [
          413.0859375,
          770.5078125
        ],
        [
          419.921875,
          792.96875
        ],
        [
          433.59375,
          801.7578125
        ],
        [
          443.359375,
          801.7578125
        ],
        [
          445.3125,
          795.8984375
        ],
        [
          459.9609375,
          787.109375
        ],
        [
          459.9609375,
          794.921875
        ],
        [
          468.75,
          796.875
        ],
        [
          470.703125,
          784.1796875
        ],
        [
          482.421875,
          782.2265625
        ],
        [
          486.328125,
          786.1328125
        ],
        [
          484.375,
          791.015625
        ],
        [
          455.078125,
          807.6171875
        ],
        [
          413.0859375,
          811.5234375
        ],
        [
          397.4609375,
          816.40625
        ],
        [
          394.53125,
          819.3359375
        ],
        [
          394.53125,
          829.1015625
        ],
        [
          375.9765625,
          846.6796875
        ]
      ],
      "land_use": "Public"
    },
    {
      "id": "P004",
      "area_px": 3356.0,
      "centroid_norm": [
        0.5327177536501788,
        0.7592374781175506
      ],
      "polygon": [
        [
          601.5625,
          785.15625
        ],
        [
          588.8671875,
          785.15625
        ],
        [
          574.21875,
          780.2734375
        ],
        [
          560.546875,
          767.578125
        ],
        [
          547.8515625,
          760.7421875
        ],
        [
          528.3203125,
          760.7421875
        ],
        [
          500.0,
          780.2734375
        ],
        [
          490.234375,
          769.53125
        ],
        [
          476.5625,
          767.578125
        ],
        [
          472.65625,
          752.9296875
        ],
        [
          461.9140625,
          746.09375
        ],
        [
          472.65625,
          746.09375
        ],
        [
          492.1875,
          739.2578125
        ],
        [
          526.3671875,
          743.1640625
        ],
        [
          546.875,
          752.9296875
        ],
        [
          556.640625,
          752.9296875
        ],
        [
          565.4296875,
          748.046875
        ],
        [
          575.1953125,
          748.046875
        ],
        [
          579.1015625,
          750.9765625
        ],
        [
          597.65625,
          750.0
        ],
        [
          599.609375,
          755.859375
        ],
        [
          591.796875,
          770.5078125
        ],
        [
          591.796875,
          780.2734375
        ]
      ],
      "land_use": "Commercial"
    },
    {
      "id": "P017",
      "area_px": 2483.0,
      "centroid_norm": [
        0.5185696328785743,
        0.6967452898459525
      ],
      "polygon": [
        [
          550.78125,
          729.4921875
        ],
        [
          546.875,
          729.4921875
        ],
        [
          542.96875,
          735.3515625
        ],
        [
          539.0625,
          734.375
        ],
        [
          540.0390625,
          724.609375
        ],
        [
          528.3203125,
          723.6328125
        ],
        [
          508.7890625,
          706.0546875
        ],
        [
          495.1171875,
          708.984375
        ],
        [
          488.28125,
          698.2421875
        ],
        [
          479.4921875,
          697.265625
        ],
        [
          463.8671875,
          688.4765625
        ],
        [
          461.9140625,
          683.59375
        ],
        [
          489.2578125,
          680.6640625
        ],
        [
          494.140625,
          683.59375
        ],
        [
          490.234375,
          685.546875
        ],
        [
          491.2109375,
          699.21875
        ],
        [
          500.0,
          698.2421875
        ],
        [
          500.9765625,
          686.5234375
        ],
        [
          507.8125,
          685.546875
        ],
        [
          508.7890625,
          676.7578125
        ],
        [
          531.25,
          674.8046875
        ],
        [
          561.5234375,
          683.59375
        ],
        [
          553.7109375,
          686.5234375
        ],
        [
          550.78125,
          693.359375
        ],
        [
          541.9921875,
          693.359375
        ],
        [
          535.15625,
          697.265625
        ],
        [
          537.109375,
          712.890625
        ],
        [
          542.96875,
          712.890625
        ],
        [
          547.8515625,
          704.1015625
        ],
        [
          546.875,
          722.65625
        ]
      ],
      "land_use": "Public"
    },
    {
      "id": "P047",
      "area_px": 2151.0,
      "centroid_norm": [
        0.4546917676371455,
        0.6150527734193398
      ],