{
  "site": {
    "width_m": 1000.0,
    "height_m": 1000.0
  },
  "parcels": [
    {
      "id": "P001",
      "area_px": 4671.0,
      "centroid_norm": [
        0.28317740948137443,
        0.9397341140815672
      ],
      "polygon": [
        [
          199.21875,
          964.84375
        ],
        [
          362.3046875,
          893.5546875
        ],
        [
          430.6640625,
          856.4453125
        ],
        [
          394.53125,
          883.7890625
        ],
        [
          218.75,
          994.140625
        ]
      ],
      "land_use": "Green"
    },
    {
      "id": "P002",
      "area_px": 106874.0,
      "centroid_norm": [
        0.5341391169449539,
        0.7082202870757854
      ],
      "polygon": [
        [
          189.453125,
          950.1953125
        ],
        [
          184.5703125,
          942.3828125
        ],
        [
          184.5703125,
          878.90625
        ],
        [
          149.4140625,
          877.9296875
        ],
        [
          149.4140625,
          855.46875
        ],
        [
          193.359375,
          841.796875
        ],
        [
          250.9765625,
          815.4296875
        ],
        [
          482.421875,
          676.7578125
        ],
        [
          505.859375,
          655.2734375
        ],
        [
          513.671875,
          643.5546875
        ],
        [
          513.671875,
          635.7421875
        ],
        [
          520.5078125,
          622.0703125
        ],
        [
          531.25,
          616.2109375
        ],
        [
          544.921875,
          599.609375
        ],
        [
          544.921875,
          588.8671875
        ],
        [
          588.8671875,
          555.6640625
        ],
        [
          609.375,
          548.828125
        ],
        [
          678.7109375,
          513.671875
        ],
        [
          691.40625,
          513.671875
        ],
        [
          723.6328125,
          497.0703125
        ],
        [
          731.4453125,
          503.90625
        ],
        [
          748.046875,
          504.8828125
        ],
        [
          761.71875,
          517.578125
        ],
        [
          771.484375,
          517.578125
        ],
        [
          805.6640625,
          504.8828125
        ],
        [
          816.40625,
          518.5546875
        ],
        [
          831.0546875,
          525.390625
        ],
        [
          830.078125,
          535.15625
        ],
        [
          848.6328125,
          553.7109375
        ],
        [
          839.84375,
          582.03125
        ],
        [
          754.8828125,
          692.3828125
        ],
        [
          631.8359375,
          742.1875
        ],
        [
          510.7421875,
          809.5703125
        ],
        [
          421.875,
          843.75
        ],
        [
          358.3984375,
          878.90625
        ],
        [
          197.265625,
          950.1953125
        ]
      ],
      "land_use": "Commercial"
    },
    {
      "id": "P003",
      "area_px": 63862.0,
      "centroid_norm": [
        0.4031968926895102,
        0.4987450356824089
      ],
      "polygon": [
        [
          155.2734375,
          828.125
        ],
        [
          184.5703125,
          784.1796875
        ],
        [
          215.8203125,
          716.796875
        ],
        [
          269.53125,
          651.3671875
        ],
        [
          287.109375,
          615.234375
        ],
        [
          326.171875,
          575.1953125
        ],
        [
          331.0546875,
          562.5
        ],
        [
          331.0546875,
          535.15625
        ],
        [
          337.890625,
          528.3203125
        ],
        [
          344.7265625,
          525.390625
        ],
        [
          353.515625,
          526.3671875
        ],
        [
          356.4453125,
          523.4375
        ],
        [
          365.234375,
          489.2578125
        ],
        [
          368.1640625,
          458.0078125
        ],
        [
          401.3671875,
          370.1171875
        ],
        [
          414.0625,
          351.5625
        ],
        [
          429.6875,
          313.4765625
        ],
        [
          456.0546875,
          267.578125
        ],
        [
          480.46875,
          240.234375
        ],
        [
          505.859375,
          201.171875
        ],
        [
          508.7890625,
          179.6875
        ],
        [
          503.90625,
          165.0390625
        ],
        [
          493.1640625,
          152.34375
        ],
        [
          471.6796875,
          141.6015625
        ],
        [
          458.0078125,
          130.859375
        ],
        [
          455.078125,
          125.9765625
        ],
        [
          456.0546875,
          114.2578125
        ],
        [
          462.890625,
          108.3984375
        ],
        [
          498.046875,
          108.3984375
        ],
        [
          510.7421875,
          106.4453125
        ],
        [
          522.4609375,
          100.5859375
        ],
        [
          543.9453125,
          131.8359375
        ],
        [
          538.0859375,
          131.8359375
        ],
        [
          536.1328125,
          139.6484375
        ],
        [
          551.7578125,
          169.921875
        ],
        [
          554.6875,
          182.6171875
        ],
        [
          555.6640625,
          213.8671875
        ],
        [
          549.8046875,
          237.3046875
        ],
        [
          527.34375,
          282.2265625
        ],
        [
          478.515625,
          365.234375
        ],
        [
          473.6328125,
          380.859375
        ],
        [
          403.3203125,
          499.0234375
        ],
        [
          403.3203125,
          504.8828125
        ],
        [
          409.1796875,
          506.8359375
        ],
        [
          390.625,
          539.0625
        ],
        [
          375.0,
          557.6171875
        ],
        [
          357.421875,
          596.6796875
        ],
        [
          346.6796875,
          602.5390625
        ],
        [
          345.703125,
          618.1640625
        ],
        [
          358.3984375,
          618.1640625
        ],
        [
          419.921875,
          583.0078125
        ],
        [
          512.6953125,
          540.0390625
        ],
        [
          552.734375,
          535.15625
        ],
        [
          571.2890625,
          541.015625
        ],
        [
          583.984375,
          541.015625
        ],
        [
          564.453125,
          547.8515625
        ],
        [
          550.78125,
          541.015625
        ],
        [
          541.015625,
          541.015625
        ],
        [
          528.3203125,
          546.875
        ],
        [
          525.390625,
          555.6640625
        ],
        [
          544.921875,
          566.40625
        ],
        [
          520.5078125,
          603.515625
        ],
        [
          511.71875,
          590.8203125
        ],
        [
          497.0703125,
          581.0546875
        ],
        [
          481.4453125,
          584.9609375
        ],
        [
          481.4453125,
          592.7734375
        ],
        [
          493.1640625,
          602.5390625
        ],
        [
          500.0,
          623.046875
        ],
        [
          470.703125,
          641.6015625
        ],
        [
          470.703125,
          647.4609375
        ],
        [
          480.46875,
          654.296875
        ],
        [
          452.1484375,
          677.734375
        ],
        [
          381.8359375,
          686.5234375
        ],
        [
