{
  "site": {
    "width_m": 1000,
    "height_m": 1000
  },
  "parcels": [
    {
      "id": "P001",
      "area_px": 8571,
      "centroid_norm": [
        0.3738038789960331,
        0.9190567438528177
      ],
      "polygon": [
        [
          267.578125,
          958.984375
        ],
        [
          365.234375,
          912.109375
        ],
        [
          420.8984375,
          889.6484375
        ],
        [
          464.84375,
          831.0546875
        ],
        [
          474.609375,
          808.59375
        ],
        [
          475.5859375,
          715.8203125
        ],
        [
          481.4453125,
          683.59375
        ],
        [
          478.515625,
          717.7734375
        ],
        [
          478.515625,
          804.6875
        ],
        [
          455.078125,
          878.90625
        ],
        [
          397.4609375,
          934.5703125
        ],
        [
          329.1015625,
          994.140625
        ]
      ],
      "land_use": "Green"
    },
    {
      "id": "P002",
      "area_px": 178048,
      "centroid_norm": [
        0.5164700418303632,
        0.430900014278102
      ],
      "polygon": [
        [
          265.625,
          941.40625
        ],
        [
          265.625,
          907.2265625
        ],
        [
          287.109375,
          892.578125
        ],
        [
          289.0625,
          896.484375
        ],
        [
          295.8984375,
          896.484375
        ],
        [
          333.0078125,
          882.8125
        ],
        [
          339.84375,
          874.0234375
        ],
        [
          370.1171875,
          854.4921875
        ],
        [
          392.578125,
          833.0078125
        ],
        [
          415.0390625,
          798.828125
        ],
        [
          413.0859375,
          787.109375
        ],
        [
          400.390625,
          787.109375
        ],
        [
          389.6484375,
          808.59375
        ],
        [
          391.6015625,
          796.875
        ],
        [
          386.71875,
          795.8984375
        ],
        [
          389.6484375,
          792.96875
        ],
        [
          387.6953125,
          784.1796875
        ],
        [
          353.515625,
          781.25
        ],
        [
          333.0078125,
          817.3828125
        ],
        [
          321.2890625,
          831.0546875
        ],
        [
          299.8046875,
          844.7265625
        ],
        [
          285.15625,
          847.65625
        ],
        [
          264.6484375,
          840.8203125
        ],
        [
          271.484375,
          773.4375
        ],
        [
          274.4140625,
          777.34375
        ],
        [
          296.875,
          779.296875
        ],
        [
          305.6640625,
          767.578125
        ],
        [
          303.7109375,
          759.765625
        ],
        [
          291.015625,
          753.90625
        ],
        [
          281.25,
          753.90625
        ],
        [
          273.4375,
          764.6484375
        ],
        [
          291.9921875,
          696.2890625
        ],
        [
          308.59375,
          650.390625
        ],
        [
          309.5703125,
          633.7890625
        ],
        [
          389.6484375,
          420.8984375
        ],
        [
          404.296875,
          420.8984375
        ],
        [
          407.2265625,
          403.3203125
        ],
        [
          398.4375,
          398.4375
        ],
        [
          495.1171875,
          143.5546875
        ],
        [
          516.6015625,
          116.2109375
        ],
        [
          533.203125,
          108.3984375
        ],
        [
          540.0390625,
          97.65625
        ],
        [
          551.7578125,
          101.5625
        ],
        [
          583.0078125,
          99.609375
        ],
        [
          585.9375,
          109.375
        ],
        [
          598.6328125,
          111.328125
        ],
        [
          601.5625,
          108.3984375
        ],
        [
          598.6328125,
          89.84375
        ],
        [
          571.2890625,
          88.8671875
        ],
        [
          572.265625,
          81.0546875
        ],
        [
          564.453125,
          75.1953125
        ],
        [
          665.0390625,
          69.3359375
        ],
        [
          669.921875,
          66.40625
        ],
        [
          669.921875,
          61.5234375
        ],
        [
          679.6875,
          59.5703125
        ],
        [
          677.734375,
          50.78125
        ],
        [
          666.015625,
          49.8046875
        ],
        [
          667.96875,
          42.96875
        ],
        [
          698.2421875,
          41.015625
        ],
        [
          709.9609375,
          29.296875
        ],
        [
          707.03125,
          60.546875
        ],
        [
          712.890625,
          61.5234375
        ],
        [
          714.84375,
          211.9140625
        ],
        [
          734.375,
          263.671875
        ],
        [
          731.4453125,
          305.6640625
        ],
        [
          701.171875,
          399.4140625
        ],
        [
          695.3125,
          400.390625
        ],
        [
          508.7890625,
          353.515625
        ],
        [
          465.8203125,
          348.6328125
        ],
        [
          461.9140625,
          363.28125
        ],
        [
          466.796875,
          366.2109375
        ],
        [
          494.140625,
          370.1171875
        ],
        [
          584.9609375,
          392.578125
        ],
        [
          454.1015625,
          436.5234375
        ],
        [
          426.7578125,
          431.640625
        ],
        [
          407.2265625,
          433.59375
        ],
        [
          409.1796875,
          442.3828125
        ],
        [
          443.359375,
          448.2421875
        ],
        [
          461.9140625,
          448.2421875
        ],
        [
          607.421875,
          397.4609375
        ],
        [
          694.3359375,
          419.921875
        ],
        [
          678.7109375,
          474.609375
        ],
        [
          653.3203125,
          512.6953125
        ],
        [
          605.46875,
          559.5703125
        ],
        [
          480.46875,
          624.0234375
        ],
        [
          456.0546875,
          641.6015625
        ],
        [
          446.2890625,
          643.5546875
        ],
        [
          372.0703125,
          630.859375
        ],
        [
          355.46875,
          642.578125
        ],
        [
          355.46875,
          650.390625
        ],
        [
          333.984375,
          673.828125
        ],
        [
          333.984375,
          685.546875
        ],
        [
          355.46875,
          686.5234375
        ],
        [
          383.7890625,
          655.2734375
        ],
        [
          431.640625,
          664.0625
        ],
        [
          406.25,
          693.359375
        ],
        [
          380.859375,
          729.4921875
        ],
        [
          358.3984375,
          770.5078125
        ],
        [
          358.3984375,
          777.34375
        ],
        [
          361.328125,
          779.296875
        ],
        [
          396.484375,
          779.296875
        ],
        [
          436.5234375,
          706.0546875
        ],
        [
          460.9375,
          678.7109375
        ],
        [
          456.0546875,
          711.9140625
        ],
        [
          453.125,
          808.59375
        ],
        [
          442.3828125,
          829.1015625
        ],
        [
