{
  "site": {
    "width_m": 1000.0,
    "height_m": 1000.0
  },
  "parcels": [
    {
      "id": "P006",
      "area_px": 55022.0,
      "centroid_norm": [
        0.5338822035106412,
        0.8035846918334939
      ],
      "polygon": [
        [
          724.609375,
          891.6015625
        ],
        [
          680.6640625,
          951.171875
        ],
        [
          554.6875,
          910.15625
        ],
        [
          515.625,
          892.578125
        ],
        [
          475.5859375,
          861.328125
        ],
        [
          422.8515625,
          791.9921875
        ],
        [
          369.140625,
          729.4921875
        ],
        [
          315.4296875,
          677.734375
        ],
        [
          327.1484375,
          657.2265625
        ],
        [
          336.9140625,
          654.296875
        ],
        [
          369.140625,
          663.0859375
        ],
        [
          399.4140625,
          666.015625
        ],
        [
          427.734375,
          676.7578125
        ],
        [
          470.703125,
          683.59375
        ],
        [
          509.765625,
          694.3359375
        ],
        [
          638.671875,
          796.875
        ],
        [
          672.8515625,
          829.1015625
        ],
        [
          689.453125,
          837.890625
        ],
        [
          733.3984375,
          873.046875
        ]
      ],
      "land_use": "Commercial"
    },
    {
      "id": "P010",
      "area_px": 41268.0,
      "centroid_norm": [
        0.6718981433101919,
        0.6671035498903508
      ],
      "polygon": [
        [
          742.1875,
          832.03125
        ],
        [
          722.65625,
          820.3125
        ],
        [
          541.9921875,
          674.8046875
        ],
        [
          607.421875,
          546.875
        ],
        [
          784.1796875,
          589.84375
        ],
        [
          777.34375,
          605.46875
        ],
        [
          777.34375,
          613.28125
        ],
        [
          784.1796875,
          618.1640625
        ],
        [
          746.09375,
          717.7734375
        ],
        [
          743.1640625,
          744.140625
        ]
      ],
      "land_use": "Commercial"
    },
    {
      "id": "P011",
      "area_px": 24654.0,
      "centroid_norm": [
        0.4629529326503813,
        0.5798069896745964
      ],
      "polygon": [
        [
          514.6484375,
          661.1328125
        ],
        [
          506.8359375,
          662.109375
        ],
        [
          486.328125,
          653.3203125
        ],
        [
          458.0078125,
          646.484375
        ],
        [
          417.96875,
          641.6015625
        ],
        [
          388.671875,
          628.90625
        ],
        [
          350.5859375,
          619.140625
        ],
        [
          363.28125,
          595.703125
        ],
        [
          368.1640625,
          577.1484375
        ],
        [
          408.203125,
          499.0234375
        ],
        [
          413.0859375,
          498.046875
        ],
        [
          578.125,
          539.0625
        ]
      ],
      "land_use": "Public"
    },
    {
      "id": "P013",
      "area_px": 17730.0,
      "centroid_norm": [
        0.27297912700930627,
        0.5245052193492667
      ],
      "polygon": [
        [
          298.828125,
          604.4921875
        ],
        [
          291.015625,
          605.46875
        ],
        [
          262.6953125,
          597.65625
        ],
        [
          227.5390625,
          592.7734375
        ],
        [
          210.9375,
          544.921875
        ],
        [
          205.078125,
          447.265625
        ],
        [
          366.2109375,
          487.3046875
        ],
        [
          344.7265625,
          520.5078125
        ],
        [
          336.9140625,
          544.921875
        ],
        [
          327.1484375,
          563.4765625
        ],
        [
          311.5234375,
          581.0546875
        ]
      ],
      "land_use": "Residential"
    },
    {
      "id": "P014",
      "area_px": 28047.0,
      "centroid_norm": [
        0.7316718087050308,
        0.47936711841952795
      ],
      "polygon": [
        [
          791.015625,
          572.265625
        ],
        [
          616.2109375,
          530.2734375
        ],
        [
          702.1484375,
          366.2109375
        ],
        [
          726.5625,
          371.09375
        ],
        [
          722.65625,
          379.8828125
        ],
        [
          723.6328125,
          387.6953125
        ],
        [
          750.0,
          398.4375
        ],
        [
          838.8671875,
          449.21875
        ]
      ],
      "land_use": "Commercial"
    },
    {
      "id": "P015",
      "area_px": 33110.0,
      "centroid_norm": [
        0.545697226102386,
        0.41942557124924496
      ],
      "polygon": [
        [
          585.9375,
          522.4609375
        ],
        [
          417.96875,
          481.4453125
        ],
        [
          435.546875,
          456.0546875
        ],
        [
          445.3125,
          436.5234375
        ],
        [
          448.2421875,
          421.875
        ],
        [
          502.9296875,
          318.359375
        ],
        [
          526.3671875,
          321.2890625
        ],
        [
          670.8984375,
          358.3984375
        ]
      ],
      "land_use": "Public"
    },
    {
      "id": "P016",
      "area_px": 33237.0,
      "centroid_norm": [
        0.3332801522963866,
        0.3672634519229323
      ],
      "polygon": [
        [
          375.0,
          469.7265625
        ],
        [
          207.03125,
          429.6875
        ],
        [
          291.015625,
          265.625
        ],
        [
          295.8984375,
          264.6484375
        ],
        [
          458.0078125,
          304.6875
        ],
        [
          459.9609375,
          307.6171875
        ]
      ],
      "land_use": "Residential"
    },
    {
      "id": "P017",
      "area_px": 5767.0,
      "centroid_norm": [
        0.2137474667288018,
        0.28409925275273107
      ],
      "polygon": [
        [
          204.1015625,
          370.1171875
        ],
        [
          206.0546875,
          346.6796875
        ],
        [
          178.7109375,
          264.6484375
        ],
        [
          171.875,
          234.375
        ],
        [
          252.9296875,
          253.90625
        ],
        [
          261.71875,
          258.7890625
        ]
      ],
      "land_use": "Green"
    },
    {
      "id": "P019",
      "area_px": 3455.0,
      "centroid_norm": [
        0.6746845604196816,
        0.30055795495658466
      ],
      "polygon": [
        [
          682.6171875,
          334.9609375
        ],
        [
          636.71875,
          324.21875
        ],
        [
          666.9921875,
          262.6953125
        ],
        [
          713.8671875,
          279.296875
        ],
        [
          686.5234375,
          332.03125
        ]
      ],
      "land_use": "Residential"
    },
    {
      "id": "P020",
      "area_px": 16464.0,
      "centroid_norm": [
        0.5997780076037111,
        0.22978656794749153
      ],