{
  "site": {
    "width_m": 1000,
    "height_m": 1000
  },
  "parcels": [
    {
      "id": "P001",
      "area_px": 2511,
      "centroid_norm": [
        0.11222768257168458,
        0.9718406978046595
      ],
      "polygon": [
        [
          141.6015625,
          995.1171875
        ],
        [
          88.8671875,
          995.1171875
        ],
        [
          90.8203125,
          934.5703125
        ],
        [
          119.140625,
          950.1953125
        ],
        [
          131.8359375,
          960.9375
        ],
        [
          136.71875,
          969.7265625
        ],
        [
          141.6015625,
          969.7265625
        ]
      ],
      "land_use": "Green"
    },
    {
      "id": "P002",
      "area_px": 212023,
      "centroid_norm": [
        0.4717447185859553,
        0.7767409999445815
      ],
      "polygon": [
        [
          179.6875,
          975.5859375
        ],
        [
          179.6875,
          819.3359375
        ],
        [
          189.453125,
          742.1875
        ],
        [
          204.1015625,
          693.359375
        ],
        [
          216.796875,
          663.0859375
        ],
        [
          242.1875,
          617.1875
        ],
        [
          272.4609375,
          576.171875
        ],
        [
          284.1796875,
          576.171875
        ],
        [
          514.6484375,
          617.1875
        ],
        [
          562.5,
          616.2109375
        ],
        [
          723.6328125,
          596.6796875
        ],
        [
          752.9296875,
          598.6328125
        ],
        [
          805.6640625,
          608.3984375
        ],
        [
          748.046875,
          869.140625
        ],
        [
          739.2578125,
          920.8984375
        ],
        [
          187.5,
          981.4453125
        ]
      ],
      "land_use": "Commercial"
    },
    {
      "id": "P003",
      "area_px": 28576,
      "centroid_norm": [
        0.23623728992423712,
        0.5454526348049937
      ],
      "polygon": [
        [
          141.6015625,
          951.171875
        ],
        [
          134.765625,
          944.3359375
        ],
        [
          95.703125,
          923.828125
        ],
        [
          93.75,
          918.9453125
        ],
        [
          108.3984375,
          856.4453125
        ],
        [
          120.1171875,
          781.25
        ],
        [
          134.765625,
          722.65625
        ],
        [
          149.4140625,
          634.765625
        ],
        [
          210.9375,
          530.2734375
        ],
        [
          263.671875,
          455.078125
        ],
        [
          308.59375,
          355.46875
        ],
        [
          331.0546875,
          272.4609375
        ],
        [
          344.7265625,
          271.484375
        ],
        [
          348.6328125,
          267.578125
        ],
        [
          371.09375,
          266.6015625
        ],
        [
          375,
          76.171875
        ],
        [
          394.53125,
          55.6640625
        ],
        [
          380.859375,
          163.0859375
        ],
        [
          380.859375,
          243.1640625
        ],
        [
          375.9765625,
          289.0625
        ],
        [
          368.1640625,
          316.40625
        ],
        [
          322.265625,
          410.15625
        ],
        [
          298.828125,
          449.21875
        ],
        [
          273.4375,
          506.8359375
        ],
        [
          250.9765625,
          541.9921875
        ],
        [
          214.84375,
          588.8671875
        ],
        [
          192.3828125,
          625.9765625
        ],
        [
          168.9453125,
          676.7578125
        ],
        [
          154.296875,
          722.65625
        ],
        [
          142.578125,
          797.8515625
        ]
      ],
      "land_use": "Public"
    },
    {
      "id": "P004",
      "area_px": 131995,
      "centroid_norm": [
        0.5943644216518618,
        0.45107192152164854
      ],
      "polygon": [
        [
          293.9453125,
          546.875
        ],
        [
          398.4375,
          344.7265625
        ],
        [
          405.2734375,
          325.1953125
        ],
        [
          411.1328125,
          321.2890625
        ],
        [
          638.671875,
          323.2421875
        ],
        [
          804.6875,
          314.453125
        ],
        [
          848.6328125,
          319.3359375
        ],
        [
          851.5625,
          323.2421875
        ],
        [
          864.2578125,
          325.1953125
        ],
        [
          847.65625,
          408.203125
        ],
        [
          842.7734375,
          412.109375
        ],
        [
          826.171875,
          482.421875
        ],
        [
          828.125,
          502.9296875
        ],
        [
          810.546875,
          581.0546875
        ],
        [
          750.9765625,
          570.3125
        ],
        [
          709.9609375,
          570.3125
        ],
        [
          530.2734375,
          590.8203125
        ],
        [
          500,
          587.890625
        ],
        [
          296.875,
          550.78125
        ]
      ],
      "land_use": "Commercial"
    },
    {
      "id": "P005",
      "area_px": 124867,
      "centroid_norm": [
        0.6598740278406224,
        0.16137912144772038
      ],
      "polygon": [
        [
          415.0390625,
          291.9921875
        ],
        [
          425.78125,
          164.0625
        ],
        [
          442.3828125,
          56.640625
        ],
        [
          449.21875,
          50.78125
        ],
        [
          892.578125,
          13.671875
        ],
        [
          909.1796875,
          31.25
        ],
        [
          902.34375,
          67.3828125
        ],
        [
          897.4609375,
          75.1953125
        ],
        [
          890.625,
          109.375
        ],
        [
          890.625,
          125
        ],
        [
          855.46875,
          292.96875
        ],
        [
          819.3359375,
          288.0859375
        ],
        [
          758.7890625,
          288.0859375
        ],
        [
          631.8359375,
          295.8984375
        ],
        [
          437.5,
          294.921875
        ]
      ],
      "land_use": "Residential"
    }
  ]
}