{
  "site": {
    "width_m": 1000.0,
    "height_m": 1000.0
  },
  "parcels": [
    {
      "id": "P001",
      "area_px": 252241.0,
      "centroid_norm": [
        0.5474035356439872,
        0.535512021799093
      ],
      "polygon": [
        [
          900.390625,
          765.625
        ],
        [
          836.9140625,
          770.5078125
        ],
        [
          725.5859375,
          795.8984375
        ],
        [
          548.828125,
          778.3203125
        ],
        [
          517.578125,
          737.3046875
        ],
        [
          470.703125,
          693.359375
        ],
        [
          408.203125,
          691.40625
        ],
        [
          396.484375,
          696.2890625
        ],
        [
          384.765625,
          686.5234375
        ],
        [
          327.1484375,
          676.7578125
        ],
        [
          306.640625,
          666.015625
        ],
        [
          295.8984375,
          654.296875
        ],
        [
          263.671875,
          563.4765625
        ],
        [
          262.6953125,
          528.3203125
        ],
        [
          265.625,
          526.3671875
        ],
        [
          265.625,
          516.6015625
        ],
        [
          254.8828125,
          472.65625
        ],
        [
          331.0546875,
          472.65625
        ],
        [
          334.9609375,
          470.703125
        ],
        [
          334.9609375,
          459.9609375
        ],
        [
          253.90625,
          458.984375
        ],
        [
          220.703125,
          427.734375
        ],
        [
          221.6796875,
          354.4921875
        ],
        [
          226.5625,
          346.6796875
        ],
        [
          253.90625,
          329.1015625
        ],
        [
          266.6015625,
          306.640625
        ],
        [
          275.390625,
          270.5078125
        ],
        [
          346.6796875,
          271.484375
        ],
        [
          347.65625,
          242.1875
        ],
        [
          361.328125,
          245.1171875
        ],
        [
          357.421875,
          267.578125
        ],
        [
          361.328125,
          273.4375
        ],
        [
          374.0234375,
          273.4375
        ],
        [
          391.6015625,
          281.25
        ],
        [
          418.9453125,
          282.2265625
        ],
        [
          435.546875,
          286.1328125
        ],
        [
          448.2421875,
          292.96875
        ],
        [
          468.75,
          291.9921875
        ],
        [
          499.0234375,
          299.8046875
        ],
        [
          507.8125,
          306.640625
        ],
        [
          553.7109375,
          306.640625
        ],
        [
          571.2890625,
          310.546875
        ],
        [
          586.9140625,
          335.9375
        ],
        [
          597.65625,
          336.9140625
        ],
        [
          702.1484375,
          375.9765625
        ],
        [
          811.5234375,
          426.7578125
        ],
        [
          814.453125,
          533.203125
        ],
        [
          856.4453125,
          666.9921875
        ]
      ],
      "land_use": "Commercial"
    },
    {
      "id": "P002",
      "area_px": 6223.0,
      "centroid_norm": [
        0.9060532123774707,
        0.6952693448196208
      ],
      "polygon": [
        [
          986.328125,
          758.7890625
        ],
        [
          916.015625,
          764.6484375
        ],
        [
          867.1875,
          652.34375
        ],
        [
          837.890625,
          558.59375
        ],
        [
          857.421875,
          597.65625
        ],
        [
          904.296875,
          661.1328125
        ],
        [
          941.40625,
          732.421875
        ]
      ],
      "land_use": "Residential"
    },
    {
      "id": "P006",
      "area_px": 3124.0,
      "centroid_norm": [
        0.21697318141805377,
        0.6502471415853073
      ],
      "polygon": [
        [
          279.296875,
          670.8984375
        ],
        [
          265.625,
          669.921875
        ],
        [
          210.9375,
          676.7578125
        ],
        [
          210.9375,
          672.8515625
        ],
        [
          208.0078125,
          671.875
        ],
        [
          208.984375,
          662.109375
        ],
        [
          201.171875,
          660.15625
        ],
        [
          201.171875,
          653.3203125
        ],
        [
          208.984375,
          650.390625
        ],
        [
          208.984375,
          641.6015625
        ],
        [
          201.171875,
          640.625
        ],
        [
          199.21875,
          637.6953125
        ],
        [
          190.4296875,
          640.625
        ],
        [
          191.40625,
          660.15625
        ],
        [
          176.7578125,
          661.1328125
        ],
        [
          172.8515625,
          657.2265625
        ],
        [
          166.9921875,
          657.2265625
        ],
        [
          166.9921875,
          644.53125
        ],
        [
          177.734375,
          642.578125
        ],
        [
          187.5,
          626.953125
        ],
        [
          187.5,
          597.65625
        ],
        [
          195.3125,
          599.609375
        ],
        [
          197.265625,
          633.7890625
        ],
        [
          211.9140625,
          633.7890625
        ],
        [
          214.84375,
          627.9296875
        ],
        [
          220.703125,
          627.9296875
        ]
      ],
      "land_use": "Residential"
    },
    {
      "id": "P022",
      "area_px": 4590.0,
      "centroid_norm": [
        0.11088622514978214,
        0.5029562823393245
      ],
      "polygon": [
        [
          126.953125,
          563.4765625
        ],
        [
          123.046875,
          547.8515625
        ],
        [
          87.890625,
          533.203125
        ],
        [
          70.3125,
          519.53125
        ],
        [
          103.515625,
          461.9140625
        ],
        [
          113.28125,
          458.984375
        ],
        [
          117.1875,
          438.4765625
        ],
        [
          124.0234375,
          426.7578125
        ],
        [
          136.71875,
          556.640625
        ]
      ],
      "land_use": "Green"
    },
    {
      "id": "P023",
      "area_px": 9113.0,
      "centroid_norm": [
        0.17986828140431252,
        0.4625643183158674
      ],
      "polygon": [
        [
          158.203125,
          551.7578125
        ],
        [
          152.34375,
          480.46875
        ],
        [
          160.15625,
          481.4453125
        ],
        [
          163.0859375,
          469.7265625
        ],
        [
          151.3671875,
          466.796875
        ],
        [
          151.3671875,
          463.8671875
        ],
        [
          163.0859375,
          464.84375
        ],
        [
          165.0390625,
          452.1484375
        ],
        [
          149.4140625,
          449.21875
        ],
        [
          148.4375,
          438.4765625
        ],
        [
          151.3671875,
          436.5234375
        ],
        [
          147.4609375,
          404.296875
        ],
        [
          153.3203125,
          395.5078125
        ],
        [
          203.125,
          363.28125
        ],
        [
          204.1015625,
          545.8984375
        ],
        [
          201.171875,
          549.8046875
        ]
      ],
      "land_use": "Public"
    },
    {
      "id": "P024",
      "area_px": 2390.0,