{
  "site": {
    "width_m": 1000,
    "height_m": 1000
  },
  "parcels": [
    {
      "id": "P001",
      "area_px": 4777,
      "centroid_norm": [
        0.31077317910037683,
        0.9500565044745656
      ],
      "polygon": [
        [
          249.0234375,
          995.1171875
        ],
        [
          244.140625,
          974.609375
        ],
        [
          243.1640625,
          953.125
        ],
        [
          439.453125,
          902.34375
        ]
      ],
      "land_use": "Green"
    },
    {
      "id": "P029",
      "area_px": 4807,
      "centroid_norm": [
        0.4455359696796339,
        0.8165945739936551
      ],
      "polygon": [
        [
          398.4375,
          834.9609375
        ],
        [
          397.4609375,
          817.3828125
        ],
        [
          411.1328125,
          806.640625
        ],
        [
          418.9453125,
          792.96875
        ],
        [
          473.6328125,
          783.203125
        ],
        [
          486.328125,
          797.8515625
        ],
        [
          504.8828125,
          800.78125
        ],
        [
          493.1640625,
          806.640625
        ],
        [
          493.1640625,
          813.4765625
        ],
        [
          497.0703125,
          817.3828125
        ],
        [
          463.8671875,
          838.8671875
        ],
        [
          463.8671875,
          846.6796875
        ],
        [
          466.796875,
          849.609375
        ],
        [
          459.9609375,
          850.5859375
        ],
        [
          452.1484375,
          841.796875
        ],
        [
          442.3828125,
          841.796875
        ],
        [
          429.6875,
          845.703125
        ],
        [
          418.9453125,
          843.75
        ],
        [
          416.015625,
          849.609375
        ],
        [
          410.15625,
          850.5859375
        ]
      ],
      "land_use": "Public"
    },
    {
      "id": "P040",
      "area_px": 26115,
      "centroid_norm": [
        0.30411091117413364,
        0.6906749219198736
      ],
      "polygon": [
        [
          250,
          811.5234375
        ],
        [
          244.140625,
          808.59375
        ],
        [
          258.7890625,
          718.75
        ],
        [
          259.765625,
          671.875
        ],
        [
          244.140625,
          613.28125
        ],
        [
          256.8359375,
          614.2578125
        ],
        [
          264.6484375,
          605.46875
        ],
        [
          278.3203125,
          535.15625
        ],
        [
          286.1328125,
          527.34375
        ],
        [
          292.96875,
          496.09375
        ],
        [
          299.8046875,
          490.234375
        ],
        [
          312.5,
          565.4296875
        ],
        [
          329.1015625,
          621.09375
        ],
        [
          374.0234375,
          716.796875
        ],
        [
          367.1875,
          799.8046875
        ],
        [
          317.3828125,
          793.9453125
        ],
        [
          305.6640625,
          812.5
        ]
      ],
      "land_use": "Residential"
    },
    {
      "id": "P050",
      "area_px": 176082,
      "centroid_norm": [
        0.511205245239079,
        0.3465326390900262
      ],
      "polygon": [
        [
          423.828125,
          744.140625
        ],
        [
          416.015625,
          736.328125
        ],
        [
          411.1328125,
          735.3515625
        ],
        [
          411.1328125,
          730.46875
        ],
        [
          415.0390625,
          726.5625
        ],
        [
          429.6875,
          723.6328125
        ],
        [
          428.7109375,
          716.796875
        ],
        [
          420.8984375,
          715.8203125
        ],
        [
          420.8984375,
          709.9609375
        ],
        [
          416.015625,
          702.1484375
        ],
        [
          426.7578125,
          700.1953125
        ],
        [
          442.3828125,
          712.890625
        ],
        [
          441.40625,
          726.5625
        ],
        [
          456.0546875,
          724.609375
        ],
        [
          453.125,
          707.03125
        ],
        [
          435.546875,
          688.4765625
        ],
        [
          417.96875,
          684.5703125
        ],
        [
          410.15625,
          679.6875
        ],
        [
          401.3671875,
          679.6875
        ],
        [
          399.4140625,
          687.5
        ],
        [
          406.25,
          690.4296875
        ],
        [
          402.34375,
          695.3125
        ],
        [
          402.34375,
          701.171875
        ],
        [
          407.2265625,
          712.890625
        ],
        [
          401.3671875,
          714.84375
        ],
        [
          398.4375,
          696.2890625
        ],
        [
          391.6015625,
          681.640625
        ],
        [
          399.4140625,
          680.6640625
        ],
        [
          401.3671875,
          672.8515625
        ],
        [
          388.671875,
          665.0390625
        ],
        [
          398.4375,
          656.25
        ],
        [
          401.3671875,
          641.6015625
        ],
        [
          391.6015625,
          640.625
        ],
        [
          379.8828125,
          656.25
        ],
        [
          375.9765625,
          653.3203125
        ],
        [
          380.859375,
          652.34375
        ],
        [
          385.7421875,
          646.484375
        ],
        [
          385.7421875,
          640.625
        ],
        [
          391.6015625,
          637.6953125
        ],
        [
          392.578125,
          622.0703125
        ],
        [
          349.609375,
          583.984375
        ],
        [
          345.703125,
          569.3359375
        ],
        [
          349.609375,
          556.640625
        ],
        [
          349.609375,
          538.0859375
        ],
        [
          339.84375,
          537.109375
        ],
        [
          338.8671875,
          542.96875
        ],
        [
          335.9375,
          522.4609375
        ],
        [
          350.5859375,
          519.53125
        ],
        [
          352.5390625,
          509.765625
        ],
        [
          331.0546875,
          509.765625
        ],
        [
          317.3828125,
          501.953125
        ],
        [
          321.2890625,
          456.0546875
        ],
        [
          337.890625,
          424.8046875
        ],
        [
          352.5390625,
          414.0625
        ],
        [
          338.8671875,
          360.3515625
        ],
        [
          349.609375,
          339.84375
        ],
        [
          349.609375,
          333.984375
        ],
        [
          335.9375,
          292.96875
        ],
        [
          375.9765625,
          223.6328125
        ],
        [
          375,
          212.890625
        ],
        [
          380.859375,
          185.546875
        ],
        [
          386.71875,
          180.6640625
        ],
        [
          393.5546875,
          180.6640625
        ],
        [
          458.984375,
          116.2109375
        ],
        [
          493.1640625,
          77.1484375
        ],
        [
          539.0625,
          48.828125
        ],
        [
          647.4609375,
          27.34375
        ],
        [
          662.109375,
          43.9453125
        ],
        [
          664.0625,
          65.4296875
        ],
        [
          670.8984375,
          88.8671875
        ],
        [
          661.1328125,
          110.3515625
        ],
        [
