{
  "site": {
    "width_m": 1000.0,
    "height_m": 1000.0
  },
  "parcels": [
    {
      "id": "P001",
      "area_px": 19825.0,
      "centroid_norm": [
        0.762163904870744,
        0.8926150200977301
      ],
      "polygon": [
        [
          692.3828125,
          973.6328125
        ],
        [
          724.609375,
          808.59375
        ],
        [
          748.046875,
          802.734375
        ],
        [
          808.59375,
          795.8984375
        ],
        [
          816.40625,
          869.140625
        ],
        [
          829.1015625,
          947.265625
        ],
        [
          764.6484375,
          974.609375
        ],
        [
          726.5625,
          979.4921875
        ]
      ],
      "land_use": "Residential"
    },
    {
      "id": "P002",
      "area_px": 69649.0,
      "centroid_norm": [
        0.5968371315453201,
        0.7901628416461471
      ],
      "polygon": [
        [
          461.9140625,
          925.78125
        ],
        [
          485.3515625,
          800.78125
        ],
        [
          494.140625,
          775.390625
        ],
        [
          499.0234375,
          732.421875
        ],
        [
          512.6953125,
          664.0625
        ],
        [
          537.109375,
          640.625
        ],
        [
          706.0546875,
          617.1875
        ],
        [
          709.9609375,
          621.09375
        ],
        [
          716.796875,
          670.8984375
        ],
        [
          716.796875,
          705.078125
        ],
        [
          664.0625,
          967.7734375
        ]
      ],
      "land_use": "Commercial"
    },
    {
      "id": "P003",
      "area_px": 31835.0,
      "centroid_norm": [
        0.8539543189001885,
        0.619694537017041
      ],
      "polygon": [
        [
          726.5625,
          786.1328125
        ],
        [
          740.234375,
          721.6796875
        ],
        [
          742.1875,
          698.2421875
        ],
        [
          745.1171875,
          695.3125
        ],
        [
          742.1875,
          649.4140625
        ],
        [
          736.328125,
          617.1875
        ],
        [
          738.28125,
          612.3046875
        ],
        [
          796.875,
          592.7734375
        ],
        [
          840.8203125,
          567.3828125
        ],
        [
          871.09375,
          542.96875
        ],
        [
          892.578125,
          520.5078125
        ],
        [
          940.4296875,
          455.078125
        ],
        [
          955.078125,
          461.9140625
        ],
        [
          986.328125,
          627.9296875
        ],
        [
          800.78125,
          629.8828125
        ],
        [
          797.8515625,
          632.8125
        ],
        [
          797.8515625,
          652.34375
        ],
        [
          813.4765625,
          773.4375
        ]
      ],
      "land_use": "Commercial"
    },
    {
      "id": "P004",
      "area_px": 26355.0,
      "centroid_norm": [
        0.11393273631663821,
        0.32961457740466704
      ],
      "polygon": [
        [
          6.8359375,
          682.6171875
        ],
        [
          6.8359375,
          650.390625
        ],
        [
          12.6953125,
          612.3046875
        ],
        [
          12.6953125,
          514.6484375
        ],
        [
          67.3828125,
          418.9453125
        ],
        [
          130.859375,
          282.2265625
        ],
        [
          142.578125,
          219.7265625
        ],
        [
          141.6015625,
          161.1328125
        ],
        [
          168.9453125,
          95.703125
        ],
        [
          173.828125,
          59.5703125
        ],
        [
          174.8046875,
          22.4609375
        ],
        [
          220.703125,
          21.484375
        ],
        [
          219.7265625,
          71.2890625
        ],
        [
          213.8671875,
          102.5390625
        ],
        [
          208.984375,
          114.2578125
        ],
        [
          200.1953125,
          121.09375
        ],
        [
          200.1953125,
          128.90625
        ],
        [
          208.984375,
          129.8828125
        ],
        [
          181.640625,
          212.890625
        ],
        [
          111.328125,
          391.6015625
        ],
        [
          98.6328125,
          416.015625
        ],
        [
          50.78125,
          545.8984375
        ],
        [
          35.15625,
          679.6875
        ]
      ],
      "land_use": "Green"
    },
    {
      "id": "P005",
      "area_px": 222118.0,
      "centroid_norm": [
        0.3378657710583451,
        0.3622830078986732
      ],
      "polygon": [
        [
          76.171875,
          649.4140625
        ],
        [
          81.0546875,
          575.1953125
        ],
        [
          87.890625,
          530.2734375
        ],
        [
          221.6796875,
          193.359375
        ],
        [
          241.2109375,
          119.140625
        ],
        [
          248.046875,
          59.5703125
        ],
        [
          284.1796875,
          63.4765625
        ],
        [
          294.921875,
          55.6640625
        ],
        [
          309.5703125,
          50.78125
        ],
        [
          308.59375,
          41.015625
        ],
        [
          294.921875,
          41.015625
        ],
        [
          278.3203125,
          51.7578125
        ],
        [
          250.0,
          47.8515625
        ],
        [
          257.8125,
          24.4140625
        ],
        [
          283.203125,
          29.296875
        ],
        [
          584.9609375,
          121.09375
        ],
        [
          587.890625,
          127.9296875
        ],
        [
          517.578125,
          458.984375
        ],
        [
          414.0625,
          426.7578125
        ],
        [
          406.25,
          426.7578125
        ],
        [
          403.3203125,
          431.640625
        ],
        [
          403.3203125,
          442.3828125
        ],
        [
          513.671875,
          476.5625
        ],
        [
          489.2578125,
          592.7734375
        ],
        [
          462.890625,
          615.234375
        ],
        [
          90.8203125,
          654.296875
        ]
      ],
      "land_use": "Commercial"
    },
    {
      "id": "P006",
      "area_px": 52733.0,
      "centroid_norm": [
        0.6284959800433315,
        0.4051576752223466
      ],
      "polygon": [
        [
          553.7109375,
          603.515625
        ],
        [
          533.203125,
          582.03125
        ],
        [
          531.25,
          576.171875
        ],
        [
          589.84375,
          296.875
        ],
        [
          595.703125,
          286.1328125
        ],
        [
          600.5859375,
          262.6953125
        ],
        [
          600.5859375,
          245.1171875
        ],
        [
          619.140625,
          165.0390625
        ],
        [
          705.078125,
          184.5703125
        ],
        [
          679.6875,
          471.6796875
        ],
        [
          680.6640625,
          507.8125
        ],
        [
          701.171875,
          581.0546875
        ],
        [
          689.453125,
          584.9609375
        ]
      ],
      "land_use": "Public"
    },
    {
      "id": "P007",
      "area_px": 8131.0,
      "centroid_norm": [
        0.7595681746556389,
        0.5304350969668552
      ],