{
  "site": {
    "width_m": 1000,
    "height_m": 1000
  },
  "parcels": [
    {
      "id": "P001",
      "area_px": 30004,
      "centroid_norm": [
        0.47568253920310627,
        0.886493649805026
      ],
      "polygon": [
        [
          605.46875,
          842.7734375
        ],
        [
          578.125,
          988.28125
        ],
        [
          516.6015625,
          982.421875
        ],
        [
          513.671875,
          977.5390625
        ],
        [
          480.46875,
          977.5390625
        ],
        [
          491.2109375,
          965.8203125
        ],
        [
          526.3671875,
          942.3828125
        ],
        [
          526.3671875,
          933.59375
        ],
        [
          520.5078125,
          930.6640625
        ],
        [
          493.1640625,
          926.7578125
        ],
        [
          475.5859375,
          916.9921875
        ],
        [
          462.890625,
          916.9921875
        ],
        [
          454.1015625,
          913.0859375
        ],
        [
          442.3828125,
          913.0859375
        ],
        [
          426.7578125,
          920.8984375
        ],
        [
          412.109375,
          914.0625
        ],
        [
          385.7421875,
          911.1328125
        ],
        [
          375,
          916.015625
        ],
        [
          357.421875,
          913.0859375
        ],
        [
          326.171875,
          887.6953125
        ],
        [
          313.4765625,
          883.7890625
        ],
        [
          358.3984375,
          815.4296875
        ],
        [
          448.2421875,
          829.1015625
        ],
        [
          469.7265625,
          797.8515625
        ],
        [
          488.28125,
          803.7109375
        ],
        [
          476.5625,
          823.2421875
        ],
        [
          469.7265625,
          828.125
        ],
        [
          470.703125,
          835.9375
        ],
        [
          496.09375,
          835.9375
        ],
        [
          510.7421875,
          840.8203125
        ],
        [
          514.6484375,
          848.6328125
        ],
        [
          524.4140625,
          848.6328125
        ],
        [
          526.3671875,
          842.7734375
        ],
        [
          538.0859375,
          840.8203125
        ],
        [
          545.8984375,
          827.1484375
        ],
        [
          550.78125,
          824.21875
        ],
        [
          560.546875,
          828.125
        ],
        [
          551.7578125,
          837.890625
        ],
        [
          550.78125,
          846.6796875
        ],
        [
          560.546875,
          848.6328125
        ],
        [
          574.21875,
          833.0078125
        ],
        [
          588.8671875,
          836.9140625
        ],
        [
          583.0078125,
          845.703125
        ],
        [
          583.984375,
          855.46875
        ],
        [
          594.7265625,
          855.46875
        ]
      ],
      "land_use": "Green"
    },
    {
      "id": "P002",
      "area_px": 8529,
      "centroid_norm": [
        0.2984797043542619,
        0.7573504962847344
      ],
      "polygon": [
        [
          314.453125,
          829.1015625
        ],
        [
          308.59375,
          832.03125
        ],
        [
          296.875,
          810.546875
        ],
        [
          280.2734375,
          791.9921875
        ],
        [
          274.4140625,
          775.390625
        ],
        [
          261.71875,
          762.6953125
        ],
        [
          247.0703125,
          735.3515625
        ],
        [
          232.421875,
          725.5859375
        ],
        [
          214.84375,
          725.5859375
        ],
        [
          228.515625,
          706.0546875
        ],
        [
          361.328125,
          736.328125
        ],
        [
          358.3984375,
          751.953125
        ],
        [
          349.609375,
          770.5078125
        ],
        [
          324.21875,
          807.6171875
        ]
      ],
      "land_use": "Residential"
    },
    {
      "id": "P032",
      "area_px": 2479,
      "centroid_norm": [
        0.29954823643606293,
        0.677099747251916
      ],
      "polygon": [
        [
          325.1953125,
          702.1484375
        ],
        [
          291.015625,
          695.3125
        ],
        [
          278.3203125,
          687.5
        ],
        [
          262.6953125,
          671.875
        ],
        [
          255.859375,
          654.296875
        ],
        [
          299.8046875,
          664.0625
        ],
        [
          337.890625,
          664.0625
        ],
        [
          337.890625,
          672.8515625
        ],
        [
          324.21875,
          694.3359375
        ]
      ],
      "land_use": "Residential"
    },
    {
      "id": "P046",
      "area_px": 1936,
      "centroid_norm": [
        0.31293834339488635,
        0.6351535261169938
      ],
      "polygon": [
        [
          280.2734375,
          644.53125
        ],
        [
          280.2734375,
          621.09375
        ],
        [
          342.7734375,
          622.0703125
        ],
        [
          342.7734375,
          650.390625
        ],
        [
          306.640625,
          650.390625
        ]
      ],
      "land_use": "Public"
    },
    {
      "id": "P102",
      "area_px": 1567,
      "centroid_norm": [
        0.4418001156668794,
        0.4846080787332483
      ],
      "polygon": [
        [
          410.15625,
          477.5390625
        ],
        [
          454.1015625,
          465.8203125
        ],
        [
          473.6328125,
          492.1875
        ],
        [
          429.6875,
          503.90625
        ]
      ],
      "land_use": "Public"
    },
    {
      "id": "P107",
      "area_px": 11264,
      "centroid_norm": [
        0.31929440931840375,
        0.44144092906605115
      ],
      "polygon": [
        [
          417.96875,
          462.890625
        ],
        [
          332.03125,
          485.3515625
        ],
        [
          314.453125,
          465.8203125
        ],
        [
          287.109375,
          467.7734375
        ],
        [
          229.4921875,
          464.84375
        ],
        [
          233.3984375,
          451.171875
        ],
        [
          230.46875,
          422.8515625
        ],
        [
          257.8125,
          405.2734375
        ],
        [
          259.765625,
          401.3671875
        ],
        [
          410.15625,
          421.875
        ],
        [
          404.296875,
          446.2890625
        ]
      ],
      "land_use": "Commercial"
    },
    {
      "id": "P171",
      "area_px": 66064,
      "centroid_norm": [
        0.6051650228613541,
        0.16625558229992887
      ],