{
  "site": {
    "width_m": 1000.0,
    "height_m": 1000.0
  },
  "parcels": [
    {
      "id": "P003",
      "area_px": 30160.0,
      "centroid_norm": [
        0.47723113447032495,
        0.7951334743347978
      ],
      "polygon": [
        [
          337.890625,
          854.4921875
        ],
        [
          340.8203125,
          848.6328125
        ],
        [
          503.90625,
          680.6640625
        ],
        [
          502.9296875,
          702.1484375
        ],
        [
          507.8125,
          708.0078125
        ],
        [
          518.5546875,
          708.0078125
        ],
        [
          520.5078125,
          700.1953125
        ],
        [
          516.6015625,
          696.2890625
        ],
        [
          516.6015625,
          684.5703125
        ],
        [
          555.6640625,
          683.59375
        ],
        [
          563.4765625,
          681.640625
        ],
        [
          564.453125,
          673.828125
        ],
        [
          568.359375,
          673.828125
        ],
        [
          562.5,
          714.84375
        ],
        [
          572.265625,
          714.84375
        ],
        [
          567.3828125,
          734.375
        ],
        [
          564.453125,
          737.3046875
        ],
        [
          557.6171875,
          737.3046875
        ],
        [
          547.8515625,
          746.09375
        ],
        [
          546.875,
          758.7890625
        ],
        [
          556.640625,
          759.765625
        ],
        [
          561.5234375,
          750.9765625
        ],
        [
          571.2890625,
          749.0234375
        ],
        [
          579.1015625,
          743.1640625
        ],
        [
          585.9375,
          783.203125
        ],
        [
          567.3828125,
          782.2265625
        ],
        [
          566.40625,
          791.9921875
        ],
        [
          570.3125,
          794.921875
        ],
        [
          584.9609375,
          794.921875
        ],
        [
          585.9375,
          807.6171875
        ],
        [
          531.25,
          846.6796875
        ],
        [
          401.3671875,
          900.390625
        ],
        [
          404.296875,
          897.4609375
        ],
        [
          402.34375,
          888.671875
        ],
        [
          395.5078125,
          888.671875
        ],
        [
          386.71875,
          899.4140625
        ],
        [
          384.765625,
          897.4609375
        ],
        [
          388.671875,
          886.71875
        ],
        [
          386.71875,
          878.90625
        ],
        [
          378.90625,
          878.90625
        ],
        [
          375.0,
          884.765625
        ],
        [
          372.0703125,
          882.8125
        ],
        [
          375.0,
          866.2109375
        ],
        [
          366.2109375,
          858.3984375
        ],
        [
          349.609375,
          858.3984375
        ],
        [
          348.6328125,
          865.234375
        ]
      ],
      "land_use": "Commercial"
    },
    {
      "id": "P009",
      "area_px": 2159.0,
      "centroid_norm": [
        0.6084965913038444,
        0.7621543357746642
      ],
      "polygon": [
        [
          604.4921875,
          800.78125
        ],
        [
          596.6796875,
          799.8046875
        ],
        [
          597.65625,
          768.5546875
        ],
        [
          591.796875,
          750.9765625
        ],
        [
          590.8203125,
          710.9375
        ],
        [
          637.6953125,
          774.4140625
        ]
      ],
      "land_use": "Public"
    },
    {
      "id": "P016",
      "area_px": 13632.0,
      "centroid_norm": [
        0.6338857014973959,
        0.6679093625064187
      ],
      "polygon": [
        [
          655.2734375,
          759.765625
        ],
        [
          559.5703125,
          631.8359375
        ],
        [
          560.546875,
          624.0234375
        ],
        [
          610.3515625,
          572.265625
        ],
        [
          682.6171875,
          667.96875
        ],
        [
          708.0078125,
          725.5859375
        ]
      ],
      "land_use": "Commercial"
    },
    {
      "id": "P017",
      "area_px": 12119.0,
      "centroid_norm": [
        0.38755437613458205,
        0.6915035114025497
      ],
      "polygon": [
        [
          479.4921875,
          671.875
        ],
        [
          397.4609375,
          756.8359375
        ],
        [
          381.8359375,
          749.0234375
        ],
        [
          356.4453125,
          720.703125
        ],
        [
          322.265625,
          725.5859375
        ],
        [
          314.453125,
          723.6328125
        ],
        [
          309.5703125,
          686.5234375
        ],
        [
          312.5,
          680.6640625
        ],
        [
          317.3828125,
          683.59375
        ],
        [
          325.1953125,
          682.6171875
        ],
        [
          325.1953125,
          677.734375
        ],
        [
          330.078125,
          673.828125
        ],
        [
          336.9140625,
          659.1796875
        ],
        [
          340.8203125,
          634.765625
        ],
        [
          353.515625,
          635.7421875
        ],
        [
          384.765625,
          653.3203125
        ],
        [
          418.9453125,
          653.3203125
        ],
        [
          419.921875,
          650.390625
        ],
        [
          428.7109375,
          650.390625
        ],
        [
          432.6171875,
          654.296875
        ],
        [
          474.609375,
          666.015625
        ]
      ],
      "land_use": "Residential"
    },
    {
      "id": "P024",
      "area_px": 2038.0,
      "centroid_norm": [
        0.7274427479452895,
        0.6528224477122179
      ],
      "polygon": [
        [
          709.9609375,
          688.4765625
        ],
        [
          706.0546875,
          679.6875
        ],
        [
          710.9375,
          676.7578125
        ],
        [
          710.9375,
          666.9921875
        ],
        [
          708.0078125,
          664.0625
        ],
        [
          699.21875,
          666.015625
        ],
        [
          697.265625,
          659.1796875
        ],
        [
          739.2578125,
          616.2109375
        ],
        [
          749.0234375,
          627.9296875
        ],
        [
          734.375,
          638.671875
        ],
        [
          735.3515625,
          647.4609375
        ],
        [
          745.1171875,
          650.390625
        ],
        [
          757.8125,
          640.625
        ],
        [
          763.671875,
          647.4609375
        ]
      ],
      "land_use": "Residential"
    },
    {
      "id": "P026",
      "area_px": 2363.0,
      "centroid_norm": [
        0.9283158491589082,
        0.6520337957575116
      ],
      "polygon": [
        [
          926.7578125,
          687.5
        ],
        [
          910.15625,
          657.2265625
        ],
        [
          898.4375,
          642.578125
        ],
        [
          901.3671875,
          636.71875
        ],
        [
          922.8515625,
          621.09375
        ],
        [
          930.6640625,
          621.09375
        ],
        [
          935.546875,
          625.0
        ],
        [
          958.0078125,
          664.0625
        ]
      ],
      "land_use": "Residential"
    },
    {
      "id": "P033",
      "area_px": 2330.0,
      "centroid_norm": [
        0.8383219051770386,
        0.6313032289431331
      ],