{
  "site": {
    "width_m": 1000.0,
    "height_m": 1000.0
  },
  "parcels": [
    {
      "id": "P001",
      "area_px": 31932.0,
      "centroid_norm": [
        0.6710333371989697,
        0.6657782431221032
      ],
      "polygon": [
        [
          697.265625,
          819.3359375
        ],
        [
          650.390625,
          772.4609375
        ],
        [
          576.171875,
          648.4375
        ],
        [
          600.5859375,
          610.3515625
        ],
        [
          607.421875,
          593.75
        ],
        [
          623.046875,
          521.484375
        ],
        [
          683.59375,
          556.640625
        ],
        [
          705.078125,
          574.21875
        ],
        [
          727.5390625,
          606.4453125
        ],
        [
          760.7421875,
          685.546875
        ]
      ],
      "land_use": "Commercial"
    },
    {
      "id": "P004",
      "area_px": 2189.0,
      "centroid_norm": [
        0.5209062000342622,
        0.6349235524211969
      ],
      "polygon": [
        [
          549.8046875,
          675.78125
        ],
        [
          485.3515625,
          621.09375
        ],
        [
          490.234375,
          594.7265625
        ],
        [
          504.8828125,
          602.5390625
        ],
        [
          501.953125,
          611.328125
        ],
        [
          502.9296875,
          623.046875
        ],
        [
          510.7421875,
          623.046875
        ],
        [
          513.671875,
          620.1171875
        ],
        [
          516.6015625,
          608.3984375
        ],
        [
          554.6875,
          653.3203125
        ]
      ],
      "land_use": "Public"
    },
    {
      "id": "P005",
      "area_px": 78680.0,
      "centroid_norm": [
        0.6739015161294166,
        0.43102148586441913
      ],
      "polygon": [
        [
          869.140625,
          596.6796875
        ],
        [
          786.1328125,
          634.765625
        ],
        [
          773.4375,
          662.109375
        ],
        [
          747.0703125,
          596.6796875
        ],
        [
          733.3984375,
          574.21875
        ],
        [
          753.90625,
          529.296875
        ],
        [
          751.953125,
          518.5546875
        ],
        [
          734.375,
          521.484375
        ],
        [
          732.421875,
          537.109375
        ],
        [
          720.703125,
          557.6171875
        ],
        [
          692.3828125,
          532.2265625
        ],
        [
          550.78125,
          450.1953125
        ],
        [
          493.1640625,
          394.53125
        ],
        [
          456.0546875,
          371.09375
        ],
        [
          485.3515625,
          242.1875
        ],
        [
          595.703125,
          306.640625
        ],
        [
          604.4921875,
          304.6875
        ],
        [
          609.375,
          281.25
        ],
        [
          613.28125,
          276.3671875
        ],
        [
          688.4765625,
          308.59375
        ],
        [
          714.84375,
          375.0
        ],
        [
          723.6328125,
          381.8359375
        ],
        [
          816.40625,
          367.1875
        ],
        [
          821.2890625,
          442.3828125
        ],
        [
          849.609375,
          494.140625
        ]
      ],
      "land_use": "Commercial"
    },
    {
      "id": "P006",
      "area_px": 23056.0,
      "centroid_norm": [
        0.5129573697600408,
        0.5151769570556471
      ],
      "polygon": [
        [
          565.4296875,
          631.8359375
        ],
        [
          530.2734375,
          589.84375
        ],
        [
          421.875,
          526.3671875
        ],
        [
          450.1953125,
          397.4609375
        ],
        [
          469.7265625,
          408.203125
        ],
        [
          489.2578125,
          423.828125
        ],
        [
          519.53125,
          456.0546875
        ],
        [
          542.96875,
          474.609375
        ],
        [
          608.3984375,
          513.671875
        ],
        [
          592.7734375,
          583.0078125
        ]
      ],
      "land_use": "Commercial"
    },
    {
      "id": "P007",
      "area_px": 2099.0,
      "centroid_norm": [
        0.4411489660254883,
        0.579410024118628
      ],
      "polygon": [
        [
          472.65625,
          609.375
        ],
        [
          439.453125,
          591.796875
        ],
        [
          407.2265625,
          580.078125
        ],
        [
          414.0625,
          548.828125
        ],
        [
          477.5390625,
          586.9140625
        ]
      ],
      "land_use": "Public"
    },
    {
      "id": "P008",
      "area_px": 20786.0,
      "centroid_norm": [
        0.9103044304159049,
        0.4822862387093476
      ],
      "polygon": [
        [
          987.3046875,
          543.9453125
        ],
        [
          882.8125,
          590.8203125
        ],
        [
          860.3515625,
          475.5859375
        ],
        [
          834.9609375,
          433.59375
        ],
        [
          832.03125,
          378.90625
        ],
        [
          834.9609375,
          362.3046875
        ],
        [
          828.125,
          348.6328125
        ],
        [
          817.3828125,
          349.609375
        ],
        [
          827.1484375,
          344.7265625
        ],
        [
          861.328125,
          359.375
        ],
        [
          861.328125,
          373.046875
        ],
        [
          870.1171875,
          390.625
        ],
        [
          864.2578125,
          407.2265625
        ],
        [
          864.2578125,
          416.9921875
        ],
        [
          873.046875,
          429.6875
        ],
        [
          940.4296875,
          423.828125
        ],
        [
          959.9609375,
          437.5
        ],
        [
          988.28125,
          442.3828125
        ],
        [
          983.3984375,
          461.9140625
        ]
      ],
      "land_use": "Residential"
    },
    {
      "id": "P010",
      "area_px": 2668.0,
      "centroid_norm": [
        0.2909738978167166,
        0.5079431719687031
      ],
      "polygon": [
        [
          310.546875,
          541.9921875
        ],
        [
          259.765625,
          512.6953125
        ],
        [
          268.5546875,
          471.6796875
        ],
        [
          322.265625,
          503.90625
        ],
        [
          315.4296875,
          537.109375
        ]
      ],
      "land_use": "Residential"
    },
    {
      "id": "P011",
      "area_px": 4816.0,
      "centroid_norm": [
        0.40364921291009137,
        0.444202511809593
      ],
      "polygon": [
        [
          403.3203125,
          518.5546875
        ],
        [
          374.0234375,
          500.9765625
        ],
        [
          403.3203125,
          370.1171875
        ],
        [
          432.6171875,
          386.71875
        ]
      ],
      "land_use": "Public"
    },
    {
      "id": "P012",
      "area_px": 4008.0,
      "centroid_norm": [
        0.2069642453374501,
        0.45854531172030943
      ],
      "polygon": [
        [
          243.1640625,
          502.9296875
        ],
        [
          162.109375,
          455.078125
        ],
        [
          171.875,
          414.0625
        ],
        [
          251.953125,
          462.890625
        ]
      ],
      "land_use": "Residential"
    },
    {
      "id": "P013",
      "area_px": 2167.0,
      "centroid_norm": [
        0.30352076243077986,
        0.4533534804741578
      ],