{
  "site": {
    "width_m": 1000.0,
    "height_m": 1000.0
  },
  "parcels": [
    {
      "id": "P006",
      "area_px": 3738.0,
      "centroid_norm": [
        0.23180662494983947,
        0.8434579195090958
      ],
      "polygon": [
        [
          260.7421875,
          883.7890625
        ],
        [
          205.078125,
          857.421875
        ],
        [
          209.9609375,
          846.6796875
        ],
        [
          209.9609375,
          834.9609375
        ],
        [
          181.640625,
          821.2890625
        ],
        [
          190.4296875,
          807.6171875
        ],
        [
          203.125,
          805.6640625
        ],
        [
          242.1875,
          824.21875
        ],
        [
          245.1171875,
          836.9140625
        ],
        [
          261.71875,
          833.984375
        ],
        [
          273.4375,
          840.8203125
        ],
        [
          274.4140625,
          848.6328125
        ]
      ],
      "land_use": "Residential"
    },
    {
      "id": "P009",
      "area_px": 47016.0,
      "centroid_norm": [
        0.2770163597897524,
        0.704673384127212
      ],
      "polygon": [
        [
          338.8671875,
          841.796875
        ],
        [
          211.9140625,
          780.2734375
        ],
        [
          185.546875,
          780.2734375
        ],
        [
          173.828125,
          786.1328125
        ],
        [
          163.0859375,
          798.828125
        ],
        [
          156.25,
          792.96875
        ],
        [
          109.375,
          772.4609375
        ],
        [
          214.84375,
          636.71875
        ],
        [
          230.46875,
          612.3046875
        ],
        [
          250.9765625,
          565.4296875
        ],
        [
          253.90625,
          564.453125
        ],
        [
          290.0390625,
          579.1015625
        ],
        [
          415.0390625,
          641.6015625
        ],
        [
          404.296875,
          671.875
        ],
        [
          339.84375,
          816.40625
        ],
        [
          338.8671875,
          825.1953125
        ],
        [
          344.7265625,
          830.078125
        ]
      ],
      "land_use": "Commercial"
    },
    {
      "id": "P010",
      "area_px": 29056.0,
      "centroid_norm": [
        0.12542570004904322,
        0.6275643504138559
      ],
      "polygon": [
        [
          89.84375,
          764.6484375
        ],
        [
          25.390625,
          737.3046875
        ],
        [
          22.4609375,
          733.3984375
        ],
        [
          123.046875,
          495.1171875
        ],
        [
          126.953125,
          495.1171875
        ],
        [
          224.609375,
          546.875
        ],
        [
          233.3984375,
          554.6875
        ],
        [
          224.609375,
          580.078125
        ],
        [
          204.1015625,
          617.1875
        ]
      ],
      "land_use": "Residential"
    },
    {
      "id": "P011",
      "area_px": 90776.0,
      "centroid_norm": [
        0.511221044797083,
        0.554631257504737
      ],
      "polygon": [
        [
          731.4453125,
          747.0703125
        ],
        [
          435.546875,
          618.1640625
        ],
        [
          426.7578125,
          619.140625
        ],
        [
          269.53125,
          541.9921875
        ],
        [
          355.46875,
          332.03125
        ],
        [
          379.8828125,
          343.75
        ],
        [
          406.25,
          362.3046875
        ],
        [
          458.0078125,
          417.96875
        ],
        [
          544.921875,
          477.5390625
        ],
        [
          544.921875,
          486.328125
        ],
        [
          567.3828125,
          507.8125
        ],
        [
          575.1953125,
          519.53125
        ],
        [
          654.296875,
          586.9140625
        ],
        [
          663.0859375,
          586.9140625
        ],
        [
          665.0390625,
          579.1015625
        ],
        [
          713.8671875,
          581.0546875
        ],
        [
          761.71875,
          573.2421875
        ],
        [
          772.4609375,
          573.2421875
        ],
        [
          789.0625,
          586.9140625
        ]
      ],
      "land_use": "Commercial"
    },
    {
      "id": "P013",
      "area_px": 2326.0,
      "centroid_norm": [
        0.7442275331846517,
        0.5236125759082115
      ],
      "polygon": [
        [
          734.375,
          550.78125
        ],
        [
          712.890625,
          523.4375
        ],
        [
          749.0234375,
          489.2578125
        ],
        [
          763.671875,
          503.90625
        ],
        [
          767.578125,
          540.0390625
        ],
        [
          761.71875,
          547.8515625
        ]
      ],
      "land_use": "Public"
    },
    {
      "id": "P014",
      "area_px": 2727.0,
      "centroid_norm": [
        0.6566134803584525,
        0.5175412398010635
      ],
      "polygon": [
        [
          698.2421875,
          535.15625
        ],
        [
          657.2265625,
          543.9453125
        ],
        [
          611.328125,
          509.765625
        ],
        [
          663.0859375,
          487.3046875
        ]
      ],
      "land_use": "Public"
    },
    {
      "id": "P015",
      "area_px": 68973.0,
      "centroid_norm": [
        0.724802541053202,
        0.324702380143317
      ],