{
  "site": {
    "width_m": 1000.0,
    "height_m": 1000.0
  },
  "parcels": [
    {
      "id": "P001",
      "area_px": 114726.0,
      "centroid_norm": [
        0.7748084379439927,
        0.493960295549287
      ],
      "polygon": [
        [
          655.2734375,
          871.09375
        ],
        [
          636.71875,
          851.5625
        ],
        [
          620.1171875,
          812.5
        ],
        [
          611.328125,
          799.8046875
        ],
        [
          599.609375,
          790.0390625
        ],
        [
          563.4765625,
          774.4140625
        ],
        [
          566.40625,
          745.1171875
        ],
        [
          571.2890625,
          728.515625
        ],
        [
          585.9375,
          708.0078125
        ],
        [
          609.375,
          696.2890625
        ],
        [
          614.2578125,
          697.265625
        ],
        [
          617.1875,
          711.9140625
        ],
        [
          641.6015625,
          708.0078125
        ],
        [
          650.390625,
          699.21875
        ],
        [
          648.4375,
          690.4296875
        ],
        [
          629.8828125,
          693.359375
        ],
        [
          629.8828125,
          689.453125
        ],
        [
          644.53125,
          680.6640625
        ],
        [
          659.1796875,
          663.0859375
        ],
        [
          683.59375,
          590.8203125
        ],
        [
          770.5078125,
          639.6484375
        ],
        [
          775.390625,
          646.484375
        ],
        [
          783.203125,
          644.53125
        ],
        [
          790.0390625,
          625.9765625
        ],
        [
          790.0390625,
          616.2109375
        ],
        [
          779.296875,
          615.234375
        ],
        [
          754.8828125,
          599.609375
        ],
        [
          778.3203125,
          525.390625
        ],
        [
          782.2265625,
          524.4140625
        ],
        [
          806.640625,
          538.0859375
        ],
        [
          811.5234375,
          547.8515625
        ],
        [
          819.3359375,
          546.875
        ],
        [
          872.0703125,
          412.109375
        ],
        [
          871.09375,
          401.3671875
        ],
        [
          862.3046875,
          403.3203125
        ],
        [
          818.359375,
          515.625
        ],
        [
          682.6171875,
          436.5234375
        ],
        [
          719.7265625,
          314.453125
        ],
        [
          722.65625,
          292.96875
        ],
        [
          722.65625,
          248.046875
        ],
        [
          717.7734375,
          208.984375
        ],
        [
          812.5,
          189.453125
        ],
        [
          842.7734375,
          179.6875
        ],
        [
          858.3984375,
          228.515625
        ],
        [
          861.328125,
          232.421875
        ],
        [
          867.1875,
          232.421875
        ],
        [
          867.1875,
          218.75
        ],
        [
          853.515625,
          175.78125
        ],
        [
          901.3671875,
          158.203125
        ],
        [
          901.3671875,
          170.8984375
        ],
        [
          908.203125,
          187.5
        ],
        [
          933.59375,
          210.9375
        ],
        [
          921.875,
          211.9140625
        ],
        [
          907.2265625,
          223.6328125
        ],
        [
          904.296875,
          230.46875
        ],
        [
          904.296875,
          254.8828125
        ],
        [
          915.0390625,
          269.53125
        ],
        [
          961.9140625,
          299.8046875
        ],
        [
          966.796875,
          307.6171875
        ],
        [
          962.890625,
          323.2421875
        ],
        [
          942.3828125,
          371.09375
        ],
        [
          904.296875,
          428.7109375
        ],
        [
          842.7734375,
          573.2421875
        ],
        [
          833.984375,
          582.03125
        ],
        [
          806.640625,
          642.578125
        ],
        [
          777.34375,
          727.5390625
        ],
        [
          774.4140625,
          768.5546875
        ],
        [
          759.765625,
          821.2890625
        ],
        [
          746.09375,
          820.3125
        ],
        [
          742.1875,
          824.21875
        ],
        [
          733.3984375,
          825.1953125
        ],
        [
          723.6328125,
          836.9140625
        ],
        [
          723.6328125,
          855.46875
        ]
      ],
      "land_use": "Commercial"
    },
    {
      "id": "P002",
      "area_px": 39948.0,
      "centroid_norm": [
        0.5258053487111369,
        0.644121415457282
      ],
      "polygon": [
        [
          383.7890625,
          702.1484375
        ],
        [
          364.2578125,
          677.734375
        ],
        [
          366.2109375,
          670.8984375
        ],
        [
          388.671875,
          648.4375
        ],
        [
          414.0625,
          629.8828125
        ],
        [
          516.6015625,
          572.265625
        ],
        [
          539.0625,
          544.921875
        ],
        [
          550.78125,
          514.6484375
        ],
        [
          667.96875,
          582.03125
        ],
        [
          651.3671875,
          635.7421875
        ],
        [
          639.6484375,
          658.203125
        ],
        [
          625.0,
          669.921875
        ],
        [
          582.03125,
          686.5234375
        ],
        [
          562.5,
          706.0546875
        ],
        [
          551.7578125,
          731.4453125
        ],
        [
          547.8515625,
          767.578125
        ]
      ],
      "land_use": "Residential"
    },
    {
      "id": "P003",
      "area_px": 49591.0,
      "centroid_norm": [
        0.3634891616548366,
        0.5119407022884697
      ],
      "polygon": [
        [
          524.4140625,
          533.203125
        ],
        [
          505.859375,
          555.6640625
        ],
        [
          404.296875,
          612.3046875
        ],
        [
          378.90625,
          630.859375
        ],
        [
          350.5859375,
          659.1796875
        ],
        [
          294.921875,
          578.125
        ],
        [
          249.0234375,
          527.34375
        ],
        [
          198.2421875,
          453.125
        ],
        [
          221.6796875,
          422.8515625
        ],
        [
          243.1640625,
          411.1328125
        ],
        [
          265.625,
          411.1328125
        ],
        [
          317.3828125,
          422.8515625
        ],
        [
          347.65625,
          424.8046875
        ],
        [
          373.046875,
          416.015625
        ],
        [
          393.5546875,
          397.4609375
        ],
        [
          416.015625,
          426.7578125
        ],
        [
          450.1953125,
          455.078125
        ],
        [
          531.25,
          500.9765625
        ],
        [
          535.15625,
          504.8828125
        ]
      ],
      "land_use": "Public"
    },
    {
      "id": "P005",
      "area_px": 5339.0,
      "centroid_norm": [
        0.693284747260723,
        0.5271633996300805
      ],