{
  "site": {
    "width_m": 1000.0,
    "height_m": 1000.0
  },
  "parcels": [
    {
      "id": "P002",
      "area_px": 20293.0,
      "centroid_norm": [
        0.5125584503430987,
        0.8763431644378603
      ],
      "polygon": [
        [
          412.109375,
          945.3125
        ],
        [
          408.203125,
          925.78125
        ],
        [
          416.015625,
          896.484375
        ],
        [
          415.0390625,
          874.0234375
        ],
        [
          418.9453125,
          850.5859375
        ],
        [
          445.3125,
          844.7265625
        ],
        [
          445.3125,
          837.890625
        ],
        [
          433.59375,
          824.21875
        ],
        [
          534.1796875,
          833.0078125
        ],
        [
          535.15625,
          835.9375
        ],
        [
          545.8984375,
          835.9375
        ],
        [
          555.6640625,
          820.3125
        ],
        [
          617.1875,
          825.1953125
        ],
        [
          613.28125,
          839.84375
        ],
        [
          618.1640625,
          843.75
        ],
        [
          668.9453125,
          848.6328125
        ],
        [
          576.171875,
          901.3671875
        ],
        [
          563.4765625,
          894.53125
        ],
        [
          547.8515625,
          894.53125
        ],
        [
          546.875,
          902.34375
        ],
        [
          559.5703125,
          910.15625
        ],
        [
          532.2265625,
          925.78125
        ],
        [
          452.1484375,
          941.40625
        ],
        [
          434.5703125,
          932.6171875
        ],
        [
          424.8046875,
          932.6171875
        ],
        [
          422.8515625,
          942.3828125
        ],
        [
          428.7109375,
          945.3125
        ],
        [
          416.015625,
          948.2421875
        ]
      ],
      "land_use": "Residential"
    },
    {
      "id": "P019",
      "area_px": 1771.0,
      "centroid_norm": [
        0.5599265289737436,
        0.7509164578627894
      ],
      "polygon": [
        [
          484.375,
          752.9296875
        ],
        [
          529.296875,
          748.046875
        ],
        [
          533.203125,
          753.90625
        ],
        [
          543.9453125,
          753.90625
        ],
        [
          545.8984375,
          746.09375
        ],
        [
          625.0,
          737.3046875
        ],
        [
          632.8125,
          746.09375
        ],
        [
          632.8125,
          749.0234375
        ],
        [
          494.140625,
          763.671875
        ],
        [
          489.2578125,
          762.6953125
        ]
      ],
      "land_use": "Public"
    },
    {
      "id": "P020",
      "area_px": 30436.0,
      "centroid_norm": [
        0.5016108019183697,
        0.6766094478988698
      ],
      "polygon": [
        [
          364.2578125,
          616.2109375
        ],
        [
          376.953125,
          615.234375
        ],
        [
          377.9296875,
          600.5859375
        ],
        [
          427.734375,
          600.5859375
        ],
        [
          464.84375,
          609.375
        ],
        [
          452.1484375,
          618.1640625
        ],
        [
          452.1484375,
          625.0
        ],
        [
          456.0546875,
          626.953125
        ],
        [
          466.796875,
          626.953125
        ],
        [
          485.3515625,
          614.2578125
        ],
        [
          509.765625,
          620.1171875
        ],
        [
          501.953125,
          626.953125
        ],
        [
          501.953125,
          633.7890625
        ],
        [
          507.8125,
          636.71875
        ],
        [
          515.625,
          636.71875
        ],
        [
          534.1796875,
          625.9765625
        ],
        [
          621.09375,
          646.484375
        ],
        [
          612.3046875,
          657.2265625
        ],
        [
          614.2578125,
          665.0390625
        ],
        [
          624.0234375,
          665.0390625
        ],
        [
          641.6015625,
          651.3671875
        ],
        [
          653.3203125,
          655.2734375
        ],
        [
          665.0390625,
          703.125
        ],
        [
          625.9765625,
          707.03125
        ],
        [
          624.0234375,
          715.8203125
        ],
        [
          636.71875,
          717.7734375
        ],
        [
          667.96875,
          713.8671875
        ],
        [
          667.96875,
          718.75
        ],
        [
          397.4609375,
          747.0703125
        ],
        [
          401.3671875,
          709.9609375
        ]
      ],
      "land_use": "Commercial"
    },
    {
      "id": "P037",
      "area_px": 65967.0,
      "centroid_norm": [
        0.5014069682805418,
        0.4121064586507269
      ],