{
  "site": {
    "width_m": 1000,
    "height_m": 1000
  },
  "parcels": [
    {
      "id": "P001",
      "area_px": 83299,
      "centroid_norm": [
        0.4755253969322861,
        0.7124834416154455
      ],
      "polygon": [
        [
          199.21875,
          854.4921875
        ],
        [
          610.3515625,
          486.328125
        ],
        [
          689.453125,
          633.7890625
        ],
        [
          698.2421875,
          651.3671875
        ],
        [
          697.265625,
          656.25
        ],
        [
          412.109375,
          869.140625
        ],
        [
          362.3046875,
          879.8828125
        ],
        [
          311.5234375,
          879.8828125
        ],
        [
          232.421875,
          868.1640625
        ]
      ],
      "land_use": "Commercial"
    },
    {
      "id": "P002",
      "area_px": 52672,
      "centroid_norm": [
        0.22232037123614065,
        0.6653983207693366
      ],
      "polygon": [
        [
          169.921875,
          830.078125
        ],
        [
          145.5078125,
          800.78125
        ],
        [
          125,
          768.5546875
        ],
        [
          65.4296875,
          654.296875
        ],
        [
          309.5703125,
          511.71875
        ],
        [
          375.9765625,
          639.6484375
        ],
        [
          375.9765625,
          645.5078125
        ]
      ],
      "land_use": "Residential"
    },
    {
      "id": "P003",
      "area_px": 62835,
      "centroid_norm": [
        0.7964605806626482,
        0.47580837026040423
      ],
      "polygon": [
        [
          627.9296875,
          469.7265625
        ],
        [
          791.015625,
          323.2421875
        ],
        [
          829.1015625,
          361.328125
        ],
        [
          859.375,
          375.9765625
        ],
        [
          911.1328125,
          391.6015625
        ],
        [
          952.1484375,
          409.1796875
        ],
        [
          966.796875,
          417.96875
        ],
        [
          969.7265625,
          424.8046875
        ],
        [
          978.515625,
          423.828125
        ],
        [
          992.1875,
          452.1484375
        ],
        [
          984.375,
          463.8671875
        ],
        [
          960.9375,
          486.328125
        ],
        [
          937.5,
          500
        ],
        [
          860.3515625,
          558.59375
        ],
        [
          795.8984375,
          583.0078125
        ],
        [
          717.7734375,
          640.625
        ]
      ],
      "land_use": "Commercial"
    },
    {
      "id": "P004",
      "area_px": 26374,
      "centroid_norm": [
        0.16670389161674376,
        0.5206305215363616
      ],
      "polygon": [
        [
          57.6171875,
          638.671875
        ],
        [
          46.875,
          618.1640625
        ],
        [
          37.109375,
          621.09375
        ],
        [
          27.34375,
          594.7265625
        ],
        [
          30.2734375,
          582.03125
        ],
        [
          142.578125,
          483.3984375
        ],
        [
          183.59375,
          442.3828125
        ],
        [
          189.453125,
          442.3828125
        ],
        [
          219.7265625,
          414.0625
        ],
        [
          241.2109375,
          400.390625
        ],
        [
          300.78125,
          495.1171875
        ],
        [
          232.421875,
          536.1328125
        ],
        [
          222.65625,
          538.0859375
        ]
      ],
      "land_use": "Public"
    },
    {
      "id": "P005",
      "area_px": 5442,
      "centroid_norm": [
        0.4086668217107681,
        0.5670007651713524
      ],
      "polygon": [
        [
          400.390625,
          621.09375
        ],
        [
          363.28125,
          550.78125
        ],
        [
          420.8984375,
          515.625
        ],
        [
          452.1484375,
          577.1484375
        ],
        [
          409.1796875,
          616.2109375
        ]
      ],
      "land_use": "Public"
    },
    {
      "id": "P006",
      "area_px": 76941,
      "centroid_norm": [
        0.5653026751017013,
        0.3475678477461627
      ],
      "polygon": [
        [
          353.515625,
          532.2265625
        ],
        [
          331.0546875,
          485.3515625
        ],
        [
          316.40625,
          463.8671875
        ],
        [
          343.75,
          466.796875
        ],
        [
          359.375,
          462.890625
        ],
        [
          593.75,
          311.5234375
        ],
        [
          593.75,
          300.78125
        ],
        [
          589.84375,
          296.875
        ],
        [
          583.984375,
          296.875
        ],
        [
          526.3671875,
          333.984375
        ],
        [
          478.515625,
          240.234375
        ],
        [
          652.34375,
          122.0703125
        ],
        [
          664.0625,
          120.1171875
        ],
        [
          649.4140625,
          130.859375
        ],
        [
          649.4140625,
          147.4609375
        ],
        [
          729.4921875,
          253.90625
        ],
        [
          766.6015625,
          294.921875
        ],
        [
          465.8203125,
          565.4296875
        ],
        [
          426.7578125,
          493.1640625
        ],
        [
          415.0390625,
          495.1171875
        ]
      ],
      "land_use": "Commercial"
    },
    {
      "id": "P008",
      "area_px": 16843,
      "centroid_norm": [
        0.36122497801386333,
        0.3771776247921985
      ],
      "polygon": [
        [
          308.59375,
          441.40625
        ],
        [
          293.9453125,
          427.734375
        ],
        [
          266.6015625,
          382.8125
        ],
        [
          444.3359375,
          262.6953125
        ],
        [
          408.203125,
          294.921875
        ],
        [
          408.203125,
          304.6875
        ],
        [
          449.21875,
          383.7890625
        ],
        [
          349.609375,
          448.2421875
        ],
        [
          330.078125,
          450.1953125
        ]
      ],
      "land_use": "Green"
    },
    {
      "id": "P009",
      "area_px": 5569,
      "centroid_norm": [
        0.4663148189194649,
        0.3204731269078829
      ],
      "polygon": [
        [
          460.9375,
          375.9765625
        ],
        [
          422.8515625,
          301.7578125
        ],
        [
          468.75,
          260.7421875
        ],
        [
          510.7421875,
          343.75
        ]
      ],
      "land_use": "Public"
    }
  ]
}