{
  "site": {
    "width_m": 1000,
    "height_m": 1000
  },
  "parcels": [
    {
      "id": "P001",
      "area_px": 384685,
      "centroid_norm": [
        0.5316606875796106,
        0.5757245553789139
      ],
      "polygon": [
        [
          193.359375,
          982.421875
        ],
        [
          178.7109375,
          944.3359375
        ],
        [
          161.1328125,
          918.9453125
        ],
        [
          160.15625,
          898.4375
        ],
        [
          142.578125,
          890.625
        ],
        [
          140.625,
          858.3984375
        ],
        [
          144.53125,
          822.265625
        ],
        [
          134.765625,
          796.875
        ],
        [
          141.6015625,
          793.9453125
        ],
        [
          154.296875,
          795.8984375
        ],
        [
          171.875,
          789.0625
        ],
        [
          176.7578125,
          784.1796875
        ],
        [
          207.03125,
          781.25
        ],
        [
          221.6796875,
          774.4140625
        ],
        [
          222.65625,
          765.625
        ],
        [
          211.9140625,
          745.1171875
        ],
        [
          202.1484375,
          745.1171875
        ],
        [
          194.3359375,
          741.2109375
        ],
        [
          198.2421875,
          728.515625
        ],
        [
          203.125,
          726.5625
        ],
        [
          203.125,
          721.6796875
        ],
        [
          221.6796875,
          710.9375
        ],
        [
          238.28125,
          711.9140625
        ],
        [
          247.0703125,
          708.0078125
        ],
        [
          261.71875,
          709.9609375
        ],
        [
          277.34375,
          701.171875
        ],
        [
          280.2734375,
          694.3359375
        ],
        [
          284.1796875,
          694.3359375
        ],
        [
          291.9921875,
          686.5234375
        ],
        [
          304.6875,
          698.2421875
        ],
        [
          311.5234375,
          711.9140625
        ],
        [
          321.2890625,
          710.9375
        ],
        [
          333.984375,
          725.5859375
        ],
        [
          344.7265625,
          726.5625
        ],
        [
          345.703125,
          718.75
        ],
        [
          316.40625,
          682.6171875
        ],
        [
          293.9453125,
          662.109375
        ],
        [
          277.34375,
          652.34375
        ],
        [
          273.4375,
          638.671875
        ],
        [
          265.625,
          628.90625
        ],
        [
          223.6328125,
          628.90625
        ],
        [
          223.6328125,
          625.9765625
        ],
        [
          239.2578125,
          625
        ],
        [
          239.2578125,
          619.140625
        ],
        [
          231.4453125,
          615.234375
        ],
        [
          214.84375,
          615.234375
        ],
        [
          212.890625,
          625.9765625
        ],
        [
          168.9453125,
          613.28125
        ],
        [
          165.0390625,
          609.375
        ],
        [
          156.25,
          609.375
        ],
        [
          171.875,
          573.2421875
        ],
        [
          171.875,
          545.8984375
        ],
        [
          162.109375,
          548.828125
        ],
        [
          160.15625,
          561.5234375
        ],
        [
          147.4609375,
          588.8671875
        ],
        [
          147.4609375,
          594.7265625
        ],
        [
          140.625,
          602.5390625
        ],
        [
          159.1796875,
          555.6640625
        ],
        [
          161.1328125,
          542.96875
        ],
        [
          165.0390625,
          542.96875
        ],
        [
          174.8046875,
          531.25
        ],
        [
          174.8046875,
          524.4140625
        ],
        [
          167.96875,
          520.5078125
        ],
        [
          198.2421875,
          503.90625
        ],
        [
          206.0546875,
          513.671875
        ],
        [
          218.75,
          510.7421875
        ],
        [
          219.7265625,
          516.6015625
        ],
        [
          226.5625,
          516.6015625
        ],
        [
          232.421875,
          512.6953125
        ],
        [
          232.421875,
          505.859375
        ],
        [
          226.5625,
          504.8828125
        ],
        [
          228.515625,
          501.953125
        ],
        [
          262.6953125,
          484.375
        ],
        [
          340.8203125,
          468.75
        ],
        [
          445.3125,
          484.375
        ],
        [
          525.390625,
          483.3984375
        ],
        [
          531.25,
          494.140625
        ],
        [
          512.6953125,
          551.7578125
        ],
        [
          516.6015625,
          645.5078125
        ],
        [
          480.46875,
          731.4453125
        ],
        [
          441.40625,
          759.765625
        ],
        [
          417.96875,
          736.328125
        ],
        [
          409.1796875,
          736.328125
        ],
        [
          407.2265625,
          744.140625
        ],
        [
          434.5703125,
          773.4375
        ],
        [
          451.171875,
          772.4609375
        ],
        [
          496.09375,
          739.2578125
        ],
        [
          510.7421875,
          701.171875
        ],
        [
          531.25,
          689.453125
        ],
        [
          529.296875,
          678.7109375
        ],
        [
          520.5078125,
          679.6875
        ],
        [
          526.3671875,
          664.0625
        ],
        [
          541.015625,
          701.171875
        ],
        [
          549.8046875,
          701.171875
        ],
        [
          567.3828125,
          690.4296875
        ],
        [
          567.3828125,
          681.640625
        ],
        [
          541.015625,
          628.90625
        ],
        [
          539.0625,
          602.5390625
        ],
        [
          542.96875,
          563.4765625
        ],
        [
          549.8046875,
          548.828125
        ],
        [
          563.4765625,
          532.2265625
        ],
        [
          564.453125,
          522.4609375
        ],
        [
          597.65625,
          495.1171875
        ],
        [
          614.2578125,
          472.65625
        ],
        [
          618.1640625,
          452.1484375
        ],
        [
          615.234375,
          425.78125
        ],
        [
          595.703125,
          399.4140625
        ],
        [
          387.6953125,
          177.734375
        ],
        [
          459.9609375,
          141.6015625
        ],
        [
          540.0390625,
          92.7734375
        ],
        [
          563.4765625,
          52.734375
        ],
        [
          602.5390625,
          15.625
        ],
        [
          613.28125,
          34.1796875
        ],
        [
          637.6953125,
          60.546875
        ],
        [
          646.484375,
          111.328125
        ],
        [
          644.53125,
          138.671875
        ],
        [
          664.0625,
          179.6875
        ],
        [
          703.125,
          204.1015625
        ],
        [
          707.03125,
          211.9140625
        ],
        [
          758.7890625,
          249.0234375
        ],
        [
          819.3359375,
          315.4296875
        ],
        [
          848.6328125,
          365.234375
