{
  "site": {
    "width_m": 1000,
    "height_m": 1000
  },
  "parcels": [
    {
      "id": "P001",
      "area_px": 10217,
      "centroid_norm": [
        0.37102082084393656,
        0.793194419380689
      ],
      "polygon": [
        [
          384.765625,
          983.3984375
        ],
        [
          355.46875,
          958.0078125
        ],
        [
          353.515625,
          923.828125
        ],
        [
          347.65625,
          919.921875
        ],
        [
          346.6796875,
          902.34375
        ],
        [
          370.1171875,
          900.390625
        ],
        [
          372.0703125,
          882.8125
        ],
        [
          360.3515625,
          777.34375
        ],
        [
          342.7734375,
          774.4140625
        ],
        [
          349.609375,
          770.5078125
        ],
        [
          344.7265625,
          734.375
        ],
        [
          350.5859375,
          690.4296875
        ],
        [
          363.28125,
          647.4609375
        ],
        [
          379.8828125,
          612.3046875
        ],
        [
          397.4609375,
          618.1640625
        ],
        [
          380.859375,
          682.6171875
        ],
        [
          375.9765625,
          729.4921875
        ],
        [
          379.8828125,
          763.671875
        ],
        [
          375,
          764.6484375
        ],
        [
          375,
          783.203125
        ],
        [
          387.6953125,
          784.1796875
        ],
        [
          396.484375,
          888.671875
        ],
        [
          377.9296875,
          891.6015625
        ],
        [
          378.90625,
          928.7109375
        ],
        [
          382.8125,
          929.6875
        ]
      ],
      "land_use": "Commercial"
    },
    {
      "id": "P002",
      "area_px": 5496,
      "centroid_norm": [
        0.32937768661299127,
        0.844485087165666
      ],
      "polygon": [
        [
          335.9375,
          955.078125
        ],
        [
          319.3359375,
          908.203125
        ],
        [
          314.453125,
          879.8828125
        ],
        [
          309.5703125,
          868.1640625
        ],
        [
          310.546875,
          763.671875
        ],
        [
          327.1484375,
          763.671875
        ],
        [
          328.125,
          785.15625
        ],
        [
          331.0546875,
          788.0859375
        ],
        [
          345.703125,
          788.0859375
        ],
        [
          356.4453125,
          888.671875
        ],
        [
          335.9375,
          888.671875
        ],
        [
          331.0546875,
          891.6015625
        ],
        [
          333.0078125,
          930.6640625
        ],
        [
          338.8671875,
          933.59375
        ]
      ],
      "land_use": "Commercial"
    },
    {
      "id": "P007",
      "area_px": 1696,
      "centroid_norm": [
        0.2534755490860849,
        0.6626828751474056
      ],
      "polygon": [
        [
          248.046875,
          691.40625
        ],
        [
          231.4453125,
          640.625
        ],
        [
          264.6484375,
          636.71875
        ],
        [
          272.4609375,
          689.453125
        ]
      ],
      "land_use": "Public"
    },
    {
      "id": "P008",
      "area_px": 1625,
      "centroid_norm": [
        0.3190955528846154,
        0.6637175480769231
      ],
      "polygon": [
        [
          301.7578125,
          687.5
        ],
        [
          298.828125,
          654.296875
        ],
        [
          308.59375,
          641.6015625
        ],
        [
          342.7734375,
          648.4375
        ],
        [
          333.0078125,
          684.5703125
        ],
        [
          325.1953125,
          686.5234375
        ],
        [
          323.2421875,
          677.734375
        ],
        [
          315.4296875,
          677.734375
        ],
        [
          314.453125,
          686.5234375
        ]
      ],
      "land_use": "Public"
    },
    {
      "id": "P023",
      "area_px": 3103,
      "centroid_norm": [
        0.35456016606912666,
        0.5388038037786014
      ],
      "polygon": [
        [
          402.34375,
          534.1796875
        ],
        [
          394.53125,
          543.9453125
        ],
        [
          384.765625,
          545.8984375
        ],
        [
          385.7421875,
          556.640625
        ],
        [
          374.0234375,
          570.3125
        ],
        [
          358.3984375,
          574.21875
        ],
        [
          374.0234375,
          553.7109375
        ],
        [
          372.0703125,
          545.8984375
        ],
        [
          359.375,
          545.8984375
        ],
        [
          350.5859375,
          550.78125
        ],
        [
          334.9609375,
          572.265625
        ],
        [
          325.1953125,
          550.78125
        ],
        [
          320.3125,
          546.875
        ],
        [
          317.3828125,
          517.578125
        ],
        [
          360.3515625,
          515.625
        ]
      ],
      "land_use": "Residential"
    },
    {
      "id": "P030",
      "area_px": 1919,
      "centroid_norm": [
        0.5298312109171444,
        0.525680693069307
      ],
      "polygon": [
        [
          496.09375,
          553.7109375
        ],
        [
          542.96875,
          489.2578125
        ],
        [
          564.453125,
          498.046875
        ],
        [
          516.6015625,
          561.5234375
        ]
      ],
      "land_use": "Residential"
    },
    {
      "id": "P038",
      "area_px": 2357,
      "centroid_norm": [
        0.19553333488014424,
        0.485725697390751
      ],
      "polygon": [
        [
          186.5234375,
          519.53125
        ],
        [
          170.8984375,
          458.984375
        ],
        [
          208.0078125,
          453.125
        ],
        [
          216.796875,
          514.6484375
        ]
      ],
      "land_use": "Green"
    },
    {
      "id": "P039",
      "area_px": 5444,
      "centroid_norm": [
        0.4224899258357825,
        0.46413913253122707
      ],
      "polygon": [
        [
          391.6015625,
          504.8828125
        ],
        [
          383.7890625,
          491.2109375
        ],
        [
          383.7890625,
          471.6796875
        ],
        [
          398.4375,
          448.2421875
        ],
        [
          399.4140625,
          428.7109375
        ],
        [
          450.1953125,
          423.828125
        ],
        [
          475.5859375,
          433.59375
        ],
        [
          414.0625,
          518.5546875
        ],
        [
          406.25,
          516.6015625
        ]
      ],
      "land_use": "Commercial"
    },
    {
      "id": "P041",
      "area_px": 1710,
      "centroid_norm": [
        0.48707682291666665,
        0.4759657118055556
      ],
      "polygon": [
        [
          455.078125,
          503.90625
        ],
        [
          473.6328125,
          479.4921875
        ],
        [
          473.6328125,
          467.7734375
        ],
        [
          484.375,
          464.84375
        ],
        [
          501.953125,
          441.40625
        ],
        [
          522.4609375,
          449.21875
        ],
        [
          518.5546875,
          450.1953125
        ],
        [
          472.65625,
          511.71875
        ]
      ],
      "land_use": "Public"
    },
    {
      "id": "P043",
      "area_px": 3530,
      "centroid_norm": [
        0.3380826177407932,
        0.4655923557011331
      ],