{
  "site": {
    "width_m": 1000,
    "height_m": 1000
  },
  "parcels": [
    {
      "id": "P001",
      "area_px": 27623,
      "centroid_norm": [
        0.10677286025232596,
        0.6937783815796619
      ],
      "polygon": [
        [
          57.6171875,
          842.7734375
        ],
        [
          53.7109375,
          839.84375
        ],
        [
          53.7109375,
          828.125
        ],
        [
          42.96875,
          805.6640625
        ],
        [
          50.78125,
          750.9765625
        ],
        [
          50.78125,
          727.5390625
        ],
        [
          40.0390625,
          710.9375
        ],
        [
          13.671875,
          689.453125
        ],
        [
          15.625,
          682.6171875
        ],
        [
          27.34375,
          665.0390625
        ],
        [
          34.1796875,
          664.0625
        ],
        [
          39.0625,
          668.9453125
        ],
        [
          45.8984375,
          668.9453125
        ],
        [
          137.6953125,
          564.453125
        ],
        [
          151.3671875,
          539.0625
        ],
        [
          168.9453125,
          528.3203125
        ],
        [
          178.7109375,
          516.6015625
        ],
        [
          180.6640625,
          477.5390625
        ],
        [
          216.796875,
          452.1484375
        ],
        [
          219.7265625,
          459.9609375
        ],
        [
          217.7734375,
          495.1171875
        ],
        [
          205.078125,
          500
        ],
        [
          188.4765625,
          517.578125
        ],
        [
          161.1328125,
          537.109375
        ],
        [
          146.484375,
          754.8828125
        ],
        [
          139.6484375,
          758.7890625
        ],
        [
          131.8359375,
          833.984375
        ],
        [
          123.046875,
          834.9609375
        ],
        [
          122.0703125,
          829.1015625
        ],
        [
          114.2578125,
          829.1015625
        ],
        [
          69.3359375,
          843.75
        ]
      ],
      "land_use": "Green"
    },
    {
      "id": "P007",
      "area_px": 1751,
      "centroid_norm": [
        0.31326295688178185,
        0.7310699689463164
      ],
      "polygon": [
        [
          301.7578125,
          760.7421875
        ],
        [
          294.921875,
          709.9609375
        ],
        [
          325.1953125,
          702.1484375
        ],
        [
          331.0546875,
          752.9296875
        ]
      ],
      "land_use": "Residential"
    },
    {
      "id": "P008",
      "area_px": 13577,
      "centroid_norm": [
        0.4854143553896295,
        0.6646149048022391
      ],
      "polygon": [
        [
          440.4296875,
          757.8125
        ],
        [
          473.6328125,
          750
        ],
        [
          471.6796875,
          704.1015625
        ],
        [
          467.7734375,
          696.2890625
        ],
        [
          431.640625,
          698.2421875
        ],
        [
          426.7578125,
          660.15625
        ],
        [
          433.59375,
          658.203125
        ],
        [
          433.59375,
          650.390625
        ],
        [
          430.6640625,
          646.484375
        ],
        [
          424.8046875,
          646.484375
        ],
        [
          421.875,
          624.0234375
        ],
        [
          424.8046875,
          613.28125
        ],
        [
          435.546875,
          603.515625
        ],
        [
          472.65625,
          605.46875
        ],
        [
          541.015625,
          602.5390625
        ],
        [
          540.0390625,
          661.1328125
        ],
        [
          526.3671875,
          664.0625
        ],
        [
          527.34375,
          741.2109375
        ]
      ],
      "land_use": "Commercial"
    },
    {
      "id": "P010",
      "area_px": 1736,
      "centroid_norm": [
        0.3564993159562212,
        0.7189198858726958
      ],
      "polygon": [
        [
          344.7265625,
          748.046875
        ],
        [
          338.8671875,
          697.265625
        ],
        [
          367.1875,
          689.453125
        ],
        [
          375,
          740.234375
        ]
      ],
      "land_use": "Residential"
    },
    {
      "id": "P014",
      "area_px": 1677,
      "centroid_norm": [
        0.3981865170319022,
        0.7073090200134169
      ],
      "polygon": [
        [
          387.6953125,
          736.328125
        ],
        [
          380.859375,
          685.546875
        ],
        [
          409.1796875,
          677.734375
        ],
        [
          416.015625,
          728.515625
        ]
      ],
      "land_use": "Residential"
    },
    {
      "id": "P015",
      "area_px": 6028,
      "centroid_norm": [
        0.5705595567041307,
        0.6686668269430159
      ],
      "polygon": [
        [
          555.6640625,
          735.3515625
        ],
        [
          555.6640625,
          709.9609375
        ],
        [
          539.0625,
          708.0078125
        ],
        [
          539.0625,
          676.7578125
        ],
        [
          550.78125,
          676.7578125
        ],
        [
          552.734375,
          673.828125
        ],
        [
          551.7578125,
          602.5390625
        ],
        [
          590.8203125,
          600.5859375
        ],
        [
          593.75,
          728.515625
        ]
      ],
      "land_use": "Commercial"
    },
    {
      "id": "P017",
      "area_px": 11349,
      "centroid_norm": [
        0.589234355725174,
        0.5726773662602431
      ],
      "polygon": [
        [
          605.46875,
          725.5859375
        ],
        [
          602.5390625,
          588.8671875
        ],
        [
          541.015625,
          587.890625
        ],
        [
          537.109375,
          514.6484375
        ],
        [
          598.6328125,
          460.9375
        ],
        [
          603.515625,
          467.7734375
        ],
        [
          635.7421875,
          719.7265625
        ],
        [
          631.8359375,
          720.703125
        ],
        [
          629.8828125,
          706.0546875
        ],
        [
          619.140625,
          704.1015625
        ],
        [
          619.140625,
          723.6328125
        ]
      ],
      "land_use": "Commercial"
    },
    {
      "id": "P018",
      "area_px": 1592,
      "centroid_norm": [
        0.21738084956030151,
        0.6937482824277639
      ],
      "polygon": [
        [
          203.125,
          718.75
        ],
        [
          198.2421875,
          676.7578125
        ],
        [
          228.515625,
          668.9453125
        ],
        [
          233.3984375,
          676.7578125
        ],
        [
          237.3046875,
          708.984375
        ]
      ],
      "land_use": "Residential"
    },
    {
      "id": "P019",
      "area_px": 11344,
      "centroid_norm": [
        0.7097980623016573,
        0.6569738132492948
      ],
      "polygon": [
        [
          662.109375,
          713.8671875
        ],
        [
          659.1796875,
          709.9609375
        ],
        [
          648.4375,
          621.09375
        ],
        [
          761.71875,
          601.5625
        ],
        [
          769.53125,
          693.359375
        ]
      ],
      "land_use": "Commercial"
    },
    {
      "id": "P020",
      "area_px": 3259,
      "centroid_norm": [
        0.2851484590748696,
        0.6748775026848727
      ],