{
  "site": {
    "width_m": 1000,
    "height_m": 1000
  },
  "parcels": [
    {
      "id": "P001",
      "area_px": 141516,
      "centroid_norm": [
        0.25213558007575115,
        0.6060519437731422
      ],
      "polygon": [
        [
          94.7265625,
          807.6171875
        ],
        [
          90.8203125,
          636.71875
        ],
        [
          32.2265625,
          519.53125
        ],
        [
          15.625,
          457.03125
        ],
        [
          154.296875,
          457.03125
        ],
        [
          156.25,
          446.2890625
        ],
        [
          288.0859375,
          398.4375
        ],
        [
          319.3359375,
          375.9765625
        ],
        [
          357.421875,
          364.2578125
        ],
        [
          392.578125,
          439.453125
        ],
        [
          382.8125,
          458.984375
        ],
        [
          381.8359375,
          472.65625
        ],
        [
          390.625,
          473.6328125
        ],
        [
          395.5078125,
          458.984375
        ],
        [
          398.4375,
          459.9609375
        ],
        [
          430.6640625,
          611.328125
        ],
        [
          470.703125,
          769.53125
        ],
        [
          386.71875,
          777.34375
        ],
        [
          348.6328125,
          788.0859375
        ],
        [
          306.640625,
          791.9921875
        ],
        [
          277.34375,
          791.015625
        ],
        [
          250.9765625,
          797.8515625
        ]
      ],
      "land_use": "Commercial"
    },
    {
      "id": "P013",
      "area_px": 1745,
      "centroid_norm": [
        0.5298128581661891,
        0.6990295934813753
      ],
      "polygon": [
        [
          523.4375,
          732.421875
        ],
        [
          510.7421875,
          666.9921875
        ],
        [
          524.4140625,
          661.1328125
        ],
        [
          553.7109375,
          718.75
        ],
        [
          541.015625,
          727.5390625
        ]
      ],
      "land_use": "Public"
    },
    {
      "id": "P015",
      "area_px": 2026,
      "centroid_norm": [
        0.4607957875740375,
        0.6303098778381047
      ],
      "polygon": [
        [
          486.328125,
          730.46875
        ],
        [
          484.375,
          723.6328125
        ],
        [
          476.5625,
          720.703125
        ],
        [
          471.6796875,
          694.3359375
        ],
        [
          456.0546875,
          647.4609375
        ],
        [
          458.984375,
          642.578125
        ],
        [
          458.0078125,
          629.8828125
        ],
        [
          433.59375,
          536.1328125
        ],
        [
          437.5,
          540.0390625
        ],
        [
          445.3125,
          541.015625
        ],
        [
          472.65625,
          656.25
        ]
      ],
      "land_use": "Residential"
    },
    {
      "id": "P035",
      "area_px": 3500,
      "centroid_norm": [
        0.8167737165178571,
        0.6472084263392857
      ],
      "polygon": [
        [
          797.8515625,
          686.5234375
        ],
        [
          790.0390625,
          619.140625
        ],
        [
          833.0078125,
          606.4453125
        ],
        [
          845.703125,
          672.8515625
        ]
      ],
      "land_use": "Commercial"
    },
    {
      "id": "P041",
      "area_px": 3006,
      "centroid_norm": [
        0.7340371340652029,
        0.6337828899492681
      ],
      "polygon": [
        [
          720.703125,
          677.734375
        ],
        [
          708.984375,
          608.3984375
        ],
        [
          756.8359375,
          594.7265625
        ],
        [
          750,
          665.0390625
        ]
      ],
      "land_use": "Commercial"
    },
    {
      "id": "P080",
      "area_px": 2367,
      "centroid_norm": [
        0.4986050875316857,
        0.5559470882182087
      ],
      "polygon": [
        [
          511.71875,
          600.5859375
        ],
        [
          500.9765625,
          588.8671875
        ],
        [
          492.1875,
          589.84375
        ],
        [
          473.6328125,
          510.7421875
        ],
        [
          490.234375,
          512.6953125
        ],
        [
          524.4140625,
          572.265625
        ]
      ],
      "land_use": "Residential"
    },
    {
      "id": "P086",
      "area_px": 9456,
      "centroid_norm": [
        0.6719404759544205,
        0.5022751345045473
      ],
      "polygon": [
        [
          664.0625,
          594.7265625
        ],
        [
          627.9296875,
          395.5078125
        ],
        [
          630.859375,
          389.6484375
        ],
        [
          643.5546875,
          383.7890625
        ],
        [
          645.5078125,
          384.765625
        ],
        [
          637.6953125,
          388.671875
        ],
        [
          637.6953125,
          399.4140625
        ],
        [
          649.4140625,
          399.4140625
        ],
        [
          656.25,
          442.3828125
        ],
        [
          659.1796875,
          445.3125
        ],
        [
          667.96875,
          442.3828125
        ],
        [
          666.9921875,
          425.78125
        ],
        [
          669.921875,
          423.828125
        ],
        [
          676.7578125,
          445.3125
        ],
        [
          685.546875,
          443.359375
        ],
        [
          681.640625,
          417.96875
        ],
        [
          684.5703125,
          416.9921875
        ],
        [
          689.453125,
          428.7109375
        ],
        [
          689.453125,
          446.2890625
        ],
        [
          712.890625,
          581.0546875
        ]
      ],
      "land_use": "Commercial"
    },
    {
      "id": "P099",
      "area_px": 2127,
      "centroid_norm": [
        0.6026740457510579,
        0.5141879334156088
      ],
      "polygon": [
        [
          595.703125,
          566.40625
        ],
        [
          581.0546875,
          556.640625
        ],
        [
          591.796875,
          496.09375
        ],
        [
          619.140625,
          461.9140625
        ],
        [
          624.0234375,
          488.28125
        ],
        [
          610.3515625,
          496.09375
        ],
        [
          610.3515625,
          504.8828125
        ],
        [
          621.09375,
          505.859375
        ],
        [
          625.9765625,
          502.9296875
        ],
        [
          627.9296875,
          515.625
        ],
        [
          602.5390625,
          524.4140625
        ]
      ],
      "land_use": "Residential"
    },
    {
      "id": "P116",
      "area_px": 1647,
      "centroid_norm": [
        0.8836829272920461,
        0.49304844034608375
      ],