{
  "site": {
    "width_m": 1000.0,
    "height_m": 1000.0
  },
  "parcels": [
    {
      "id": "P003",
      "area_px": 31457.0,
      "centroid_norm": [
        0.6405017849266459,
        0.6561412826437677
      ],
      "polygon": [
        [
          586.9140625,
          777.34375
        ],
        [
          586.9140625,
          768.5546875
        ],
        [
          576.171875,
          744.140625
        ],
        [
          568.359375,
          737.3046875
        ],
        [
          555.6640625,
          737.3046875
        ],
        [
          569.3359375,
          722.65625
        ],
        [
          570.3125,
          711.9140625
        ],
        [
          559.5703125,
          708.984375
        ],
        [
          548.828125,
          721.6796875
        ],
        [
          541.9921875,
          673.828125
        ],
        [
          556.640625,
          666.9921875
        ],
        [
          557.6171875,
          661.1328125
        ],
        [
          570.3125,
          653.3203125
        ],
        [
          567.3828125,
          569.3359375
        ],
        [
          661.1328125,
          558.59375
        ],
        [
          671.875,
          589.84375
        ],
        [
          680.6640625,
          642.578125
        ],
        [
          683.59375,
          645.5078125
        ],
        [
          690.4296875,
          645.5078125
        ],
        [
          688.4765625,
          615.234375
        ],
        [
          679.6875,
          574.21875
        ],
        [
          672.8515625,
          557.6171875
        ],
        [
          717.7734375,
          551.7578125
        ],
        [
          729.4921875,
          604.4921875
        ],
        [
          739.2578125,
          626.953125
        ],
        [
          743.1640625,
          653.3203125
        ],
        [
          740.234375,
          660.15625
        ],
        [
          739.2578125,
          683.59375
        ],
        [
          692.3828125,
          701.171875
        ],
        [
          685.546875,
          708.0078125
        ],
        [
          675.78125,
          745.1171875
        ],
        [
          652.34375,
          738.28125
        ],
        [
          641.6015625,
          738.28125
        ],
        [
          633.7890625,
          762.6953125
        ],
        [
          627.9296875,
          767.578125
        ],
        [
          622.0703125,
          779.296875
        ]
      ],
      "land_use": "Commercial"
    },
    {
      "id": "P032",
      "area_px": 23611.0,
      "centroid_norm": [
        0.8275264310067342,
        0.5683233913747829
      ],
      "polygon": [
        [
          958.0078125,
          628.90625
        ],
        [
          939.453125,
          634.765625
        ],
        [
          926.7578125,
          634.765625
        ],
        [
          899.4140625,
          657.2265625
        ],
        [
          865.234375,
          670.8984375
        ],
        [
          841.796875,
          642.578125
        ],
        [
          833.984375,
          642.578125
        ],
        [
          760.7421875,
          605.46875
        ],
        [
          756.8359375,
          577.1484375
        ],
        [
          755.859375,
          531.25
        ],
        [
          750.0,
          516.6015625
        ],
        [
          738.28125,
          461.9140625
        ],
        [
          731.4453125,
          446.2890625
        ],
        [
          728.515625,
          426.7578125
        ],
        [
          748.046875,
          436.5234375
        ],
        [
          814.453125,
          497.0703125
        ],
        [
          821.2890625,
          497.0703125
        ],
        [
          833.0078125,
          511.71875
        ],
        [
          838.8671875,
          513.671875
        ],
        [
          843.75,
          523.4375
        ],
        [
          856.4453125,
          534.1796875
        ],
        [
          862.3046875,
          534.1796875
        ],
        [
          862.3046875,
          539.0625
        ]
      ],
      "land_use": "Commercial"
    },
    {
      "id": "P035",
      "area_px": 4272.0,
      "centroid_norm": [
        0.530692911326662,
        0.6142006634772941
      ],
      "polygon": [
        [
          514.6484375,
          665.0390625
        ],
        [
          503.90625,
          600.5859375
        ],
        [
          503.90625,
          578.125
        ],
        [
          553.7109375,
          572.265625
        ],
        [
          556.640625,
          645.5078125
        ]
      ],
      "land_use": "Public"
    },
    {
      "id": "P048",
      "area_px": 1526.0,
      "centroid_norm": [
        0.11621157744921363,
        0.5277987538908913
      ],
      "polygon": [
        [
          141.6015625,
          559.5703125
        ],
        [
          127.9296875,
          557.6171875
        ],
        [
          109.375,
          543.9453125
        ],
        [
          101.5625,
          527.34375
        ],
        [
          92.7734375,
          489.2578125
        ],
        [
          106.4453125,
          483.3984375
        ],
        [
          108.3984375,
          492.1875
        ],
        [
          104.4921875,
          496.09375
        ],
        [
          104.4921875,
          504.8828125
        ],
        [
          111.328125,
          505.859375
        ],
        [
          118.1640625,
          531.25
        ],
        [
          125.9765625,
          531.25
        ],
        [
          136.71875,
          525.390625
        ]
      ],
      "land_use": "Residential"
    },
    {
      "id": "P056",
      "area_px": 15848.0,
      "centroid_norm": [
        0.585005920502587,
        0.4565245442051048
      ],
      "polygon": [
        [
          546.875,
          546.875
        ],
        [
          545.8984375,
          529.296875
        ],
        [
          538.0859375,
          500.0
        ],
        [
          545.8984375,
          391.6015625
        ],
        [
          541.015625,
          357.421875
        ],
        [
          567.3828125,
          358.3984375
        ],
        [
          575.1953125,
          416.015625
        ],
        [
          577.1484375,
          418.9453125
        ],
        [
          583.0078125,
          418.9453125
        ],
        [
          588.8671875,
          415.0390625
        ],
        [
          578.125,
          346.6796875
        ],
        [
          620.1171875,
          369.140625
        ],
        [
          618.1640625,
          391.6015625
        ],
        [
          599.609375,
          397.4609375
        ],
        [
          595.703125,
          404.296875
        ],
        [
          595.703125,
          412.109375
        ],
        [
          606.4453125,
          414.0625
        ],
        [
          622.0703125,
          407.2265625
        ],
        [
          625.0,
          401.3671875
        ],
        [
          630.859375,
          421.875
        ],
        [
          636.71875,
          429.6875
        ],
        [
          639.6484375,
          449.21875
        ],
        [
          624.0234375,
          538.0859375
        ]
      ],
      "land_use": "Commercial"
    },
    {
      "id": "P057",
      "area_px": 8065.0,
      "centroid_norm": [
        0.6768930661035338,
        0.4705116872675139
      ],