{
  "site": {
    "width_m": 1000.0,
    "height_m": 1000.0
  },
  "parcels": [
    {
      "id": "P002",
      "area_px": 26082.0,
      "centroid_norm": [
        0.5045888178389311,
        0.8692913290895061
      ],
      "polygon": [
        [
          671.875,
          958.984375
        ],
        [
          510.7421875,
          915.0390625
        ],
        [
          425.78125,
          904.296875
        ],
        [
          426.7578125,
          895.5078125
        ],
        [
          414.0625,
          884.765625
        ],
        [
          406.25,
          872.0703125
        ],
        [
          374.0234375,
          849.609375
        ],
        [
          341.796875,
          833.984375
        ],
        [
          353.515625,
          829.1015625
        ],
        [
          357.421875,
          820.3125
        ],
        [
          369.140625,
          814.453125
        ],
        [
          375.0,
          800.78125
        ],
        [
          379.8828125,
          796.875
        ],
        [
          380.859375,
          786.1328125
        ],
        [
          376.953125,
          784.1796875
        ],
        [
          379.8828125,
          780.2734375
        ],
        [
          379.8828125,
          763.671875
        ],
        [
          410.15625,
          776.3671875
        ],
        [
          394.53125,
          775.390625
        ],
        [
          393.5546875,
          782.2265625
        ],
        [
          416.9921875,
          788.0859375
        ],
        [
          414.0625,
          799.8046875
        ],
        [
          429.6875,
          803.7109375
        ],
        [
          432.6171875,
          811.5234375
        ],
        [
          453.125,
          819.3359375
        ],
        [
          455.078125,
          827.1484375
        ],
        [
          463.8671875,
          827.1484375
        ],
        [
          467.7734375,
          824.21875
        ],
        [
          541.015625,
          848.6328125
        ],
        [
          550.78125,
          847.65625
        ],
        [
          551.7578125,
          840.8203125
        ],
        [
          456.0546875,
          802.734375
        ],
        [
          436.5234375,
          801.7578125
        ],
        [
          436.5234375,
          795.8984375
        ],
        [
          429.6875,
          793.9453125
        ],
        [
          430.6640625,
          784.1796875
        ],
        [
          528.3203125,
          824.21875
        ],
        [
          575.1953125,
          839.84375
        ],
        [
          599.609375,
          842.7734375
        ],
        [
          601.5625,
          846.6796875
        ],
        [
          613.28125,
          849.609375
        ],
        [
          613.28125,
          859.375
        ],
        [
          594.7265625,
          857.421875
        ],
        [
          592.7734375,
          866.2109375
        ],
        [
          597.65625,
          870.1171875
        ],
        [
          614.2578125,
          869.140625
        ],
        [
          616.2109375,
          885.7421875
        ],
        [
          621.09375,
          890.625
        ],
        [
          633.7890625,
          894.53125
        ],
        [
          657.2265625,
          915.0390625
        ],
        [
          668.9453125,
          933.59375
        ]
      ],
      "land_use": "Commercial"
    },
    {
      "id": "P003",
      "area_px": 10221.0,
      "centroid_norm": [
        0.29194699485128656,
        0.8450381338054006
      ],
      "polygon": [
        [
          416.9921875,
          904.296875
        ],
        [
          334.9609375,
          903.3203125
        ],
        [
          200.1953125,
          812.5
        ],
        [
          169.921875,
          787.109375
        ],
        [
          199.21875,
          773.4375
        ],
        [
          218.75,
          780.2734375
        ],
        [
          229.4921875,
          788.0859375
        ],
        [
          264.6484375,
          799.8046875
        ],
        [
          282.2265625,
          815.4296875
        ],
        [
          269.53125,
          828.125
        ],
        [
          271.484375,
          835.9375
        ],
        [
          281.25,
          834.9609375
        ],
        [
          292.96875,
          823.2421875
        ],
        [
          319.3359375,
          833.0078125
        ],
        [
          300.78125,
          849.609375
        ],
        [
          291.015625,
          866.2109375
        ],
        [
          291.015625,
          873.046875
        ],
        [
          293.9453125,
          875.9765625
        ],
        [
          302.734375,
          875.9765625
        ],
        [
          311.5234375,
          855.46875
        ],
        [
          329.1015625,
          841.796875
        ],
        [
          369.140625,
          860.3515625
        ],
        [
          403.3203125,
          886.71875
        ],
        [
          403.3203125,
          891.6015625
        ]
      ],
      "land_use": "Residential"
    },
    {
      "id": "P004",
      "area_px": 110431.0,
      "centroid_norm": [
        0.5214704558163016,
        0.6131552168322301
      ],