{
  "site": {
    "width_m": 1000,
    "height_m": 1000
  },
  "parcels": [
    {
      "id": "P012",
      "area_px": 9784,
      "centroid_norm": [
        0.4954008537535773,
        0.8442644320446647
      ],
      "polygon": [
        [
          562.5,
          864.2578125
        ],
        [
          543.9453125,
          898.4375
        ],
        [
          534.1796875,
          903.3203125
        ],
        [
          524.4140625,
          903.3203125
        ],
        [
          400.390625,
          853.515625
        ],
        [
          395.5078125,
          845.703125
        ],
        [
          381.8359375,
          840.8203125
        ],
        [
          400.390625,
          826.171875
        ],
        [
          476.5625,
          858.3984375
        ],
        [
          494.140625,
          860.3515625
        ],
        [
          505.859375,
          856.4453125
        ],
        [
          510.7421875,
          851.5625
        ],
        [
          510.7421875,
          841.796875
        ],
        [
          467.7734375,
          776.3671875
        ],
        [
          478.515625,
          763.671875
        ],
        [
          484.375,
          763.671875
        ],
        [
          505.859375,
          770.5078125
        ],
        [
          562.5,
          857.421875
        ]
      ],
      "land_use": "Commercial"
    },
    {
      "id": "P032",
      "area_px": 3918,
      "centroid_norm": [
        0.30929538946847884,
        0.8018485395929045
      ],
      "polygon": [
        [
          380.859375,
          819.3359375
        ],
        [
          358.3984375,
          836.9140625
        ],
        [
          255.859375,
          795.8984375
        ],
        [
          247.0703125,
          788.0859375
        ],
        [
          247.0703125,
          780.2734375
        ],
        [
          252.9296875,
          768.5546875
        ],
        [
          257.8125,
          765.625
        ],
        [
          324.21875,
          792.96875
        ],
        [
          332.03125,
          792.96875
        ],
        [
          340.8203125,
          801.7578125
        ]
      ],
      "land_use": "Residential"
    },
    {
      "id": "P041",
      "area_px": 2281,
      "centroid_norm": [
        0.33799294785729944,
        0.7519805252630425
      ],
      "polygon": [
        [
          388.671875,
          739.2578125
        ],
        [
          377.9296875,
          753.90625
        ],
        [
          345.703125,
          769.53125
        ],
        [
          317.3828125,
          759.765625
        ],
        [
          308.59375,
          759.765625
        ],
        [
          297.8515625,
          768.5546875
        ],
        [
          268.5546875,
          756.8359375
        ],
        [
          290.0390625,
          750.9765625
        ],
        [
          332.03125,
          748.046875
        ],
        [
          349.609375,
          729.4921875
        ]
      ],
      "land_use": "Residential"
    },
    {
      "id": "P044",
      "area_px": 8387,
      "centroid_norm": [
        0.2948357111452248,
        0.6979551687134852
      ],
      "polygon": [
        [
          240.234375,
          754.8828125
        ],
        [
          254.8828125,
          649.4140625
        ],
        [
          369.140625,
          673.828125
        ],
        [
          319.3359375,
          736.328125
        ],
        [
          268.5546875,
          740.234375
        ],
        [
          253.90625,
          745.1171875
        ]
      ],
      "land_use": "Commercial"
    },
    {
      "id": "P045",
      "area_px": 3931,
      "centroid_norm": [
        0.48522859164334775,
        0.7239152728313406
      ],
      "polygon": [
        [
          534.1796875,
          708.984375
        ],
        [
          508.7890625,
          754.8828125
        ],
        [
          433.59375,
          736.328125
        ],
        [
          462.890625,
          694.3359375
        ]
      ],
      "land_use": "Commercial"
    },
    {
      "id": "P048",
      "area_px": 1956,
      "centroid_norm": [
        0.4029593438458589,
        0.7018224174015848
      ],
      "polygon": [
        [
          409.1796875,
          729.4921875
        ],
        [
          359.375,
          716.796875
        ],
        [
          376.953125,
          717.7734375
        ],
        [
          377.9296875,
          709.9609375
        ],
        [
          368.1640625,
          706.0546875
        ],
        [
          376.953125,
          696.2890625
        ],
        [
          395.5078125,
          696.2890625
        ],
        [
          394.53125,
          688.4765625
        ],
        [
          383.7890625,
          686.5234375
        ],
        [
          390.625,
          678.7109375
        ],
        [
          443.359375,
          690.4296875
        ],
        [
          433.59375,
          704.1015625
        ],
        [
          413.0859375,
          703.125
        ],
        [
          415.0390625,
          711.9140625
        ],
        [
          425.78125,
          714.84375
        ],
        [
          421.875,
          719.7265625
        ],
        [
          416.015625,
          718.75
        ],
        [
          413.0859375,
          713.8671875
        ],
        [
          404.296875,
          713.8671875
        ],
        [
          397.4609375,
          718.75
        ],
        [
          398.4375,
          726.5625
        ]
      ],
      "land_use": "Residential"
    },
    {
      "id": "P052",
      "area_px": 3254,
      "centroid_norm": [
        0.4443506429586663,
        0.6372544488514136
      ],
      "polygon": [
        [
          402.34375,
          661.1328125
        ],
        [
          440.4296875,
          601.5625
        ],
        [
          493.1640625,
          611.328125
        ],
        [
          486.328125,
          624.0234375
        ],
        [
          464.84375,
          620.1171875
        ],
        [
          456.0546875,
          629.8828125
        ],
        [
          453.125,
          644.53125
        ],
        [
          469.7265625,
          648.4375
        ],
        [
          455.078125,
          671.875
        ]
      ],
      "land_use": "Public"
    },
    {
      "id": "P058",
      "area_px": 3282,
      "centroid_norm": [
        0.3589066546694089,
        0.6108044351767214
      ],