{
  "site": {
    "width_m": 1000.0,
    "height_m": 1000.0
  },
  "parcels": [
    {
      "id": "P002",
      "area_px": 121079.0,
      "centroid_norm": [
        0.5184717580438185,
        0.6692306537080129
      ],
      "polygon": [
        [
          665.0390625,
          969.7265625
        ],
        [
          475.5859375,
          707.03125
        ],
        [
          403.3203125,
          590.8203125
        ],
        [
          394.53125,
          590.8203125
        ],
        [
          391.6015625,
          587.890625
        ],
        [
          290.0390625,
          585.9375
        ],
        [
          97.65625,
          587.890625
        ],
        [
          96.6796875,
          479.4921875
        ],
        [
          191.40625,
          482.421875
        ],
        [
          249.0234375,
          489.2578125
        ],
        [
          414.0625,
          524.4140625
        ],
        [
          532.2265625,
          564.453125
        ],
        [
          661.1328125,
          593.75
        ],
        [
          763.671875,
          633.7890625
        ],
        [
          809.5703125,
          655.2734375
        ]
      ],
      "land_use": "Commercial"
    },
    {
      "id": "P005",
      "area_px": 4179.0,
      "centroid_norm": [
        0.4493491452799713,
        0.5078802681562575
      ],
      "polygon": [
        [
          811.5234375,
          625.9765625
        ],
        [
          707.03125,
          582.03125
        ],
        [
          558.59375,
          528.3203125
        ],
        [
          430.6640625,
          492.1875
        ],
        [
          130.859375,
          436.5234375
        ],
        [
          88.8671875,
          439.453125
        ],
        [
          80.078125,
          432.6171875
        ],
        [
          124.0234375,
          431.640625
        ],
        [
          152.34375,
          435.546875
        ],
        [
          430.6640625,
          489.2578125
        ],
        [
          565.4296875,
          524.4140625
        ],
        [
          699.21875,
          574.21875
        ],
        [
          805.6640625,
          619.140625
        ]
      ],
      "land_use": "Public"
    },
    {
      "id": "P016",
      "area_px": 1976.0,
      "centroid_norm": [
        0.7399062183704453,
        0.46584749414853244
      ],
      "polygon": [
        [
          786.1328125,
          461.9140625
        ],
        [
          773.4375,
          480.46875
        ],
        [
          772.4609375,
          489.2578125
        ],
        [
          687.5,
          469.7265625
        ],
        [
          690.4296875,
          461.9140625
        ],
        [
          742.1875,
          473.6328125
        ],
        [
          746.09375,
          477.5390625
        ],
        [
          752.9296875,
          477.5390625
        ],
        [
          755.859375,
          472.65625
        ],
        [
          754.8828125,
          461.9140625
        ],
        [
          695.3125,
          449.21875
        ],
        [
          695.3125,
          440.4296875
        ],
        [
          747.0703125,
          451.171875
        ],
        [
          751.953125,
          456.0546875
        ],
        [
          769.53125,
          457.03125
        ]
      ],
      "land_use": "Residential"
    },
    {
      "id": "P027",
      "area_px": 1562.0,
      "centroid_norm": [
        0.5106865446943022,
        0.42506914712708066
      ],
      "polygon": [
        [
          515.625,
          454.1015625
        ],
        [
          490.234375,
          447.265625
        ],
        [
          505.859375,
          396.484375
        ],
        [
          531.25,
          402.34375
        ]
      ],
      "land_use": "Public"
    },
    {
      "id": "P028",
      "area_px": 2565.0,
      "centroid_norm": [
        0.171784006457115,
        0.41412341617933723
      ],
      "polygon": [
        [
          363.28125,
          452.1484375
        ],
        [
          144.53125,
          411.1328125
        ],
        [
          68.359375,
          411.1328125
        ],
        [
          76.171875,
          395.5078125
        ],
        [
          86.9140625,
          393.5546875
        ],
        [
          88.8671875,
          389.6484375
        ]
      ],
      "land_use": "Green"
    },
    {
      "id": "P053",
      "area_px": 1546.0,
      "centroid_norm": [
        0.2175870947202458,
        0.34501713090232855
      ],
      "polygon": [
        [
          238.28125,
          364.2578125
        ],
        [
          190.4296875,
          353.515625
        ],
        [
          197.265625,
          326.171875
        ],
        [
          246.09375,
          336.9140625
        ]
      ],
      "land_use": "Residential"
    },
    {
      "id": "P055",
      "area_px": 7019.0,
      "centroid_norm": [
        0.7827904616042172,
        0.32126081884883884
      ],
      "polygon": [
        [
          825.1953125,
          363.28125
        ],
        [
          724.609375,
          340.8203125
        ],
        [
          743.1640625,
          278.3203125
        ],
        [
          830.078125,
          297.8515625
        ],
        [
          831.0546875,
          308.59375
        ],
        [
          836.9140625,
          320.3125
        ],
        [
          834.9609375,
          337.890625
        ]
      ],
      "land_use": "Commercial"
    },
    {
      "id": "P069",
      "area_px": 1633.0,
      "centroid_norm": [
        0.530699823943662,
        0.27502105021432943
      ],
      "polygon": [
        [
          506.8359375,
          310.546875
        ],
        [
          525.390625,
          247.0703125
        ],
        [
          554.6875,
          252.9296875
        ],
        [
          545.8984375,
          287.109375
        ],
        [
          527.34375,
          285.15625
        ],
        [
          518.5546875,
          313.4765625
        ]
      ],
      "land_use": "Residential"
    },
    {
      "id": "P072",
      "area_px": 3714.0,
      "centroid_norm": [
        0.4828694004106085,
        0.2648259226070274
      ],
      "polygon": [
        [
          449.21875,
          297.8515625
        ],
        [
          465.8203125,
          239.2578125
        ],
        [
          495.1171875,
          222.65625
        ],
        [
          515.625,
          226.5625
        ],
        [
          492.1875,
          307.6171875
        ]
      ],
      "land_use": "Residential"
    },
    {
      "id": "P080",
      "area_px": 12766.0,
      "centroid_norm": [
        0.8413058398529296,
        0.23272189678638566
      ],
      "polygon": [
        [
          909.1796875,
          290.0390625
        ],
        [
          887.6953125,
          284.1796875
        ],
        [
          870.1171875,
          275.390625
        ],
        [
          751.953125,
          250.0
        ],
        [
          776.3671875,
          166.9921875
        ],
        [
          785.15625,
          180.6640625
        ],
        [
          932.6171875,
          219.7265625
        ]
      ],
      "land_use": "Commercial"
    },
    {
      "id": "P155",
      "area_px": 2068.0,
      "centroid_norm": [
        0.5569423771457931,
        0.029317180699951595
      ],