{
  "site": {
    "width_m": 1000.0,
    "height_m": 1000.0
  },
  "parcels": [
    {
      "id": "P002",
      "area_px": 184308.0,
      "centroid_norm": [
        0.4943555389026114,
        0.6295086405127559
      ],
      "polygon": [
        [
          573.2421875,
          977.5390625
        ],
        [
          494.140625,
          941.40625
        ],
        [
          289.0625,
          778.3203125
        ],
        [
          250.0,
          719.7265625
        ],
        [
          340.8203125,
          524.4140625
        ],
        [
          414.0625,
          552.734375
        ],
        [
          424.8046875,
          552.734375
        ],
        [
          435.546875,
          541.015625
        ],
        [
          434.5703125,
          533.203125
        ],
        [
          442.3828125,
          533.203125
        ],
        [
          450.1953125,
          525.390625
        ],
        [
          450.1953125,
          518.5546875
        ],
        [
          444.3359375,
          514.6484375
        ],
        [
          358.3984375,
          487.3046875
        ],
        [
          360.3515625,
          482.421875
        ],
        [
          447.265625,
          510.7421875
        ],
        [
          464.84375,
          509.765625
        ],
        [
          464.84375,
          501.953125
        ],
        [
          460.9375,
          499.0234375
        ],
        [
          365.234375,
          467.7734375
        ],
        [
          357.421875,
          447.265625
        ],
        [
          348.6328125,
          438.4765625
        ],
        [
          336.9140625,
          403.3203125
        ],
        [
          347.65625,
          389.6484375
        ],
        [
          355.46875,
          385.7421875
        ],
        [
          519.53125,
          441.40625
        ],
        [
          526.3671875,
          441.40625
        ],
        [
          532.2265625,
          436.5234375
        ],
        [
          530.2734375,
          427.734375
        ],
        [
          449.21875,
          402.34375
        ],
        [
          460.9375,
          389.6484375
        ],
        [
          473.6328125,
          390.625
        ],
        [
          476.5625,
          387.6953125
        ],
        [
          476.5625,
          380.859375
        ],
        [
          418.9453125,
          360.3515625
        ],
        [
          409.1796875,
          360.3515625
        ],
        [
          382.8125,
          351.5625
        ],
        [
          402.34375,
          329.1015625
        ],
        [
          571.2890625,
          385.7421875
        ],
        [
          579.1015625,
          385.7421875
        ],
        [
          585.9375,
          378.90625
        ],
        [
          584.9609375,
          371.09375
        ],
        [
          415.0390625,
          316.40625
        ],
        [
          426.7578125,
          298.828125
        ],
        [
          447.265625,
          278.3203125
        ],
        [
          719.7265625,
          336.9140625
        ],
        [
          709.9609375,
          352.5390625
        ],
        [
          707.03125,
          369.140625
        ],
        [
          625.9765625,
          575.1953125
        ],
        [
          465.8203125,
          521.484375
        ],
        [
          455.078125,
          522.4609375
        ],
        [
          447.265625,
          530.2734375
        ],
        [
          447.265625,
          536.1328125
        ],
        [
          450.1953125,
          538.0859375
        ],
        [
          440.4296875,
          538.0859375
        ],
        [
          429.6875,
          549.8046875
        ],
        [
          429.6875,
          557.6171875
        ],
        [
          436.5234375,
          564.453125
        ],
        [
          507.8125,
          589.84375
        ],
        [
          511.71875,
          594.7265625
        ],
        [
          605.46875,
          625.0
        ],
        [
          573.2421875,
          708.0078125
        ],
        [
          572.265625,
          720.703125
        ],
        [
          708.0078125,
          805.6640625
        ]
      ],
      "land_use": "Commercial"
    },
    {
      "id": "P057",
      "area_px": 3013.0,
      "centroid_norm": [
        0.3795236916072021,
        0.302847815715234
      ],
      "polygon": [
        [
          332.03125,
          371.09375
        ],
        [
          333.984375,
          362.3046875
        ],
        [
          345.703125,
          345.703125
        ],
        [
          364.2578125,
          307.6171875
        ],
        [
          367.1875,
          286.1328125
        ],
        [
          375.9765625,
          262.6953125
        ],
        [
          423.828125,
          273.4375
        ],
        [
          365.234375,
          342.7734375
        ],
        [
          356.4453125,
          343.75
        ]
      ],
      "land_use": "Public"
    },
    {
      "id": "P058",
      "area_px": 61583.0,
      "centroid_norm": [
        0.5721641835256889,
        0.1875717876433025
      ],
      "polygon": [
        [
          791.9921875,
          222.65625
        ],
        [
          734.375,
          313.4765625
        ],
        [
          530.2734375,
          266.6015625
        ],
        [
          472.65625,
          256.8359375
        ],
        [
          466.796875,
          252.9296875
        ],
        [
          487.3046875,
          210.9375
        ],
        [
          496.09375,
          199.21875
        ],
        [
          496.09375,
          192.3828125
        ],
        [
          444.3359375,
          181.640625
        ],
        [
          443.359375,
          170.8984375
        ],
        [
          339.84375,
          143.5546875
        ],
        [
          328.125,
          125.9765625
        ],
        [
          329.1015625,
          109.375
        ],
        [
          324.21875,
          93.75
        ],
        [
          305.6640625,
          82.03125
        ],
        [
          361.328125,
          68.359375
        ],
        [
          373.046875,
          68.359375
        ],
        [
          435.546875,
          79.1015625
        ],
        [
          544.921875,
          112.3046875
        ],
        [
          552.734375,
          112.3046875
        ],
        [
          555.6640625,
          103.515625
        ],
        [
          615.234375,
          120.1171875
        ],
        [
          616.2109375,
          128.90625
        ],
        [
          624.0234375,
          132.8125
        ],
        [
          634.765625,
          132.8125
        ],
        [
          638.671875,
          127.9296875
        ],
        [
          645.5078125,
          128.90625
        ],
        [
          786.1328125,
          200.1953125
        ],
        [
          792.96875,
          208.984375
        ]
      ],
      "land_use": "Residential"
    },
    {
      "id": "P060",
      "area_px": 7242.0,
      "centroid_norm": [
        0.3380428673450014,
        0.04194269862434408
      ],