{
  "site": {
    "width_m": 1000.0,
    "height_m": 1000.0
  },
  "parcels": [
    {
      "id": "P002",
      "area_px": 151037.0,
      "centroid_norm": [
        0.3830587532980329,
        0.7197943296799791
      ],
      "polygon": [
        [
          368.1640625,
          977.5390625
        ],
        [
          315.4296875,
          931.640625
        ],
        [
          135.7421875,
          788.0859375
        ],
        [
          321.2890625,
          551.7578125
        ],
        [
          321.2890625,
          545.8984375
        ],
        [
          152.34375,
          440.4296875
        ],
        [
          166.9921875,
          401.3671875
        ],
        [
          216.796875,
          424.8046875
        ],
        [
          228.515625,
          425.78125
        ],
        [
          253.90625,
          437.5
        ],
        [
          380.859375,
          506.8359375
        ],
        [
          557.6171875,
          629.8828125
        ],
        [
          665.0390625,
          715.8203125
        ],
        [
          637.6953125,
          749.0234375
        ],
        [
          508.7890625,
          875.0
        ]
      ],
      "land_use": "Commercial"
    },
    {
      "id": "P004",
      "area_px": 3159.0,
      "centroid_norm": [
        0.43894026739078823,
        0.5047356634813231
      ],
      "polygon": [
        [
          688.4765625,
          699.21875
        ],
        [
          685.546875,
          702.1484375
        ],
        [
          636.71875,
          657.2265625
        ],
        [
          454.1015625,
          502.9296875
        ],
        [
          419.921875,
          496.09375
        ],
        [
          392.578125,
          483.3984375
        ],
        [
          370.1171875,
          445.3125
        ],
        [
          296.875,
          407.2265625
        ],
        [
          186.5234375,
          362.3046875
        ],
        [
          183.59375,
          358.3984375
        ],
        [
          318.359375,
          415.0390625
        ],
        [
          369.140625,
          442.3828125
        ],
        [
          416.9921875,
          472.65625
        ],
        [
          473.6328125,
          515.625
        ]
      ],
      "land_use": "Public"
    },
    {
      "id": "P005",
      "area_px": 57361.0,
      "centroid_norm": [
        0.36496495672691376,
        0.27947476767206814
      ],
      "polygon": [
        [
          679.6875,
          646.484375
        ],
        [
          610.3515625,
          587.890625
        ],
        [
          405.2734375,
          400.390625
        ],
        [
          343.75,
          371.09375
        ],
        [
          201.171875,
          313.4765625
        ],
        [
          297.8515625,
          64.453125
        ],
        [
          346.6796875,
          77.1484375
        ],
        [
          361.328125,
          85.9375
        ],
        [
          387.6953125,
          88.8671875
        ],
        [
          391.6015625,
          94.7265625
        ],
        [
          408.203125,
          94.7265625
        ],
        [
          444.3359375,
          105.46875
        ],
        [
          425.78125,
          141.6015625
        ],
        [
          416.9921875,
          147.4609375
        ],
        [
          415.0390625,
          163.0859375
        ],
        [
          393.5546875,
          204.1015625
        ],
        [
          387.6953125,
          205.078125
        ],
        [
          383.7890625,
          211.9140625
        ],
        [
          384.765625,
          221.6796875
        ],
        [
          351.5625,
          284.1796875
        ],
        [
          347.65625,
          300.78125
        ],
        [
          358.3984375,
          310.546875
        ],
        [
          367.1875,
          310.546875
        ],
        [
          574.21875,
          499.0234375
        ],
        [
          576.171875,
          507.8125
        ],
        [
          606.4453125,
          535.15625
        ],
        [
          600.5859375,
          541.9921875
        ],
        [
          601.5625,
          549.8046875
        ]
      ],
      "land_use": "Residential"
    },
    {
      "id": "P012",
      "area_px": 3438.0,
      "centroid_norm": [
        0.3388421911358348,
        0.39937003481311806
      ],
      "polygon": [
        [
          508.7890625,
          514.6484375
        ],
        [
          454.1015625,
          469.7265625
        ],
        [
          388.671875,
          426.7578125
        ],
        [
          302.734375,
          382.8125
        ],
        [
          192.3828125,
          337.890625
        ],
        [
          194.3359375,
          331.0546875
        ],
        [
          329.1015625,
          383.7890625
        ],
        [
          401.3671875,
          416.9921875
        ]
      ],
      "land_use": "Green"
    },
    {
      "id": "P013",
      "area_px": 10735.0,
      "centroid_norm": [
        0.6834683024278062,
        0.4551670026490452
      ],
      "polygon": [
        [
          610.3515625,
          497.0703125
        ],
        [
          673.828125,
          388.671875
        ],
        [
          755.859375,
          425.78125
        ],
        [
          746.09375,
          449.21875
        ],
        [
          739.2578125,
          451.171875
        ],
        [
          729.4921875,
          474.609375
        ],
        [
          712.890625,
          496.09375
        ],
        [
          705.078125,
          496.09375
        ],
        [
          677.734375,
          512.6953125
        ],
        [
          666.9921875,
          501.953125
        ],
        [
          652.34375,
          498.046875
        ],
        [
          630.859375,
          515.625
        ]
      ],
      "land_use": "Commercial"
    },
    {
      "id": "P014",
      "area_px": 2033.0,
      "centroid_norm": [
        0.5833219649225283,
        0.44220460065174616
      ],
      "polygon": [
        [
          585.9375,
          473.6328125
        ],
        [
          555.6640625,
          449.21875
        ],
        [
          575.1953125,
          415.0390625
        ],
        [
          613.28125,
          427.734375
        ]
      ],
      "land_use": "Public"
    },
    {
      "id": "P015",
      "area_px": 22533.0,
      "centroid_norm": [
        0.49689361852616165,
        0.3368948198891626
      ],
      "polygon": [
        [
          621.09375,
          415.0390625
        ],
        [
          575.1953125,
          400.390625
        ],
        [
          566.40625,
          400.390625
        ],
        [
          543.9453125,
          438.4765625
        ],
        [
          470.703125,
          371.09375
        ],
        [
          458.0078125,
          370.1171875
        ],
        [
          375.9765625,
          294.921875
        ],
        [
          411.1328125,
          226.5625
        ],
        [
          448.2421875,
          237.3046875
        ],
        [
          473.6328125,
          275.390625
        ],
        [
          495.1171875,
          296.875
        ],
        [
          523.4375,
          318.359375
        ],
        [
          550.78125,
          333.984375
        ],
        [
          643.5546875,
          375.9765625
        ]
      ],
      "land_use": "Residential"
    },
    {
      "id": "P016",
      "area_px": 15556.0,
      "centroid_norm": [
        0.7748390015307598,
        0.31141043849640015
      ],