{
  "site": {
    "width_m": 1000,
    "height_m": 1000
  },
  "parcels": [
    {
      "id": "P002",
      "area_px": 111929,
      "centroid_norm": [
        0.6115324869029697,
        0.7569308375733724
      ],
      "polygon": [
        [
          695.3125,
          963.8671875
        ],
        [
          615.234375,
          937.5
        ],
        [
          601.5625,
          936.5234375
        ],
        [
          481.4453125,
          899.4140625
        ],
        [
          491.2109375,
          879.8828125
        ],
        [
          489.2578125,
          872.0703125
        ],
        [
          480.46875,
          872.0703125
        ],
        [
          467.7734375,
          892.578125
        ],
        [
          394.53125,
          869.140625
        ],
        [
          399.4140625,
          856.4453125
        ],
        [
          410.15625,
          853.515625
        ],
        [
          410.15625,
          845.703125
        ],
        [
          405.2734375,
          841.796875
        ],
        [
          469.7265625,
          688.4765625
        ],
        [
          484.375,
          680.6640625
        ],
        [
          510.7421875,
          635.7421875
        ],
        [
          515.625,
          621.09375
        ],
        [
          556.640625,
          555.6640625
        ],
        [
          586.9140625,
          548.828125
        ],
        [
          812.5,
          641.6015625
        ],
        [
          805.6640625,
          673.828125
        ]
      ],
      "land_use": "Commercial"
    },
    {
      "id": "P005",
      "area_px": 2658,
      "centroid_norm": [
        0.7684529163139578,
        0.5570954723946576
      ],
      "polygon": [
        [
          768.5546875,
          586.9140625
        ],
        [
          729.4921875,
          570.3125
        ],
        [
          765.625,
          526.3671875
        ],
        [
          807.6171875,
          542.96875
        ],
        [
          779.296875,
          579.1015625
        ]
      ],
      "land_use": "Public"
    },
    {
      "id": "P006",
      "area_px": 2424,
      "centroid_norm": [
        0.7135984716635726,
        0.5321568655889026
      ],
      "polygon": [
        [
          717.7734375,
          562.5
        ],
        [
          676.7578125,
          543.9453125
        ],
        [
          709.9609375,
          502.9296875
        ],
        [
          750,
          519.53125
        ]
      ],
      "land_use": "Public"
    },
    {
      "id": "P007",
      "area_px": 4905,
      "centroid_norm": [
        0.6383477478338431,
        0.5017892695591233
      ],
      "polygon": [
        [
          663.0859375,
          538.0859375
        ],
        [
          645.5078125,
          536.1328125
        ],
        [
          600.5859375,
          517.578125
        ],
        [
          590.8203125,
          496.09375
        ],
        [
          609.375,
          463.8671875
        ],
        [
          616.2109375,
          463.8671875
        ],
        [
          694.3359375,
          496.09375
        ]
      ],
      "land_use": "Commercial"
    },
    {
      "id": "P009",
      "area_px": 11342,
      "centroid_norm": [
        0.7838111733490566,
        0.4687719558664698
      ],
      "polygon": [
        [
          839.84375,
          533.203125
        ],
        [
          699.21875,
          474.609375
        ],
        [
          755.859375,
          403.3203125
        ],
        [
          788.0859375,
          418.9453125
        ],
        [
          855.46875,
          469.7265625
        ]
      ],
      "land_use": "Commercial"
    },
    {
      "id": "P011",
      "area_px": 48317,
      "centroid_norm": [
        0.4669450460306414,
        0.3519031862491463
      ],
      "polygon": [
        [
          555.6640625,
          478.515625
        ],
        [
          526.3671875,
          485.3515625
        ],
        [
          489.2578125,
          469.7265625
        ],
        [
          325.1953125,
          374.0234375
        ],
        [
          292.96875,
          360.3515625
        ],
        [
          303.7109375,
          360.3515625
        ],
        [
          308.59375,
          356.4453125
        ],
        [
          308.59375,
          347.65625
        ],
        [
          304.6875,
          346.6796875
        ],
        [
          407.2265625,
          217.7734375
        ],
        [
          414.0625,
          215.8203125
        ],
        [
          582.03125,
          307.6171875
        ],
        [
          618.1640625,
          337.890625
        ],
        [
          618.1640625,
          357.421875
        ],
        [
          594.7265625,
          412.109375
        ],
        [
          412.109375,
          321.2890625
        ],
        [
          403.3203125,
          321.2890625
        ],
        [
          399.4140625,
          325.1953125
        ],
        [
          401.3671875,
          334.9609375
        ],
        [
          585.9375,
          425.78125
        ]
      ],
      "land_use": "Residential"
    },
    {
      "id": "P012",
      "area_px": 5603,
      "centroid_norm": [
        0.679074337966268,
        0.4151720478984473
      ],
      "polygon": [
        [
          623.046875,
          443.359375
        ],
        [
          643.5546875,
          408.203125
        ],
        [
          665.0390625,
          383.7890625
        ],
        [
          674.8046875,
          376.953125
        ],
        [
          698.2421875,
          375
        ],
        [
          737.3046875,
          392.578125
        ],
        [
          700.1953125,
          438.4765625
        ],
        [
          667.96875,
          424.8046875
        ],
        [
          660.15625,
          424.8046875
        ],
        [
          656.25,
          428.7109375
        ],
        [
          658.203125,
          437.5
        ],
        [
          690.4296875,
          451.171875
        ],
        [
          678.7109375,
          465.8203125
        ]
      ],
      "land_use": "Commercial"
    },
    {
      "id": "P017",
      "area_px": 12538,
      "centroid_norm": [
        0.4291669730269979,
        0.18750179142905565
      ],
      "polygon": [
        [
          670.8984375,
          331.0546875
        ],
        [
          639.6484375,
          313.4765625
        ],
        [
          623.046875,
          308.59375
        ],
        [
          230.46875,
          93.75
        ],
        [
          239.2578125,
          75.1953125
        ],
        [
          435.546875,
          170.8984375
        ],
        [
          511.71875,
          211.9140625
        ]
      ],
      "land_use": "Residential"
    },
    {
      "id": "P025",
      "area_px": 2633,
      "centroid_norm": [
        0.3534458970281048,
        0.22011711332130646
      ],
      "polygon": [
        [
          311.5234375,
          234.375
        ],
        [
          361.328125,
          187.5
        ],
        [
          389.6484375,
          203.125
        ],
        [
          389.6484375,
          207.03125
        ],
        [
          353.515625,
          251.953125
        ]
      ],
      "land_use": "Green"
    },
    {
      "id": "P033",
      "area_px": 3946,
      "centroid_norm": [
        0.3021723442251647,
        0.07215549567600099
      ],