{
  "site": {
    "width_m": 1000.0,
    "height_m": 1000.0
  },
  "parcels": [
    {
      "id": "P002",
      "area_px": 34462.0,
      "centroid_norm": [
        0.15478773495081538,
        0.8266537236666474
      ],
      "polygon": [
        [
          221.6796875,
          982.421875
        ],
        [
          38.0859375,
          843.75
        ],
        [
          43.9453125,
          829.1015625
        ],
        [
          53.7109375,
          831.0546875
        ],
        [
          86.9140625,
          753.90625
        ],
        [
          97.65625,
          740.234375
        ],
        [
          111.328125,
          708.984375
        ],
        [
          113.28125,
          692.3828125
        ],
        [
          120.1171875,
          676.7578125
        ],
        [
          234.375,
          775.390625
        ],
        [
          253.90625,
          802.734375
        ],
        [
          167.96875,
          915.0390625
        ],
        [
          170.8984375,
          924.8046875
        ],
        [
          179.6875,
          925.78125
        ],
        [
          223.6328125,
          869.140625
        ],
        [
          253.90625,
          889.6484375
        ],
        [
          242.1875,
          904.296875
        ],
        [
          236.328125,
          916.015625
        ],
        [
          235.3515625,
          926.7578125
        ],
        [
          221.6796875,
          952.1484375
        ],
        [
          218.75,
          967.7734375
        ],
        [
          225.5859375,
          973.6328125
        ]
      ],
      "land_use": "Residential"
    },
    {
      "id": "P004",
      "area_px": 1561.0,
      "centroid_norm": [
        0.2593846342488789,
        0.8486978749599616
      ],
      "polygon": [
        [
          262.6953125,
          876.953125
        ],
        [
          233.3984375,
          856.4453125
        ],
        [
          263.671875,
          817.3828125
        ],
        [
          278.3203125,
          838.8671875
        ],
        [
          280.2734375,
          846.6796875
        ]
      ],
      "land_use": "Public"
    },
    {
      "id": "P007",
      "area_px": 9154.0,
      "centroid_norm": [
        0.33492807959635135,
        0.7557710427135679
      ],
      "polygon": [
        [
          295.8984375,
          827.1484375
        ],
        [
          259.765625,
          773.4375
        ],
        [
          294.921875,
          739.2578125
        ],
        [
          332.03125,
          737.3046875
        ],
        [
          387.6953125,
          683.59375
        ],
        [
          418.9453125,
          712.890625
        ],
        [
          299.8046875,
          827.1484375
        ]
      ],
      "land_use": "Commercial"
    },
    {
      "id": "P008",
      "area_px": 4642.0,
      "centroid_norm": [
        0.231330447544162,
        0.711283567495153
      ],
      "polygon": [
        [
          248.046875,
          756.8359375
        ],
        [
          179.6875,
          700.1953125
        ],
        [
          215.8203125,
          665.0390625
        ],
        [
          282.2265625,
          723.6328125
        ]
      ],
      "land_use": "Green"
    },
    {
      "id": "P009",
      "area_px": 22775.0,
      "centroid_norm": [
        0.3160887760702525,
        0.6286353423435784
      ],
      "polygon": [
        [
          308.59375,
          724.609375
        ],
        [
          224.609375,
          650.390625
        ],
        [
          226.5625,
          614.2578125
        ],
        [
          306.640625,
          535.15625
        ],
        [
          326.171875,
          536.1328125
        ],
        [
          411.1328125,
          611.328125
        ],
        [
          413.0859375,
          633.7890625
        ],
        [
          324.21875,
          721.6796875
        ]
      ],
      "land_use": "Commercial"
    },
    {
      "id": "P010",
      "area_px": 46164.0,
      "centroid_norm": [
        0.4168407234262629,
        0.5295947049852158
      ],
      "polygon": [
        [
          431.640625,
          700.1953125
        ],
        [
          399.4140625,
          671.875
        ],
        [
          427.734375,
          642.578125
        ],
        [
          424.8046875,
          601.5625
        ],
        [
          333.984375,
          521.484375
        ],
        [
          300.78125,
          519.53125
        ],
        [
          258.7890625,
          558.59375
        ],
        [
          226.5625,
          530.2734375
        ],
        [
          321.2890625,
          414.0625
        ],
        [
          326.171875,
          413.0859375
        ],
        [
          328.125,
          408.203125
        ],
        [
          341.796875,
          397.4609375
        ],
        [
          349.609375,
          397.4609375
        ],
        [
          373.046875,
          406.25
        ],
        [
          589.84375,
          545.8984375
        ]
      ],
      "land_use": "Commercial"
    },
    {
      "id": "P011",
      "area_px": 7353.0,
      "centroid_norm": [
        0.18642143831599348,
        0.620016649241806
      ],
      "polygon": [
        [
          166.9921875,
          688.4765625
        ],
        [
          134.765625,
          662.109375
        ],
        [
          129.8828125,
          654.296875
        ],
        [
          137.6953125,
          639.6484375
        ],
        [
          216.796875,
          543.9453125
        ],
        [
          246.09375,
          571.2890625
        ],
        [
          210.9375,
          607.421875
        ],
        [
          208.984375,
          648.4375
        ]
      ],
      "land_use": "Public"
    },
    {
      "id": "P012",
      "area_px": 182983.0,
      "centroid_norm": [
        0.6744872752011116,
        0.27654478895409684
      ],