{
  "site": {
    "width_m": 1000.0,
    "height_m": 1000.0
  },
  "parcels": [
    {
      "id": "P001",
      "area_px": 6608.0,
      "centroid_norm": [
        0.17688993218447335,
        0.8491255272964588
      ],
      "polygon": [
        [
          357.421875,
          990.234375
        ],
        [
          196.2890625,
          870.1171875
        ],
        [
          44.921875,
          766.6015625
        ],
        [
          15.625,
          722.65625
        ],
        [
          19.53125,
          711.9140625
        ],
        [
          79.1015625,
          770.5078125
        ],
        [
          352.5390625,
          969.7265625
        ],
        [
          355.46875,
          975.5859375
        ],
        [
          361.328125,
          978.515625
        ]
      ],
      "land_use": "Residential"
    },
    {
      "id": "P002",
      "area_px": 21896.0,
      "centroid_norm": [
        0.3394691988548137,
        0.8487103719714788
      ],
      "polygon": [
        [
          362.3046875,
          957.03125
        ],
        [
          218.75,
          851.5625
        ],
        [
          239.2578125,
          824.21875
        ],
        [
          251.953125,
          833.0078125
        ],
        [
          269.53125,
          833.0078125
        ],
        [
          282.2265625,
          824.21875
        ],
        [
          299.8046875,
          820.3125
        ],
        [
          321.2890625,
          793.9453125
        ],
        [
          324.21875,
          784.1796875
        ],
        [
          335.9375,
          779.296875
        ],
        [
          356.4453125,
          763.671875
        ],
        [
          357.421875,
          740.234375
        ],
        [
          354.4921875,
          732.421875
        ],
        [
          405.2734375,
          767.578125
        ],
        [
          370.1171875,
          814.453125
        ],
        [
          371.09375,
          824.21875
        ],
        [
          380.859375,
          826.171875
        ],
        [
          417.96875,
          776.3671875
        ],
        [
          433.59375,
          789.0625
        ],
        [
          433.59375,
          794.921875
        ]
      ],
      "land_use": "Commercial"
    },
    {
      "id": "P003",
      "area_px": 4384.0,
      "centroid_norm": [
        0.17469486876995893,
        0.7927096847200046
      ],
      "polygon": [
        [
          205.078125,
          841.796875
        ],
        [
          124.0234375,
          782.2265625
        ],
        [
          132.8125,
          767.578125
        ],
        [
          125.9765625,
          719.7265625
        ],
        [
          137.6953125,
          722.65625
        ],
        [
          146.484375,
          772.4609375
        ],
        [
          176.7578125,
          777.34375
        ],
        [
          177.734375,
          795.8984375
        ],
        [
          187.5,
          793.9453125
        ],
        [
          189.453125,
          779.296875
        ],
        [
          213.8671875,
          784.1796875
        ],
        [
          215.8203125,
          796.875
        ],
        [
          227.5390625,
          813.4765625
        ]
      ],
      "land_use": "Residential"
    },
    {
      "id": "P004",
      "area_px": 8331.0,
      "centroid_norm": [
        0.2851017425504141,
        0.7633572556565839
      ],
      "polygon": [
        [
          258.7890625,
          821.2890625
        ],
        [
          244.140625,
          811.5234375
        ],
        [
          226.5625,
          789.0625
        ],
        [
          225.5859375,
          776.3671875
        ],
        [
          232.421875,
          758.7890625
        ],
        [
          245.1171875,
          754.8828125
        ],
        [
          273.4375,
          734.375
        ],
        [
          297.8515625,
          708.0078125
        ],
        [
          310.546875,
          701.171875
        ],
        [
          327.1484375,
          712.890625
        ],
        [
          344.7265625,
          741.2109375
        ],
        [
          344.7265625,
          755.859375
        ],
        [
          326.171875,
          769.53125
        ],
        [
          314.453125,
          774.4140625
        ],
        [
          309.5703125,
          787.109375
        ],
        [
          291.015625,
          809.5703125
        ],
        [
          275.390625,
          812.5
        ]
      ],
      "land_use": "Public"
    },
    {
      "id": "P007",
      "area_px": 21068.0,
      "centroid_norm": [
        0.4633246733790583,
        0.6512979362955668
      ],
      "polygon": [
        [
          446.2890625,
          767.578125
        ],
        [
          372.0703125,
          716.796875
        ],
        [
          375.9765625,
          706.0546875
        ],
        [
          389.6484375,
          698.2421875
        ],
        [
          393.5546875,
          691.40625
        ],
        [
          395.5078125,
          676.7578125
        ],
        [
          424.8046875,
          667.96875
        ],
        [
          436.5234375,
          654.296875
        ],
        [
          436.5234375,
          626.953125
        ],
        [
          417.96875,
          581.0546875
        ],
        [
          437.5,
          583.984375
        ],
        [
          448.2421875,
          575.1953125
        ],
        [
          455.078125,
          528.3203125
        ],
        [
          458.984375,
          519.53125
        ],
        [
          466.796875,
          515.625
        ],
        [
          500.9765625,
          546.875
        ],
        [
          507.8125,
          564.453125
        ],
        [
          516.6015625,
          612.3046875
        ],
        [
          522.4609375,
          623.046875
        ],
        [
          545.8984375,
          647.4609375
        ],
        [
          505.859375,
          698.2421875
        ],
        [
          490.234375,
          709.9609375
        ],
        [
          467.7734375,
          738.28125
        ],
        [
          465.8203125,
          747.0703125
        ],
        [
          450.1953125,
          766.6015625
        ]
      ],
      "land_use": "Commercial"
    },
    {
      "id": "P021",
      "area_px": 10960.0,
      "centroid_norm": [
        0.3867776466982208,
        0.5957109660127737
      ],