{
  "site": {
    "width_m": 1000.0,
    "height_m": 1000.0
  },
  "parcels": [
    {
      "id": "P001",
      "area_px": 111990.0,
      "centroid_norm": [
        0.5205820814776989,
        0.5561281280694705
      ],
      "polygon": [
        [
          546.875,
          744.140625
        ],
        [
          522.4609375,
          751.953125
        ],
        [
          489.2578125,
          736.328125
        ],
        [
          403.3203125,
          683.59375
        ],
        [
          323.2421875,
          653.3203125
        ],
        [
          349.609375,
          536.1328125
        ],
        [
          345.703125,
          515.625
        ],
        [
          379.8828125,
          351.5625
        ],
        [
          458.0078125,
          381.8359375
        ],
        [
          456.0546875,
          389.6484375
        ],
        [
          461.9140625,
          397.4609375
        ],
        [
          549.8046875,
          426.7578125
        ],
        [
          658.203125,
          451.171875
        ],
        [
          666.9921875,
          451.171875
        ],
        [
          679.6875,
          441.40625
        ],
        [
          701.171875,
          437.5
        ],
        [
          729.4921875,
          453.125
        ],
        [
          724.609375,
          461.9140625
        ],
        [
          725.5859375,
          470.703125
        ],
        [
          739.2578125,
          471.6796875
        ],
        [
          744.140625,
          492.1875
        ],
        [
          739.2578125,
          539.0625
        ],
        [
          725.5859375,
          576.171875
        ],
        [
          709.9609375,
          605.46875
        ],
        [
          695.3125,
          622.0703125
        ],
        [
          625.9765625,
          679.6875
        ],
        [
          598.6328125,
          706.0546875
        ]
      ],
      "land_use": "Commercial"
    },
    {
      "id": "P010",
      "area_px": 4558.0,
      "centroid_norm": [
        0.8940708215637341,
        0.561218984820645
      ],
      "polygon": [
        [
          819.3359375,
          606.4453125
        ],
        [
          819.3359375,
          600.5859375
        ],
        [
          824.21875,
          593.75
        ],
        [
          843.75,
          577.1484375
        ],
        [
          871.09375,
          546.875
        ],
        [
          871.09375,
          555.6640625
        ],
        [
          879.8828125,
          556.640625
        ],
        [
          900.390625,
          533.203125
        ],
        [
          926.7578125,
          533.203125
        ],
        [
          947.265625,
          516.6015625
        ],
        [
          971.6796875,
          533.203125
        ],
        [
          941.40625,
          547.8515625
        ],
        [
          931.640625,
          558.59375
        ],
        [
          912.109375,
          566.40625
        ],
        [
          908.203125,
          573.2421875
        ],
        [
          865.234375,
          594.7265625
        ]
      ],
      "land_use": "Residential"
    },
    {
      "id": "P019",
      "area_px": 13099.0,
      "centroid_norm": [
        0.0676883284267883,
        0.4417002102975418
      ],
      "polygon": [
        [
          74.21875,
          553.7109375
        ],
        [
          15.625,
          526.3671875
        ],
        [
          29.296875,
          456.0546875
        ],
        [
          83.0078125,
          309.5703125
        ],
        [
          114.2578125,
          344.7265625
        ]
      ],
      "land_use": "Green"
    },
    {
      "id": "P022",
      "area_px": 1945.0,
      "centroid_norm": [
        0.18909111905526993,
        0.47862859495501286
      ],
      "polygon": [
        [
          190.4296875,
          528.3203125
        ],
        [
          171.875,
          513.671875
        ],
        [
          189.453125,
          428.7109375
        ],
        [
          206.0546875,
          442.3828125
        ]
      ],
      "land_use": "Public"
    },
    {
      "id": "P024",
      "area_px": 1524.0,
      "centroid_norm": [
        0.2998629993028215,
        0.4774974112122703
      ],
      "polygon": [
        [
          326.171875,
          511.71875
        ],
        [
          268.5546875,
          463.8671875
        ],
        [
          273.4375,
          443.359375
        ],
        [
          330.078125,
          490.234375
        ]
      ],
      "land_use": "Public"
    },
    {
      "id": "P025",
      "area_px": 5769.0,
      "centroid_norm": [
        0.14058335770930838,
        0.4339786872724909
      ],
      "polygon": [
        [
          156.25,
          500.9765625
        ],
        [
          108.3984375,
          463.8671875
        ],
        [
          126.953125,
          360.3515625
        ],
        [
          172.8515625,
          413.0859375
        ]
      ],
      "land_use": "Residential"
    }
  ]
}