{
  "site": {
    "width_m": 1000.0,
    "height_m": 1000.0
  },
  "parcels": [
    {
      "id": "P001",
      "area_px": 28446.0,
      "centroid_norm": [
        0.8140504294320818,
        0.6411527612076391
      ],
      "polygon": [
        [
          529.296875,
          939.453125
        ],
        [
          533.203125,
          928.7109375
        ],
        [
          568.359375,
          905.2734375
        ],
        [
          591.796875,
          907.2265625
        ],
        [
          634.765625,
          872.0703125
        ],
        [
          692.3828125,
          810.546875
        ],
        [
          717.7734375,
          775.390625
        ],
        [
          918.9453125,
          430.6640625
        ],
        [
          952.1484375,
          381.8359375
        ],
        [
          957.03125,
          371.09375
        ],
        [
          958.984375,
          354.4921875
        ],
        [
          962.890625,
          375.9765625
        ],
        [
          987.3046875,
          392.578125
        ],
        [
          908.203125,
          544.921875
        ],
        [
          785.15625,
          759.765625
        ],
        [
          616.2109375,
          905.2734375
        ],
        [
          545.8984375,
          945.3125
        ]
      ],
      "land_use": "Commercial"
    },
    {
      "id": "P002",
      "area_px": 53139.0,
      "centroid_norm": [
        0.5462472242609007,
        0.7814582171874707
      ],
      "polygon": [
        [
          419.921875,
          893.5546875
        ],
        [
          413.0859375,
          844.7265625
        ],
        [
          417.96875,
          811.5234375
        ],
        [
          433.59375,
          768.5546875
        ],
        [
          462.890625,
          717.7734375
        ],
        [
          536.1328125,
          636.71875
        ],
        [
          545.8984375,
          637.6953125
        ],
        [
          546.875,
          630.859375
        ],
        [
          551.7578125,
          627.9296875
        ],
        [
          571.2890625,
          635.7421875
        ],
        [
          558.59375,
          670.8984375
        ],
        [
          560.546875,
          679.6875
        ],
        [
          575.1953125,
          682.6171875
        ],
        [
          580.078125,
          666.015625
        ],
        [
          620.1171875,
          682.6171875
        ],
        [
          616.2109375,
          693.359375
        ],
        [
          617.1875,
          702.1484375
        ],
        [
          626.953125,
          703.125
        ],
        [
          631.8359375,
          689.453125
        ],
        [
          634.765625,
          688.4765625
        ],
        [
          674.8046875,
          706.0546875
        ],
        [
          670.8984375,
          722.65625
        ],
        [
          674.8046875,
          725.5859375
        ],
        [
          688.4765625,
          725.5859375
        ],
        [
          699.21875,
          688.4765625
        ],
        [
          730.46875,
          702.1484375
        ],
        [
          696.2890625,
          757.8125
        ],
        [
          655.2734375,
          807.6171875
        ],
        [
          619.140625,
          841.796875
        ],
        [
          556.640625,
          887.6953125
        ],
        [
          493.1640625,
          925.78125
        ],
        [
          450.1953125,
          910.15625
        ],
        [
          449.21875,
          899.4140625
        ],
        [
          443.359375,
          895.5078125
        ]
      ],
      "land_use": "Commercial"
    },
    {
      "id": "P003",
      "area_px": 118200.0,
      "centroid_norm": [
        0.27077871358132405,
        0.6822235221023689
      ],
      "polygon": [
        [
          306.640625,
          889.6484375
        ],
        [
          279.296875,
          888.671875
        ],
        [
          297.8515625,
          860.3515625
        ],
        [
          296.875,
          852.5390625
        ],
        [
          255.859375,
          853.515625
        ],
        [
          230.46875,
          861.328125
        ],
        [
          216.796875,
          862.3046875
        ],
        [
          207.03125,
          870.1171875
        ],
        [
          201.171875,
          871.09375
        ],
        [
          93.75,
          846.6796875
        ],
        [
          31.25,
          826.171875
        ],
        [
          85.9375,
          758.7890625
        ],
        [
          96.6796875,
          710.9375
        ],
        [
          94.7265625,
          679.6875
        ],
        [
          206.0546875,
          610.3515625
        ],
        [
          209.9609375,
          592.7734375
        ],
        [
          199.21875,
          552.734375
        ],
        [
          199.21875,
          545.8984375
        ],
        [
          206.0546875,
          534.1796875
        ],
        [
          205.078125,
          496.09375
        ],
        [
          196.2890625,
          454.1015625
        ],
        [
          210.9375,
          450.1953125
        ],
        [
          213.8671875,
          446.2890625
        ],
        [
          214.84375,
          430.6640625
        ],
        [
          254.8828125,
          428.7109375
        ],
        [
          254.8828125,
          443.359375
        ],
        [
          263.671875,
          443.359375
        ],
        [
          266.6015625,
          432.6171875
        ],
        [
          291.9921875,
          442.3828125
        ],
        [
          413.0859375,
          558.59375
        ],
        [
          437.5,
          576.171875
        ],
        [
          464.84375,
          588.8671875
        ],
        [
          388.671875,
          660.15625
        ],
        [
          388.671875,
          668.9453125
        ],
        [
          394.53125,
          675.78125
        ],
        [
          401.3671875,
          675.78125
        ],
        [
          481.4453125,
          598.6328125
        ],
        [
          509.765625,
          608.3984375
        ],
        [
          506.8359375,
          612.3046875
        ],
        [
          506.8359375,
          624.0234375
        ],
        [
          448.2421875,
          693.359375
        ],
        [
          414.0625,
          741.2109375
        ],
        [
          353.515625,
          859.375
        ],
        [
          331.0546875,
          879.8828125
        ]
      ],
      "land_use": "Residential"
    },
    {
      "id": "P006",
      "area_px": 12973.0,
      "centroid_norm": [
        0.7269164502717181,
        0.6039063102212288
      ],
      "polygon": [
        [
          650.390625,
          632.8125
        ],
        [
          674.8046875,
          558.59375
        ],
        [
          814.453125,
          554.6875
        ],
        [
          746.09375,
          672.8515625
        ],
        [
          733.3984375,
          667.96875
        ],
        [
          730.46875,
          664.0625
        ],
        [
          714.84375,
          660.15625
        ]
      ],
      "land_use": "Public"
    },
    {
      "id": "P016",
      "area_px": 82111.0,
      "centroid_norm": [
        0.36764032167584126,
        0.3147884537584794
      ],