{
  "site": {
    "width_m": 1000.0,
    "height_m": 1000.0
  },
  "parcels": [
    {
      "id": "P002",
      "area_px": 39910.0,
      "centroid_norm": [
        0.46621607601478326,
        0.8112515855988474
      ],
      "polygon": [
        [
          732.421875,
          878.90625
        ],
        [
          725.5859375,
          889.6484375
        ],
        [
          712.890625,
          883.7890625
        ],
        [
          700.1953125,
          884.765625
        ],
        [
          675.78125,
          939.453125
        ],
        [
          677.734375,
          947.265625
        ],
        [
          667.96875,
          968.75
        ],
        [
          617.1875,
          916.9921875
        ],
        [
          568.359375,
          881.8359375
        ],
        [
          504.8828125,
          852.5390625
        ],
        [
          439.453125,
          836.9140625
        ],
        [
          445.3125,
          824.21875
        ],
        [
          445.3125,
          818.359375
        ],
        [
          291.9921875,
          782.2265625
        ],
        [
          214.84375,
          759.765625
        ],
        [
          152.34375,
          725.5859375
        ],
        [
          149.4140625,
          721.6796875
        ],
        [
          171.875,
          710.9375
        ],
        [
          177.734375,
          703.125
        ],
        [
          175.78125,
          688.4765625
        ],
        [
          163.0859375,
          667.96875
        ],
        [
          272.4609375,
          705.078125
        ],
        [
          320.3125,
          739.2578125
        ],
        [
          334.9609375,
          746.09375
        ],
        [
          419.921875,
          772.4609375
        ],
        [
          424.8046875,
          777.34375
        ],
        [
          420.8984375,
          783.203125
        ],
        [
          420.8984375,
          791.015625
        ],
        [
          423.828125,
          792.96875
        ],
        [
          446.2890625,
          794.921875
        ],
        [
          453.125,
          784.1796875
        ],
        [
          463.8671875,
          782.2265625
        ],
        [
          582.03125,
          799.8046875
        ],
        [
          661.1328125,
          829.1015625
        ],
        [
          697.265625,
          850.5859375
        ],
        [
          730.46875,
          874.0234375
        ]
      ],
      "land_use": "Residential"
    },
    {
      "id": "P006",
      "area_px": 4673.0,
      "centroid_norm": [
        0.8199018547373208,
        0.8410489363765248
      ],
      "polygon": [
        [
          832.03125,
          889.6484375
        ],
        [
          778.3203125,
          872.0703125
        ],
        [
          789.0625,
          847.65625
        ],
        [
          829.1015625,
          778.3203125
        ],
        [
          850.5859375,
          792.96875
        ],
        [
          833.984375,
          819.3359375
        ],
        [
          833.984375,
          827.1484375
        ],
        [
          850.5859375,
          836.9140625
        ],
        [
          851.5625,
          841.796875
        ]
      ],
      "land_use": "Commercial"
    },
    {
      "id": "P007",
      "area_px": 62435.0,
      "centroid_norm": [
        0.6975093628623769,
        0.6687949060773204
      ],
      "polygon": [
        [
          743.1640625,
          857.421875
        ],
        [
          703.125,
          830.078125
        ],
        [
          670.8984375,
          812.5
        ],
        [
          595.703125,
          785.15625
        ],
        [
          628.90625,
          719.7265625
        ],
        [
          671.875,
          690.4296875
        ],
        [
          701.171875,
          678.7109375
        ],
        [
          703.125,
          670.8984375
        ],
        [
          679.6875,
          668.9453125
        ],
        [
          664.0625,
          675.78125
        ],
        [
          530.2734375,
          632.8125
        ],
        [
          556.640625,
          581.0546875
        ],
        [
          576.171875,
          549.8046875
        ],
        [
          594.7265625,
          529.296875
        ],
        [
          635.7421875,
          493.1640625
        ],
        [
          844.7265625,
          636.71875
        ],
        [
          851.5625,
          646.484375
        ],
        [
          853.515625,
          653.3203125
        ],
        [
          847.65625,
          667.96875
        ]
      ],
      "land_use": "Commercial"
    },
    {
      "id": "P017",
      "area_px": 11095.0,
      "centroid_norm": [
        0.5558203829146011,
        0.7061237818273998
      ],
      "polygon": [
        [
          583.984375,
          765.625
        ],
        [
          577.1484375,
          763.671875
        ],
        [
          577.1484375,
          755.859375
        ],
        [
          567.3828125,
          753.90625
        ],
        [
          563.4765625,
          758.7890625
        ],
        [
          543.9453125,
          753.90625
        ],
        [
          539.0625,
          743.1640625
        ],
        [
          530.2734375,
          744.140625
        ],
        [
          527.34375,
          750.0
        ],
        [
          508.7890625,
          745.1171875
        ],
        [
          507.8125,
          734.375
        ],
        [
          504.8828125,
          732.421875
        ],
        [
          497.0703125,
          732.421875
        ],
        [
          493.1640625,
          739.2578125
        ],
        [
          481.4453125,
          736.328125
        ],
        [
          481.4453125,
          727.5390625
        ],
        [
          523.4375,
          648.4375
        ],
        [
          538.0859375,
          656.25
        ],
        [
          560.546875,
          659.1796875
        ],
        [
          645.5078125,
          686.5234375
        ],
        [
          613.28125,
          709.9609375
        ]
      ],
      "land_use": "Public"
    },
    {
      "id": "P019",
      "area_px": 46002.0,
      "centroid_norm": [
        0.33123986542025347,
        0.6367681916343311
      ],