{
  "site": {
    "width_m": 1000.0,
    "height_m": 1000.0
  },
  "parcels": [
    {
      "id": "P001",
      "area_px": 2543.0,
      "centroid_norm": [
        0.6032026488153756,
        0.9456707905279198
      ],
      "polygon": [
        [
          641.6015625,
          977.5390625
        ],
        [
          616.2109375,
          994.140625
        ],
        [
          583.0078125,
          928.7109375
        ],
        [
          543.9453125,
          874.0234375
        ],
        [
          578.125,
          902.34375
        ],
        [
          606.4453125,
          930.6640625
        ],
        [
          628.90625,
          957.03125
        ]
      ],
      "land_use": "Green"
    },
    {
      "id": "P006",
      "area_px": 4443.0,
      "centroid_norm": [
        0.6190830379248256,
        0.8465928672912446
      ],
      "polygon": [
        [
          603.515625,
          883.7890625
        ],
        [
          564.453125,
          850.5859375
        ],
        [
          631.8359375,
          807.6171875
        ],
        [
          673.828125,
          845.703125
        ]
      ],
      "land_use": "Commercial"
    },
    {
      "id": "P010",
      "area_px": 5414.0,
      "centroid_norm": [
        0.564132955358792,
        0.7972886050632619
      ],
      "polygon": [
        [
          499.0234375,
          807.6171875
        ],
        [
          508.7890625,
          800.78125
        ],
        [
          522.4609375,
          809.5703125
        ],
        [
          532.2265625,
          808.59375
        ],
        [
          534.1796875,
          799.8046875
        ],
        [
          521.484375,
          791.015625
        ],
        [
          580.078125,
          750.0
        ],
        [
          619.140625,
          795.8984375
        ],
        [
          549.8046875,
          840.8203125
        ]
      ],
      "land_use": "Commercial"
    },
    {
      "id": "P014",
      "area_px": 15535.0,
      "centroid_norm": [
        0.45551683949549404,
        0.7244241204336981
      ],
      "polygon": [
        [
          568.359375,
          738.28125
        ],
        [
          483.3984375,
          797.8515625
        ],
        [
          436.5234375,
          767.578125
        ],
        [
          400.390625,
          734.375
        ],
        [
          348.6328125,
          694.3359375
        ],
        [
          392.578125,
          652.34375
        ],
        [
          518.5546875,
          709.9609375
        ]
      ],
      "land_use": "Residential"
    },
    {
      "id": "P035",
      "area_px": 5046.0,
      "centroid_norm": [
        0.36450069516696393,
        0.6054203669986127
      ],
      "polygon": [
        [
          306.640625,
          635.7421875
        ],
        [
          376.953125,
          557.6171875
        ],
        [
          422.8515625,
          578.125
        ],
        [
          422.8515625,
          581.0546875
        ],
        [
          392.578125,
          611.328125
        ],
        [
          380.859375,
          606.4453125
        ],
        [
          373.046875,
          606.4453125
        ],
        [
          369.140625,
          610.3515625
        ],
        [
          369.140625,
          616.2109375
        ],
        [
          380.859375,
          622.0703125
        ],
        [
          350.5859375,
          652.34375
        ],
        [
          342.7734375,
          652.34375
        ]
      ],
      "land_use": "Public"
    },
    {
      "id": "P039",
      "area_px": 2574.0,
      "centroid_norm": [
        0.6933533046814296,
        0.5940349255778943
      ],
      "polygon": [
        [
          719.7265625,
          638.671875
        ],
        [
          658.203125,
          586.9140625
        ],
        [
          693.359375,
          550.78125
        ],
        [
          724.609375,
          633.7890625
        ]
      ],
      "land_use": "Residential"
    },
    {
      "id": "P043",
      "area_px": 18454.0,
      "centroid_norm": [
        0.24637914078587297,
        0.5003763581066436
      ],
      "polygon": [
        [
          255.859375,
          613.28125
        ],
        [
          246.09375,
          608.3984375
        ],
        [
          244.140625,
          595.703125
        ],
        [
          233.3984375,
          596.6796875
        ],
        [
          231.4453125,
          601.5625
        ],
        [
          218.75,
          596.6796875
        ],
        [
          234.375,
          580.078125
        ],
        [
          231.4453125,
          569.3359375
        ],
        [
          223.6328125,
          569.3359375
        ],
        [
          204.1015625,
          588.8671875
        ],
        [
          191.40625,
          583.984375
        ],
        [
          224.609375,
          551.7578125
        ],
        [
          224.609375,
          542.96875
        ],
        [
          220.703125,
          539.0625
        ],
        [
          210.9375,
          541.015625
        ],
        [
          188.4765625,
          563.4765625
        ],
        [
          170.8984375,
          551.7578125
        ],
        [
          166.9921875,
          526.3671875
        ],
        [
          197.265625,
          475.5859375
        ],
        [
          280.2734375,
          361.328125
        ],
        [
          323.2421875,
          382.8125
        ],
        [
          317.3828125,
          388.671875
        ],
        [
          298.828125,
          380.859375
        ],
        [
          287.109375,
          382.8125
        ],
        [
          290.0390625,
          391.6015625
        ],
        [
          306.640625,
          399.4140625
        ],
        [
          296.875,
          412.109375
        ],
        [
          287.109375,
          432.6171875
        ],
        [
          274.4140625,
          433.59375
        ],
        [
          274.4140625,
          445.3125
        ],
        [
          281.25,
          448.2421875
        ],
        [
          274.4140625,
          463.8671875
        ],
        [
          273.4375,
          480.46875
        ],
        [
          260.7421875,
          492.1875
        ],
        [
          257.8125,
          506.8359375
        ],
        [
          259.765625,
          509.765625
        ],
        [
          267.578125,
          509.765625
        ],
        [
          279.296875,
          497.0703125
        ],
        [
          286.1328125,
          507.8125
        ],
        [
          276.3671875,
          517.578125
        ],
        [
          266.6015625,
          512.6953125
        ],
        [
          255.859375,
          513.671875
        ],
        [
          255.859375,
          521.484375
        ],
        [
          266.6015625,
          527.34375
        ],
        [
          258.7890625,
          535.15625
        ],
        [
          258.7890625,
          541.9921875
        ],
        [
          261.71875,
          544.921875
        ],
        [
          270.5078125,
          544.921875
        ],
        [
          296.875,
          518.5546875
        ],
        [
          308.59375,
          525.390625
        ],
        [
          281.25,
          551.7578125
        ],
        [
          281.25,
          561.5234375
        ],
        [
          290.0390625,
          563.4765625
        ],
        [
          322.265625,
          533.203125
        ],
        [
          335.9375,
          539.0625
        ],
        [
          260.7421875,
          612.3046875
        ]
      ],
      "land_use": "Green"
    },
    {
      "id": "P051",
      "area_px": 2572.0,
      "centroid_norm": [
        0.5933194316193624,
        0.5247922336702955
      ],