{
  "site": {
    "width_m": 1000.0,
    "height_m": 1000.0
  },
  "parcels": [
    {
      "id": "P001",
      "area_px": 300191.0,
      "centroid_norm": [
        0.5249604138750412,
        0.5086442816302787
      ],
      "polygon": [
        [
          592.7734375,
          818.359375
        ],
        [
          79.1015625,
          625.9765625
        ],
        [
          58.59375,
          579.1015625
        ],
        [
          87.890625,
          547.8515625
        ],
        [
          88.8671875,
          537.109375
        ],
        [
          82.03125,
          519.53125
        ],
        [
          123.046875,
          502.9296875
        ],
        [
          141.6015625,
          490.234375
        ],
        [
          167.96875,
          478.515625
        ],
        [
          173.828125,
          470.703125
        ],
        [
          195.3125,
          461.9140625
        ],
        [
          200.1953125,
          454.1015625
        ],
        [
          208.0078125,
          452.1484375
        ],
        [
          332.03125,
          379.8828125
        ],
        [
          481.4453125,
          250.9765625
        ],
        [
          519.53125,
          184.5703125
        ],
        [
          734.375,
          269.53125
        ],
        [
          732.421875,
          284.1796875
        ],
        [
          723.6328125,
          303.7109375
        ],
        [
          725.5859375,
          314.453125
        ],
        [
          735.3515625,
          312.5
        ],
        [
          747.0703125,
          274.4140625
        ],
        [
          787.109375,
          291.9921875
        ],
        [
          935.546875,
          346.6796875
        ],
        [
          909.1796875,
          403.3203125
        ],
        [
          909.1796875,
          411.1328125
        ],
        [
          904.296875,
          414.0625
        ],
        [
          897.4609375,
          427.734375
        ],
        [
          896.484375,
          438.4765625
        ],
        [
          890.625,
          442.3828125
        ],
        [
          833.984375,
          566.40625
        ],
        [
          802.734375,
          618.1640625
        ],
        [
          803.7109375,
          632.8125
        ],
        [
          794.921875,
          652.34375
        ],
        [
          786.1328125,
          651.3671875
        ],
        [
          768.5546875,
          674.8046875
        ],
        [
          757.8125,
          677.734375
        ],
        [
          703.125,
          628.90625
        ],
        [
          548.828125,
          538.0859375
        ],
        [
          353.515625,
          416.9921875
        ],
        [
          346.6796875,
          416.9921875
        ],
        [
          316.40625,
          443.359375
        ],
        [
          316.40625,
          450.1953125
        ],
        [
          320.3125,
          455.078125
        ],
        [
          456.0546875,
          538.0859375
        ],
        [
          461.9140625,
          538.0859375
        ],
        [
          515.625,
          570.3125
        ],
        [
          522.4609375,
          578.125
        ],
        [
          666.9921875,
          664.0625
        ],
        [
          698.2421875,
          685.546875
        ],
        [
          708.0078125,
          712.890625
        ],
        [
          711.9140625,
          753.90625
        ],
        [
          686.5234375,
          789.0625
        ],
        [
          683.59375,
          790.0390625
        ],
        [
          642.578125,
          760.7421875
        ],
        [
          635.7421875,
          760.7421875
        ]
      ],
      "land_use": "Commercial"
    }
  ]
}