{
  "site": {
    "width_m": 1000.0,
    "height_m": 1000.0
  },
  "parcels": [
    {
      "id": "P002",
      "area_px": 9530.0,
      "centroid_norm": [
        0.5566541513641133,
        0.9074331469700945
      ],
      "polygon": [
        [
          488.28125,
          953.125
        ],
        [
          558.59375,
          839.84375
        ],
        [
          613.28125,
          853.515625
        ],
        [
          605.46875,
          886.71875
        ],
        [
          587.890625,
          928.7109375
        ],
        [
          566.40625,
          969.7265625
        ]
      ],
      "land_use": "Green"
    },
    {
      "id": "P005",
      "area_px": 37111.0,
      "centroid_norm": [
        0.37171182819783893,
        0.857731308818477
      ],
      "polygon": [
        [
          536.1328125,
          834.9609375
        ],
        [
          465.8203125,
          948.2421875
        ],
        [
          388.671875,
          930.6640625
        ],
        [
          376.953125,
          930.6640625
        ],
        [
          373.046875,
          936.5234375
        ],
        [
          236.328125,
          881.8359375
        ],
        [
          239.2578125,
          875.0
        ],
        [
          239.2578125,
          868.1640625
        ],
        [
          223.6328125,
          865.234375
        ],
        [
          217.7734375,
          874.0234375
        ],
        [
          209.9609375,
          872.0703125
        ],
        [
          270.5078125,
          765.625
        ],
        [
          521.484375,
          829.1015625
        ]
      ],
      "land_use": "Green"
    },
    {
      "id": "P006",
      "area_px": 4390.0,
      "centroid_norm": [
        0.6253209976509112,
        0.7773524256121868
      ],
      "polygon": [
        [
          577.1484375,
          825.1953125
        ],
        [
          577.1484375,
          819.3359375
        ],
        [
          670.8984375,
          686.5234375
        ],
        [
          678.7109375,
          679.6875
        ],
        [
          620.1171875,
          835.9375
        ]
      ],
      "land_use": "Public"
    },
    {
      "id": "P007",
      "area_px": 7477.0,
      "centroid_norm": [
        0.49236421379731177,
        0.7777845549267755
      ],
      "polygon": [
        [
          583.0078125,
          763.671875
        ],
        [
          550.78125,
          809.5703125
        ],
        [
          544.921875,
          812.5
        ],
        [
          544.921875,
          816.40625
        ],
        [
          382.8125,
          774.4140625
        ],
        [
          392.578125,
          756.8359375
        ],
        [
          438.4765625,
          768.5546875
        ],
        [
          449.21875,
          768.5546875
        ],
        [
          464.84375,
          748.046875
        ],
        [
          537.109375,
          750.9765625
        ],
        [
          530.2734375,
          761.71875
        ],
        [
          515.625,
          767.578125
        ],
        [
          515.625,
          777.34375
        ],
        [
          524.4140625,
          782.2265625
        ],
        [
          540.0390625,
          780.2734375
        ],
        [
          556.640625,
          757.8125
        ]
      ],
      "land_use": "Public"
    },
    {
      "id": "P008",
      "area_px": 15023.0,
      "centroid_norm": [
        0.41620069279188576,
        0.6260812847384012
      ],
      "polygon": [
        [
          281.25,
          749.0234375
        ],
        [
          328.125,
          662.109375
        ],
        [
          360.3515625,
          631.8359375
        ],
        [
          415.0390625,
          588.8671875
        ],
        [
          449.21875,
          552.734375
        ],
        [
          458.0078125,
          551.7578125
        ],
        [
          459.9609375,
          541.9921875
        ],
        [
          480.46875,
          520.5078125
        ],
        [
          534.1796875,
          539.0625
        ],
        [
          445.3125,
          657.2265625
        ],
        [
          439.453125,
          658.203125
        ],
        [
          394.53125,
          645.5078125
        ],
        [
          374.0234375,
          648.4375
        ],
        [
          320.3125,
          716.796875
        ],
        [
          308.59375,
          726.5625
        ],
        [
          309.5703125,
          735.3515625
        ],
        [
          365.234375,
          749.0234375
        ],
        [
          352.5390625,
          766.6015625
        ]
      ],
      "land_use": "Residential"
    },
    {
      "id": "P010",
      "area_px": 6614.0,
      "centroid_norm": [
        0.511971085245313,
        0.7139510531637436
      ],
      "polygon": [
        [
          613.28125,
          722.65625
        ],
        [
          594.7265625,
          747.0703125
        ],
        [
          539.0625,
          731.4453125
        ],
        [
          465.8203125,
          729.4921875
        ],
        [
          421.875,
          716.796875
        ],
        [
          451.171875,
          679.6875
        ],
        [
          458.0078125,
          678.7109375
        ]
      ],
      "land_use": "Commercial"
    },
    {
      "id": "P012",
      "area_px": 2288.0,
      "centroid_norm": [
        0.39401223776223776,
        0.685913939576049
      ],
      "polygon": [
        [
          356.4453125,
          700.1953125
        ],
        [
          386.71875,
          661.1328125
        ],
        [
          395.5078125,
          661.1328125
        ],
        [
          430.6640625,
          671.875
        ],
        [
          399.4140625,
          711.9140625
        ]
      ],
      "land_use": "Public"
    },
    {
      "id": "P014",
      "area_px": 11412.0,
      "centroid_norm": [
        0.5710094945287855,
        0.6429568724259551
      ],
      "polygon": [
        [
          668.9453125,
          643.5546875
        ],
        [
          632.8125,
          693.359375
        ],
        [
          473.6328125,
          650.390625
        ],
        [
          522.4609375,
          589.84375
        ],
        [
          582.03125,
          605.46875
        ],
        [
          625.9765625,
          631.8359375
        ]
      ],
      "land_use": "Commercial"
    },
    {
      "id": "P015",
      "area_px": 72312.0,
      "centroid_norm": [
        0.6365772462125927,
        0.3589021817998742
      ],