{
  "site": {
    "width_m": 1000.0,
    "height_m": 1000.0
  },
  "parcels": [
    {
      "id": "P001",
      "area_px": 7047.0,
      "centroid_norm": [
        0.3403495614268483,
        0.9027827666028096
      ],
      "polygon": [
        [
          265.625,
          970.703125
        ],
        [
          437.5,
          760.7421875
        ],
        [
          442.3828125,
          759.765625
        ],
        [
          304.6875,
          993.1640625
        ]
      ],
      "land_use": "Green"
    },
    {
      "id": "P002",
      "area_px": 45119.0,
      "centroid_norm": [
        0.350623598324708,
        0.7521861459418426
      ],
      "polygon": [
        [
          219.7265625,
          941.40625
        ],
        [
          257.8125,
          826.171875
        ],
        [
          321.2890625,
          598.6328125
        ],
        [
          392.578125,
          625.0
        ],
        [
          406.25,
          625.0
        ],
        [
          452.1484375,
          647.4609375
        ],
        [
          464.84375,
          648.4375
        ],
        [
          473.6328125,
          645.5078125
        ],
        [
          508.7890625,
          663.0859375
        ],
        [
          465.8203125,
          750.0
        ],
        [
          430.6640625,
          744.140625
        ],
        [
          251.953125,
          960.9375
        ]
      ],
      "land_use": "Commercial"
    },
    {
      "id": "P004",
      "area_px": 2234.0,
      "centroid_norm": [
        0.4140865424966428,
        0.5763362382497762
      ],
      "polygon": [
        [
          505.859375,
          601.5625
        ],
        [
          489.2578125,
          601.5625
        ],
        [
          485.3515625,
          608.3984375
        ],
        [
          427.734375,
          585.9375
        ],
        [
          333.0078125,
          557.6171875
        ],
        [
          333.984375,
          550.78125
        ],
        [
          338.8671875,
          550.78125
        ],
        [
          342.7734375,
          546.875
        ]
      ],
      "land_use": "Public"
    },
    {
      "id": "P005",
      "area_px": 72554.0,
      "centroid_norm": [
        0.5099079624098947,
        0.4264991958575681
      ],
      "polygon": [
        [
          351.5625,
          532.2265625
        ],
        [
          355.46875,
          526.3671875
        ],
        [
          355.46875,
          518.5546875
        ],
        [
          351.5625,
          511.71875
        ],
        [
          416.9921875,
          289.0625
        ],
        [
          566.40625,
          300.78125
        ],
        [
          705.078125,
          331.0546875
        ],
        [
          579.1015625,
          537.109375
        ],
        [
          537.109375,
          583.984375
        ],
        [
          529.296875,
          587.890625
        ],
        [
          516.6015625,
          587.890625
        ],
        [
          425.78125,
          554.6875
        ]
      ],
      "land_use": "Commercial"
    },
    {
      "id": "P006",
      "area_px": 31970.0,
      "centroid_norm": [
        0.6072464175398812,
        0.23212001730137632
      ],
      "polygon": [
        [
          788.0859375,
          202.1484375
        ],
        [
          723.6328125,
          301.7578125
        ],
        [
          578.125,
          270.5078125
        ],
        [
          410.15625,
          254.8828125
        ],
        [
          404.296875,
          249.0234375
        ],
        [
          422.8515625,
          202.1484375
        ],
        [
          430.6640625,
          197.265625
        ],
        [
          680.6640625,
          181.640625
        ],
        [
          747.0703125,
          189.453125
        ]
      ],
      "land_use": "Residential"
    },
    {
      "id": "P007",
      "area_px": 29044.0,
      "centroid_norm": [
        0.26692935852714844,
        0.17471672828295004
      ],
      "polygon": [
        [
          385.7421875,
          198.2421875
        ],
        [
          369.140625,
          240.234375
        ],
        [
          357.421875,
          248.046875
        ],
        [
          180.6640625,
          232.421875
        ],
        [
          148.4375,
          232.421875
        ],
        [
          161.1328125,
          176.7578125
        ],
        [
          185.546875,
          132.8125
        ],
        [
          207.03125,
          109.375
        ],
        [
          229.4921875,
          91.796875
        ],
        [
          273.4375,
          71.2890625
        ],
        [
          382.8125,
          184.5703125
        ]
      ],
      "land_use": "Residential"
    },
    {
      "id": "P008",
      "area_px": 23963.0,
      "centroid_norm": [
        0.7372945400200309,
        0.10186533503474104
      ],
      "polygon": [
        [
          801.7578125,
          184.5703125
        ],
        [
          755.859375,
          169.921875
        ],
        [
          711.9140625,
          163.0859375
        ],
        [
          670.8984375,
          162.109375
        ],
        [
          661.1328125,
          156.25
        ],
        [
          651.3671875,
          18.5546875
        ],
        [
          659.1796875,
          11.71875
        ],
        [
          683.59375,
          10.7421875
        ],
        [
          705.078125,
          18.5546875
        ],
        [
          798.828125,
          69.3359375
        ],
        [
          853.515625,
          113.28125
        ]
      ],
      "land_use": "Green"
    },
    {
      "id": "P009",
      "area_px": 37566.0,
      "centroid_norm": [
        0.49825627208612844,
        0.10000001559754834
      ],
      "polygon": [
        [
          314.453125,
          65.4296875
        ],
        [
          318.359375,
          61.5234375
        ],
        [
          617.1875,
          20.5078125
        ],
        [
          624.0234375,
          25.390625
        ],
        [
          633.7890625,
          156.25
        ],
        [
          625.0,
          163.0859375
        ],
        [
          424.8046875,
          174.8046875
        ],
        [
          413.0859375,
          169.921875
        ]
      ],
      "land_use": "Residential"
    }
  ]
}