{
  "site": {
    "width_m": 1000.0,
    "height_m": 1000.0
  },
  "parcels": [
    {
      "id": "P001",
      "area_px": 236444.0,
      "centroid_norm": [
        0.46201839564151553,
        0.5491538206787336
      ],
      "polygon": [
        [
          63.4765625,
          750.0
        ],
        [
          106.4453125,
          686.5234375
        ],
        [
          110.3515625,
          670.8984375
        ],
        [
          108.3984375,
          626.953125
        ],
        [
          120.1171875,
          587.890625
        ],
        [
          120.1171875,
          568.359375
        ],
        [
          128.90625,
          564.453125
        ],
        [
          176.7578125,
          506.8359375
        ],
        [
          204.1015625,
          523.4375
        ],
        [
          213.8671875,
          523.4375
        ],
        [
          246.09375,
          506.8359375
        ],
        [
          265.625,
          474.609375
        ],
        [
          303.7109375,
          456.0546875
        ],
        [
          318.359375,
          445.3125
        ],
        [
          359.375,
          434.5703125
        ],
        [
          370.1171875,
          424.8046875
        ],
        [
          384.765625,
          418.9453125
        ],
        [
          387.6953125,
          412.109375
        ],
        [
          391.6015625,
          412.109375
        ],
        [
          416.015625,
          387.6953125
        ],
        [
          418.9453125,
          373.046875
        ],
        [
          440.4296875,
          355.46875
        ],
        [
          472.65625,
          354.4921875
        ],
        [
          545.8984375,
          366.2109375
        ],
        [
          558.59375,
          376.953125
        ],
        [
          589.84375,
          375.9765625
        ],
        [
          601.5625,
          369.140625
        ],
        [
          614.2578125,
          368.1640625
        ],
        [
          624.0234375,
          359.375
        ],
        [
          633.7890625,
          360.3515625
        ],
        [
          645.5078125,
          351.5625
        ],
        [
          666.015625,
          344.7265625
        ],
        [
          709.9609375,
          290.0390625
        ],
        [
          732.421875,
          275.390625
        ],
        [
          748.046875,
          268.5546875
        ],
        [
          765.625,
          274.4140625
        ],
        [
          789.0625,
          269.53125
        ],
        [
          810.546875,
          226.5625
        ],
        [
          822.265625,
          219.7265625
        ],
        [
          835.9375,
          217.7734375
        ],
        [
          846.6796875,
          198.2421875
        ],
        [
          872.0703125,
          181.640625
        ],
        [
          876.953125,
          157.2265625
        ],
        [
          894.53125,
          150.390625
        ],
        [
          928.7109375,
          144.53125
        ],
        [
          960.9375,
          143.5546875
        ],
        [
          979.4921875,
          135.7421875
        ],
        [
          988.28125,
          238.28125
        ],
        [
          983.3984375,
          244.140625
        ],
        [
          956.0546875,
          248.046875
        ],
        [
          935.546875,
          256.8359375
        ],
        [
          914.0625,
          271.484375
        ],
        [
          888.671875,
          298.828125
        ],
        [
          888.671875,
          303.7109375
        ],
        [
          816.40625,
          408.203125
        ],
        [
          810.546875,
          413.0859375
        ],
        [
          803.7109375,
          410.15625
        ],
        [
          792.96875,
          411.1328125
        ],
        [
          792.96875,
          421.875
        ],
        [
          799.8046875,
          424.8046875
        ],
        [
          768.5546875,
          466.796875
        ],
        [
          758.7890625,
          472.65625
        ],
        [
          712.890625,
          534.1796875
        ],
        [
          701.171875,
          539.0625
        ],
        [
          690.4296875,
          536.1328125
        ],
        [
          647.4609375,
          481.4453125
        ],
        [
          627.9296875,
          470.703125
        ],
        [
          612.3046875,
          470.703125
        ],
        [
          568.359375,
          482.421875
        ],
        [
          519.53125,
          509.765625
        ],
        [
          505.859375,
          494.140625
        ],
        [
          493.1640625,
          494.140625
        ],
        [
          490.234375,
          497.0703125
        ],
        [
          490.234375,
          509.765625
        ],
        [
          497.0703125,
          522.4609375
        ],
        [
          489.2578125,
          560.546875
        ],
        [
          494.140625,
          620.1171875
        ],
        [
          488.28125,
          666.9921875
        ],
        [
          489.2578125,
          766.6015625
        ],
        [
          498.046875,
          812.5
        ],
        [
          495.1171875,
          831.0546875
        ],
        [
          484.375,
          862.3046875
        ],
        [
          431.640625,
          866.2109375
        ],
        [
          429.6875,
          860.3515625
        ],
        [
          355.46875,
          859.375
        ],
        [
          318.359375,
          865.234375
        ],
        [
          283.203125,
          861.328125
        ],
        [
          252.9296875,
          851.5625
        ],
        [
          190.4296875,
          821.2890625
        ]
      ],
      "land_use": "Commercial"
    },
    {
      "id": "P002",
      "area_px": 3443.0,
      "centroid_norm": [
        0.5626216803115016,
        0.8380375490124892
      ],
      "polygon": [
        [
          513.671875,
          859.375
        ],
        [
          521.484375,
          837.890625
        ],
        [
          523.4375,
          818.359375
        ],
        [
          527.34375,
          813.4765625
        ],
        [
          562.5,
          813.4765625
        ],
        [
          608.3984375,
          843.75
        ],
        [
          666.9921875,
          843.75
        ],
        [
          668.9453125,
          846.6796875
        ]
      ],
      "land_use": "Public"
    },
    {
      "id": "P007",
      "area_px": 148534.0,
      "centroid_norm": [
        0.7707254802036065,
        0.6071930698000962
      ],