{
  "site": {
    "width_m": 1000.0,
    "height_m": 1000.0
  },
  "parcels": [
    {
      "id": "P001",
      "area_px": 184430.0,
      "centroid_norm": [
        0.4002877319647021,
        0.5035564338011034
      ],
      "polygon": [
        [
          791.015625,
          729.4921875
        ],
        [
          789.0625,
          717.7734375
        ],
        [
          780.2734375,
          719.7265625
        ],
        [
          779.296875,
          745.1171875
        ],
        [
          779.296875,
          714.84375
        ],
        [
          777.34375,
          711.9140625
        ],
        [
          769.53125,
          711.9140625
        ],
        [
          768.5546875,
          744.140625
        ],
        [
          748.046875,
          737.3046875
        ],
        [
          730.46875,
          738.28125
        ],
        [
          694.3359375,
          685.546875
        ],
        [
          676.7578125,
          666.9921875
        ],
        [
          673.828125,
          656.25
        ],
        [
          658.203125,
          650.390625
        ],
        [
          652.34375,
          643.5546875
        ],
        [
          636.71875,
          636.71875
        ],
        [
          639.6484375,
          605.46875
        ],
        [
          632.8125,
          603.515625
        ],
        [
          624.0234375,
          605.46875
        ],
        [
          621.09375,
          625.9765625
        ],
        [
          599.609375,
          615.234375
        ],
        [
          592.7734375,
          615.234375
        ],
        [
          589.84375,
          618.1640625
        ],
        [
          589.84375,
          627.9296875
        ],
        [
          622.0703125,
          645.5078125
        ],
        [
          642.578125,
          662.109375
        ],
        [
          662.109375,
          669.921875
        ],
        [
          664.0625,
          672.8515625
        ],
        [
          658.203125,
          691.40625
        ],
        [
          658.203125,
          701.171875
        ],
        [
          662.109375,
          703.125
        ],
        [
          663.0859375,
          711.9140625
        ],
        [
          670.8984375,
          710.9375
        ],
        [
          668.9453125,
          698.2421875
        ],
        [
          672.8515625,
          683.59375
        ],
        [
          679.6875,
          689.453125
        ],
        [
          678.7109375,
          701.171875
        ],
        [
          688.4765625,
          702.1484375
        ],
        [
          691.40625,
          706.0546875
        ],
        [
          683.59375,
          724.609375
        ],
        [
          674.8046875,
          717.7734375
        ],
        [
          664.0625,
          718.75
        ],
        [
          664.0625,
          728.515625
        ],
        [
          673.828125,
          734.375
        ],
        [
          665.0390625,
          735.3515625
        ],
        [
          665.0390625,
          744.140625
        ],
        [
          669.921875,
          748.046875
        ],
        [
          664.0625,
          750.9765625
        ],
        [
          657.2265625,
          746.09375
        ],
        [
          651.3671875,
          736.328125
        ],
        [
          625.9765625,
          742.1875
        ],
        [
          605.46875,
          743.1640625
        ],
        [
          589.84375,
          750.9765625
        ],
        [
          578.125,
          746.09375
        ],
        [
          565.4296875,
          745.1171875
        ],
        [
          545.8984375,
          734.375
        ],
        [
          520.5078125,
          729.4921875
        ],
        [
          488.28125,
          700.1953125
        ],
        [
          464.84375,
          665.0390625
        ],
        [
          455.078125,
          659.1796875
        ],
        [
          449.21875,
          659.1796875
        ],
        [
          439.453125,
          666.015625
        ],
        [
          420.8984375,
          658.203125
        ],
        [
          400.390625,
          643.5546875
        ],
        [
          398.4375,
          639.6484375
        ],
        [
          407.2265625,
          624.0234375
        ],
        [
          407.2265625,
          617.1875
        ],
        [
          384.765625,
          600.5859375
        ],
        [
          376.953125,
          598.6328125
        ],
        [
          377.9296875,
          589.84375
        ],
        [
          361.328125,
          577.1484375
        ],
        [
          345.703125,
          573.2421875
        ],
        [
          329.1015625,
          558.59375
        ],
        [
          320.3125,
          554.6875
        ],
        [
          299.8046875,
          557.6171875
        ],
        [
          277.34375,
          549.8046875
        ],
        [
          268.5546875,
          549.8046875
        ],
        [
          253.90625,
          555.6640625
        ],
        [
          242.1875,
          565.4296875
        ],
        [
          230.46875,
          565.4296875
        ],
        [
          194.3359375,
          550.78125
        ],
        [
          181.640625,
          550.78125
        ],
        [
          158.203125,
          560.546875
        ],
        [
          146.484375,
          569.3359375
        ],
        [
          124.0234375,
          574.21875
        ],
        [
          104.4921875,
          583.984375
        ],
        [
          80.078125,
          602.5390625
        ],
        [
          53.7109375,
          612.3046875
        ],
        [
          49.8046875,
          601.5625
        ],
        [
          40.0390625,
          592.7734375
        ],
        [
          36.1328125,
          580.078125
        ],
        [
          35.15625,
          554.6875
        ],
        [
          29.296875,
          539.0625
        ],
        [
          28.3203125,
          511.71875
        ],
        [
          24.4140625,
          502.9296875
        ],
        [
          20.5078125,
          473.6328125
        ],
        [
          44.921875,
          463.8671875
        ],
        [
          57.6171875,
          452.1484375
        ],
        [
          85.9375,
          435.546875
        ],
        [
          105.46875,
          418.9453125
        ],
        [
          112.3046875,
          403.3203125
        ],
        [
          136.71875,
          405.2734375
        ],
        [
          147.4609375,
          386.71875
        ],
        [
          149.4140625,
          366.2109375
        ],
        [
          186.5234375,
          360.3515625
        ],
        [
          199.21875,
          348.6328125
        ],
        [
          245.1171875,
          324.21875
        ],
        [
          262.6953125,
          300.78125
        ],
        [
          290.0390625,
          283.203125
        ],
        [
          304.6875,
          256.8359375
        ],
        [
          314.453125,
          249.0234375
        ],
        [
          339.84375,
          269.53125
        ],
        [
          366.2109375,
          282.2265625
        ],
        [
          389.6484375,
          298.828125
        ],
        [
          412.109375,
          302.734375
        ],
        [
          422.8515625,
          310.546875
        ],
        [
          425.78125,
          319.3359375
        ],
        [
          442.3828125,
          324.21875
        ],
        [
          458.0078125,
          344.7265625
        ],
        [
          477.5390625,
          353.515625
        ],
        [
          488.28125,
          366.2109375
        ],
        [
